mean,tir_70_180,tbr_lt70,tbr_lt54,tar_gt180,tar_gt250,cv,lbgi,hbgi,gmi,night_tbr_lt70,night_tbr_lt54,alerts_per_day,rescue_carbs_per_day,bolus_u_per_day,arm,patient,seed
127.30601715519165,91.36904761904762,0.0,0.0,8.630952380952381,0.0,24.695695817343143,0.4176102673867414,1.9094438314439455,6.355159930352185,0.0,0.0,0.0,21.428571428571427,20.357142857142858,A_standard,adolescent#001,2026
183.24476149712223,48.769841269841265,1.746031746031746,0.3869047619047619,49.48412698412699,14.712301587301587,34.922409818311635,0.44288835298180057,10.666901121668566,7.693214695011164,2.891156462585034,1.3265306122448979,0.0,21.428571428571427,43.642857142857146,A_standard,adolescent#002,2026
145.31869730985872,75.79365079365078,2.609126984126984,0.6150793650793651,21.59722222222222,2.123015873015873,32.64330285007855,0.7271660997443367,4.530410877389079,6.78602323965182,5.884353741496598,2.1088435374149657,0.0,23.571428571428573,7.214285714285714,A_standard,adolescent#003,2026
140.78315796355292,76.12103174603175,2.7777777777777777,0.0,21.101190476190474,2.797619047619048,34.50103740023102,0.9172811616212153,4.270842288977625,6.677533138488187,8.775510204081632,0.0,0.0,25.714285714285715,15.571428571428571,A_standard,adolescent#004,2026
161.30788367869394,59.84126984126984,2.9365079365079363,0.248015873015873,37.22222222222222,9.196428571428573,37.336449023370456,0.7797928957430953,7.476026731269898,7.168484577594359,7.210884353741497,0.8503401360544218,0.0,27.857142857142858,20.857142857142858,A_standard,adolescent#005,2026
154.14447155887578,80.87301587301587,0.0,0.0,19.126984126984127,4.732142857142857,29.74987804039648,0.1274182349979695,5.127002807499799,6.997135759688309,0.0,0.0,0.0,2.142857142857143,31.071428571428573,A_standard,adolescent#006,2026
180.2245900457462,52.867063492063494,1.8253968253968256,0.9027777777777777,45.307539682539684,17.688492063492063,39.239228902643106,0.5610393507136163,10.67315714771755,7.620972193894248,4.8979591836734695,3.0952380952380953,0.0,15.0,33.714285714285715,A_standard,adolescent#007,2026
168.87687661773134,59.375,3.0257936507936507,1.3095238095238095,37.59920634920635,12.628968253968253,39.53525189007289,0.8401967172163812,8.742212261805715,7.349534888696134,7.278911564625851,4.489795918367347,0.0,23.571428571428573,68.14285714285714,A_standard,adolescent#008,2026
157.22770135815043,70.24801587301587,0.21825396825396826,0.0,29.533730158730158,1.2103174603174605,26.83508648246492,0.21046173678586444,5.575652647278096,7.070886616486958,0.7482993197278911,0.0,0.0,8.571428571428571,9.214285714285714,A_standard,adolescent#009,2026
167.1631266067456,55.545634920634924,0.08928571428571429,0.0,44.36507936507936,5.01984126984127,29.693142649562603,0.1586339661037033,7.465195863965424,7.308541988433355,0.0,0.0,0.0,4.285714285714286,16.071428571428573,A_standard,adolescent#010,2026
139.16784353018062,85.37698412698413,1.4285714285714286,0.0,13.194444444444445,0.0,26.40348838960998,0.6565228602550593,3.2052825741609006,6.638894817241921,4.8979591836734695,0.0,0.0,17.142857142857142,23.642857142857142,A_standard,adult#001,2026
129.1561381240161,91.20039682539682,2.073412698412698,0.0,6.726190476190476,0.0,26.04897885553617,0.6952389696751313,2.1365297447864746,6.399414823926465,5.0,0.0,0.0,6.428571428571429,23.285714285714285,A_standard,adult#002,2026
145.9542584525477,85.33730158730158,0.9126984126984128,0.0,13.750000000000002,0.3869047619047619,23.682104319786575,0.2753933868231962,3.699149373404615,6.801225862184941,2.414965986394558,0.0,0.0,12.857142857142858,27.285714285714285,A_standard,adult#003,2026
111.75414740869127,84.61309523809524,8.65079365079365,0.01984126984126984,6.736111111111111,1.6964285714285714,37.18438797061461,2.1389948859212837,1.7159746488520553,5.983159206015895,11.190476190476192,0.0,0.0,64.28571428571429,21.285714285714285,A_standard,adult#004,2026
129.09369643934903,93.62103174603175,1.7261904761904763,0.0,4.652777777777778,0.0,21.95960790521408,0.48117906202786104,1.7795976904466981,6.397921218829229,3.9115646258503403,0.0,0.0,10.714285714285714,56.714285714285715,A_standard,adult#005,2026
130.89240131220757,82.59920634920634,7.251984126984127,1.1706349206349207,10.148809523809524,1.9246031746031746,33.964267161257325,1.4867049817185427,2.9249713605208187,6.440946239388005,21.360544217687075,4.013605442176871,0.0,70.71428571428571,31.071428571428573,A_standard,adult#006,2026
104.76535529020711,87.06349206349206,11.755952380952381,1.398809523809524,1.1805555555555556,0.0,28.237126140172542,2.661074808690121,0.6402092322190907,5.815987298541755,25.442176870748302,4.795918367346939,0.0,79.28571428571429,13.428571428571429,A_standard,adult#007,2026
128.83562652835673,97.77777777777777,0.0,0.0,2.2222222222222223,0.0,19.8506940609003,0.3300993308683021,1.5825407140103553,6.391748186558293,0.0,0.0,0.0,2.142857142857143,18.071428571428573,A_standard,adult#008,2026
161.19280835981888,65.74404761904762,1.2599206349206349,0.0992063492063492,32.99603174603175,3.9880952380952377,28.50304543403511,0.37486925652950587,6.357205666270561,7.165731975966867,1.3265306122448979,0.0,0.0,17.142857142857142,46.42857142857143,A_standard,adult#009,2026
134.21285643503646,82.32142857142857,3.7996031746031744,0.6349206349206349,13.878968253968255,1.121031746031746,31.863822090599236,1.1152093591504448,3.2242249016468727,6.5203715259260715,10.170068027210883,2.1768707482993195,0.0,34.285714285714285,62.642857142857146,A_standard,adult#010,2026
122.45019636586258,83.4920634920635,5.029761904761905,0.26785714285714285,11.478174603174603,2.192460317460317,38.42479117531451,1.5103369018113024,2.6475312274201257,6.239008697071434,9.421768707482993,0.0,0.0,60.0,6.357142857142857,A_standard,child#001,2026
122.09523354339242,81.84523809523809,7.817460317460317,1.0912698412698412,10.337301587301587,2.371031746031746,38.084771414890355,2.008397818860956,2.5617115169437525,6.230517986357947,15.374149659863946,2.1768707482993195,0.0,55.714285714285715,7.428571428571429,A_standard,child#002,2026
129.5891207676147,74.05753968253968,9.742063492063492,0.992063492063492,16.200396825396826,3.501984126984127,40.99467561367287,1.9128927587016293,3.5353483647154067,6.409771768761344,20.680272108843536,3.4013605442176873,0.0,57.857142857142854,8.785714285714286,A_standard,child#003,2026
119.62194474798805,85.68452380952381,9.41468253968254,1.488095238095238,4.900793650793651,0.5853174603174603,32.921306091758844,2.108007416299457,1.8984204934974145,6.171356918371874,12.482993197278912,3.7755102040816326,0.0,79.28571428571429,6.142857142857143,A_standard,child#004,2026
104.25422153983072,83.96825396825398,11.626984126984127,1.2400793650793651,4.404761904761905,0.0,34.79524238770984,3.029503519682326,1.1198708263978367,5.8037609792327505,25.136054421768705,4.2517006802721085,0.0,81.42857142857143,23.571428571428573,A_standard,child#005,2026
133.94761235164208,79.44444444444444,4.573412698412698,1.3492063492063493,15.982142857142856,2.9166666666666665,37.740566068486885,1.4418406503006154,3.7134727423526424,6.514026887451278,11.326530612244898,4.183673469387755,0.0,55.714285714285715,10.714285714285714,A_standard,child#006,2026
113.64426879475853,96.86507936507937,2.2718253968253967,0.0,0.8630952380952381,0.0,21.047014557399706,0.9056503810411725,0.6640113115156989,6.028370909570624,4.013605442176871,0.0,0.0,25.714285714285715,14.642857142857142,A_standard,child#007,2026
202.95641953181973,40.18849206349206,7.063492063492063,2.242063492063492,52.74801587301587,26.89484126984127,51.310827985765606,1.398609694247353,16.068781134403167,8.164717555201127,16.39455782312925,6.700680272108843,0.0,66.42857142857143,16.928571428571427,A_standard,child#008,2026
115.63767979836224,95.26785714285714,1.6964285714285714,0.0,3.0357142857142856,0.0,26.16405212005769,1.1231640240211143,1.1628875125947447,6.076053300776825,1.7687074829931975,0.0,0.0,30.0,4.428571428571429,A_standard,child#009,2026
146.01522726542234,71.97420634920636,3.7896825396825395,0.11904761904761905,24.23611111111111,5.714285714285714,38.97125087848094,0.9755744524045823,5.370641326410493,6.802684236188902,4.761904761904762,0.40816326530612246,0.0,32.142857142857146,13.357142857142858,A_standard,child#010,2026
129.69368198093613,89.62301587301587,0.0,0.0,10.376984126984128,0.0,24.897730145271012,0.36721166237049896,2.13064090290583,6.412272872983992,0.0,0.0,2.0,40.714285714285715,20.714285714285715,B_standard+trend_alert,adolescent#001,2026
183.33179412479146,50.4265873015873,0.42658730158730157,0.0,49.14682539682539,12.182539682539682,32.320202863519334,0.1589308376342931,10.268595885163423,7.695296515465012,0.0,0.0,1.5714285714285714,25.714285714285715,44.714285714285715,B_standard+trend_alert,adolescent#002,2026
143.0284312796166,82.7876984126984,0.0,0.0,17.21230158730159,3.1448412698412698,30.957263818920428,0.3730072774685507,4.0132821167682105,6.7312400762084295,0.0,0.0,2.4285714285714284,34.285714285714285,7.857142857142857,B_standard+trend_alert,adolescent#003,2026
142.6853618215976,78.30357142857143,1.3492063492063493,0.0,20.34722222222222,2.2222222222222223,31.827599458206763,0.5769998130526506,4.184791426019294,6.7230338547726145,3.3333333333333335,0.0,2.7142857142857144,38.57142857142857,16.214285714285715,B_standard+trend_alert,adolescent#004,2026
162.0060260044501,64.31547619047619,0.4166666666666667,0.0,35.267857142857146,10.347222222222221,35.81012389779303,0.40052459238164223,7.364744165404336,7.185184142026446,1.292517006802721,0.0,2.142857142857143,32.142857142857146,20.857142857142858,B_standard+trend_alert,adolescent#005,2026
155.98423333428372,80.02976190476191,0.0,0.0,19.970238095238095,4.761904761904762,28.93090737307305,0.09755969273995635,5.278504892131634,7.041142861356066,0.0,0.0,1.1428571428571428,8.571428571428571,31.285714285714285,B_standard+trend_alert,adolescent#006,2026
181.2402905747638,52.90674603174603,1.2698412698412698,0.0,45.823412698412696,18.04563492063492,38.92273547744403,0.3116088010772892,10.794065827801763,7.645267750548351,3.571428571428571,0.0,1.4285714285714286,23.571428571428573,34.857142857142854,B_standard+trend_alert,adolescent#007,2026
172.57578167251097,59.56349206349206,0.8928571428571428,0.0,39.54365079365079,12.400793650793652,37.49745839529241,0.3331819308277217,9.011231316326663,7.438012697606462,1.4625850340136055,0.0,1.8571428571428572,30.0,68.21428571428571,B_standard+trend_alert,adolescent#008,2026
160.9104166751938,68.27380952380952,0.0,0.0,31.726190476190474,1.6666666666666667,26.264693917006554,0.07865674403538458,6.018238773268639,7.158977166870636,0.0,0.0,1.5714285714285714,19.285714285714285,9.142857142857142,B_standard+trend_alert,adolescent#009,2026
172.1760500364468,54.275793650793645,0.0,0.0,45.72420634920635,6.676587301587301,28.435841763227188,0.10565791112751155,8.10146059641438,7.428451116871807,0.0,0.0,1.2857142857142858,15.0,16.214285714285715,B_standard+trend_alert,adolescent#010,2026
140.82484739135296,86.0515873015873,0.42658730158730157,0.0,13.521825396825395,0.0,26.089571695227797,0.5421060115501852,3.3577703199934192,6.6785303496011625,1.4625850340136055,0.0,0.8571428571428571,19.285714285714285,23.5,B_standard+trend_alert,adult#001,2026
130.9168931604695,92.62896825396825,0.6448412698412698,0.0,6.726190476190476,0.0,24.10140309147625,0.4551467897362029,2.136967671300534,6.44153208439843,0.0,0.0,1.1428571428571428,17.142857142857142,23.642857142857142,B_standard+trend_alert,adult#002,2026
147.44487523051737,86.12103174603175,0.0,0.0,13.878968253968255,0.36706349206349204,22.07678119520888,0.10016914285095925,3.7304696561287947,6.836881415513975,0.0,0.0,1.2857142857142858,19.285714285714285,27.285714285714285,B_standard+trend_alert,adult#003,2026
117.38394865891115,90.95238095238095,1.5178571428571428,0.0,7.529761904761904,1.4484126984126984,32.27833689584729,1.0664307848310162,1.7142950368441299,6.117824051921154,0.9863945578231291,0.0,5.571428571428571,83.57142857142857,21.142857142857142,B_standard+trend_alert,adult#004,2026
132.08492486808794,94.21626984126983,0.4067460317460318,0.0,5.376984126984127,0.0,20.5074603900881,0.2613388627769143,1.9390429693077293,6.469471402844663,0.3401360544217687,0.0,1.1428571428571428,23.571428571428573,57.42857142857143,B_standard+trend_alert,adult#005,2026
133.40720119407084,81.56746031746032,4.117063492063492,0.0,14.31547619047619,1.6567460317460319,32.90350051454119,0.955388355341199,3.127898000998209,6.501100252562175,11.53061224489796,0.0,4.571428571428571,79.28571428571429,31.142857142857142,B_standard+trend_alert,adult#006,2026
108.13438333530972,93.64087301587301,4.563492063492063,0.0,1.7956349206349205,0.0,26.043188953197244,1.679839407491122,0.7295767867833242,5.8965744493806085,7.312925170068027,0.0,5.0,98.57142857142857,13.571428571428571,B_standard+trend_alert,adult#007,2026
131.31611031214598,98.58134920634922,0.0,0.0,1.4186507936507937,0.0,18.3194269883194,0.22785273850640697,1.686098354613867,6.451081358666531,0.0,0.0,1.5714285714285714,21.428571428571427,18.5,B_standard+trend_alert,adult#008,2026
166.5624419125341,63.70039682539682,0.6845238095238095,0.0,35.61507936507937,6.557539682539683,29.33576300520611,0.25566203544633415,7.258428131903493,7.294173610547816,0.0,0.0,0.8571428571428571,23.571428571428573,46.214285714285715,B_standard+trend_alert,adult#009,2026
137.07793093221264,84.0079365079365,1.7261904761904763,0.376984126984127,14.265873015873016,1.2003968253968256,30.130848358338515,0.7123038880786057,3.362549309372768,6.588904107898527,5.408163265306123,1.292517006802721,2.7142857142857144,45.0,63.357142857142854,B_standard+trend_alert,adult#010,2026
133.22090001889651,84.41468253968254,1.1011904761904763,0.0,14.484126984126986,2.757936507936508,35.76502825534624,0.7734762920684626,3.4358342695860937,6.496643928452005,0.03401360544217687,0.0,6.428571428571429,90.0,7.142857142857143,B_standard+trend_alert,child#001,2026
123.78065971443374,88.87896825396825,2.361111111111111,0.5059523809523809,8.759920634920634,1.7956349206349205,33.33226192618867,1.2388337963837235,2.295787573318488,6.270833380369256,4.353741496598639,1.7346938775510203,2.857142857142857,64.28571428571429,7.714285714285714,B_standard+trend_alert,child#002,2026
132.67919342371064,85.35714285714285,0.5753968253968255,0.0,14.067460317460318,2.5198412698412698,33.039939761831086,0.5841694341744769,3.0473821091754925,6.483686306695159,0.9523809523809524,0.0,3.857142857142857,51.42857142857143,8.357142857142858,B_standard+trend_alert,child#003,2026
121.50025411720526,93.30357142857143,2.807539682539683,0.4067460317460318,3.888888888888889,0.4861111111111111,27.213367143908467,1.0316663173151168,1.5966290431796457,6.2162860784835505,5.612244897959184,1.3945578231292517,5.142857142857143,72.85714285714286,5.642857142857143,B_standard+trend_alert,child#004,2026
107.82342734552942,93.75,3.1448412698412698,0.0,3.1051587301587302,0.0,26.279321443087138,1.5064250454269426,0.7707222099591315,5.889136382105064,1.7006802721088436,0.0,3.2857142857142856,72.85714285714286,22.357142857142858,B_standard+trend_alert,child#005,2026
138.1660559895337,83.21428571428572,1.8948412698412698,0.0,14.890873015873016,3.075396825396825,34.52489961598727,0.6604512919240305,3.8508345266829997,6.614932059269647,5.136054421768708,0.0,4.428571428571429,64.28571428571429,10.714285714285714,B_standard+trend_alert,child#006,2026
116.16307916461547,99.67261904761905,0.3273809523809524,0.0,0.0,0.0,19.260178768203502,0.6107574712858667,0.7070880164620783,6.088620853617602,0.0,0.0,2.0,32.142857142857146,14.928571428571429,B_standard+trend_alert,child#007,2026
194.08062964465324,56.06150793650794,1.1607142857142858,0.0,42.77777777777778,27.430555555555557,49.38432854113149,0.4277052660135416,14.203637230731536,7.952408661100106,1.870748299319728,0.0,4.285714285714286,60.0,17.285714285714285,B_standard+trend_alert,child#008,2026
119.58326341110934,96.11111111111111,0.4861111111111111,0.0,3.4027777777777777,0.0,23.986998007617434,0.6263530092353706,1.282079297272206,6.170431660793735,0.0,0.0,3.142857142857143,45.0,4.5,B_standard+trend_alert,child#009,2026
148.9571837537673,75.90277777777777,0.7242063492063492,0.0,23.373015873015873,5.843253968253968,36.4243277075246,0.5308619324727074,5.3966664736116785,6.873055835390114,2.4829931972789114,0.0,3.2857142857142856,38.57142857142857,13.5,B_standard+trend_alert,child#010,2026
136.91426886143367,88.26388888888889,0.0,0.0,11.73611111111111,0.0,20.35316424992965,0.03722990859415866,2.3586875403664376,6.584989311165494,0.0,0.0,1.2857142857142858,17.142857142857142,16.214285714285715,C_twin_dose+trend_alert,adolescent#001,2026
160.3459540421861,64.20634920634922,2.7777777777777777,0.4563492063492064,33.01587301587301,9.444444444444445,40.046026645924925,0.8355325972835859,7.495080439944205,7.145475220689091,3.9115646258503403,1.5646258503401362,4.285714285714286,70.71428571428571,82.21428571428571,C_twin_dose+trend_alert,adolescent#002,2026
137.1577262096137,83.79960317460318,0.0,0.0,16.200396825396826,2.2023809523809526,30.95456368516861,0.40876912855830816,3.4085281201711957,6.59081281093396,0.0,0.0,2.4285714285714284,32.142857142857146,8.285714285714286,C_twin_dose+trend_alert,adolescent#003,2026
135.41212619826155,78.24404761904762,2.9067460317460316,0.0,18.849206349206348,2.3412698412698414,35.463048665567385,0.896211709588473,3.743812218583431,6.549058058662416,8.027210884353742,0.0,4.142857142857143,57.857142857142854,19.214285714285715,C_twin_dose+trend_alert,adolescent#004,2026
163.4436269704182,62.351190476190474,0.21825396825396826,0.0,37.43055555555556,9.543650793650793,35.14443517830459,0.30260940608049774,7.512678571199868,7.2195715571324035,0.7482993197278911,0.0,2.4285714285714284,32.142857142857146,20.285714285714285,C_twin_dose+trend_alert,adolescent#005,2026
151.80064568064532,83.36309523809524,0.0,0.0,16.636904761904763,4.642857142857143,29.726866497015113,0.15545635423798668,4.774001351089997,6.941071444681036,0.0,0.0,2.5714285714285716,30.0,39.642857142857146,C_twin_dose+trend_alert,adolescent#006,2026
164.6631892398592,59.236111111111114,4.871031746031746,0.16865079365079366,35.892857142857146,12.420634920634921,43.38153402847092,0.977371524918299,8.539558693313653,7.248743486617432,11.938775510204081,0.5782312925170068,3.0,53.57142857142857,48.642857142857146,C_twin_dose+trend_alert,adolescent#007,2026
170.2212764729064,59.32539682539682,1.636904761904762,0.0,39.03769841269841,13.323412698412698,42.64918013295324,0.5808254516731786,9.24378067448704,7.381692933231921,1.2244897959183674,0.0,2.857142857142857,53.57142857142857,80.07142857142857,C_twin_dose+trend_alert,adolescent#008,2026
134.14962848108559,86.29960317460318,1.2996031746031746,0.0,12.400793650793652,0.9821428571428571,30.298036063507233,0.5876125877627523,2.9829994879068367,6.518859113267567,2.2448979591836733,0.0,2.5714285714285716,45.0,15.285714285714286,C_twin_dose+trend_alert,adolescent#009,2026
136.77104455417646,83.23412698412699,1.4285714285714286,0.0,15.337301587301589,3.4126984126984126,34.236460684920026,0.695733284929383,3.6061433323177887,6.581563385735901,2.074829931972789,0.0,3.857142857142857,72.85714285714286,27.285714285714285,C_twin_dose+trend_alert,adolescent#010,2026
121.97281604286425,88.76984126984127,4.712301587301587,0.3472222222222222,6.517857142857143,0.0,28.625635902227113,1.2835793185786282,1.7609101552836472,6.227589759745313,15.646258503401361,1.1904761904761905,2.7142857142857144,57.857142857142854,32.57142857142857,C_twin_dose+trend_alert,adult#001,2026
124.69527997062524,95.7936507936508,0.0,0.0,4.2063492063492065,0.0,22.640913380068323,0.4736847110317417,1.5046343285726624,6.292711096897356,0.0,0.0,2.4285714285714284,23.571428571428573,26.571428571428573,C_twin_dose+trend_alert,adult#002,2026
134.21894380232789,86.65674603174604,0.7341269841269841,0.0,12.609126984126984,0.31746031746031744,28.748309590035632,0.5557609090393291,2.886477913656649,6.520517135751684,1.598639455782313,0.0,4.0,60.0,38.214285714285715,C_twin_dose+trend_alert,adult#003,2026
133.760650668517,85.33730158730158,0.0992063492063492,0.0,14.563492063492065,2.8968253968253967,33.46767449985683,0.4553603079926001,3.1762211466052506,6.509554763990927,0.0,0.0,1.8571428571428572,34.285714285714285,12.214285714285714,C_twin_dose+trend_alert,adult#004,2026
128.6537046006898,96.4484126984127,0.0992063492063492,0.0,3.4523809523809526,0.0,19.929041127025844,0.28718637212155973,1.5869709003107255,6.3873966140485,0.0,0.0,1.7142857142857142,27.857142857142858,60.0,C_twin_dose+trend_alert,adult#005,2026
140.9362710059267,76.73611111111111,4.107142857142857,0.4464285714285714,19.15674603174603,3.0456349206349205,35.0717716554265,0.9639109097782581,4.167339333619575,6.6811956024617665,10.204081632653061,1.530612244897959,2.857142857142857,75.0,29.285714285714285,C_twin_dose+trend_alert,adult#006,2026
124.37592243409198,88.90873015873015,1.001984126984127,0.0,10.089285714285715,1.2797619047619047,31.329281978098223,0.8584498898574509,2.195536948134177,6.28507206462348,0.0,0.0,3.4285714285714284,62.142857142857146,8.642857142857142,C_twin_dose+trend_alert,adult#007,2026
107.84674392080807,97.29166666666667,2.7083333333333335,0.0,0.0,0.0,21.086182080548266,1.2287745194046429,0.4539582153166977,5.889694114585729,8.877551020408163,0.0,6.0,87.85714285714286,28.214285714285715,C_twin_dose+trend_alert,adult#008,2026
145.0506022105387,72.06349206349206,2.132936507936508,0.1984126984126984,25.80357142857143,3.1448412698412698,34.34388241666019,0.7651399822366329,4.789975772759815,6.779610404876086,2.3469387755102042,0.0,3.857142857142857,72.85714285714286,80.57142857142857,C_twin_dose+trend_alert,adult#009,2026
133.9406957727926,84.41468253968254,2.5992063492063493,0.0,12.986111111111112,1.0912698412698412,30.68985454576023,0.809870779866099,3.0688897785746487,6.513861442885199,2.857142857142857,0.0,3.7142857142857144,49.285714285714285,66.71428571428571,C_twin_dose+trend_alert,adult#010,2026
144.2626579513075,81.74603174603175,0.35714285714285715,0.0,17.896825396825395,3.869047619047619,31.49120433950178,0.24099928048490013,4.088532349535151,6.760762778195275,0.03401360544217687,0.0,3.857142857142857,53.57142857142857,4.142857142857143,C_twin_dose+trend_alert,child#001,2026
126.84173014469735,88.65079365079364,1.3095238095238095,0.4563492063492064,10.03968253968254,0.6944444444444444,30.159499084057984,0.8744086215466896,2.3318897609727895,6.344054185061161,2.9591836734693877,1.5646258503401362,2.2857142857142856,42.857142857142854,6.5,C_twin_dose+trend_alert,child#002,2026
151.3413972992646,69.90079365079364,1.7757936507936507,0.2380952380952381,28.323412698412696,8.065476190476192,37.91012315201606,0.6142842309809714,5.978982703170676,6.930086223398409,3.707482993197279,0.0,4.714285714285714,53.57142857142857,7.785714285714286,C_twin_dose+trend_alert,child#003,2026
152.37291210694647,70.0,1.7857142857142856,0.4761904761904762,28.214285714285715,1.3194444444444444,28.352051781454506,0.5193735321918531,5.14136112630778,6.954760057598159,4.421768707482993,1.3945578231292517,2.4285714285714284,47.142857142857146,3.7857142857142856,C_twin_dose+trend_alert,child#004,2026
118.19223732913406,91.18055555555556,2.4503968253968256,0.0,6.369047619047619,0.4662698412698413,30.642362084526315,1.139630352129791,1.6743975951616275,6.1371583169128865,0.0,0.0,3.142857142857143,64.28571428571429,17.785714285714285,C_twin_dose+trend_alert,child#005,2026
159.5462617225894,72.73809523809524,0.0,0.0,27.26190476190476,5.2480158730158735,29.210175660811455,0.13815336744687648,6.006763173946026,7.126346580404339,0.0,0.0,1.8571428571428572,23.571428571428573,6.071428571428571,C_twin_dose+trend_alert,child#006,2026
119.4670390418453,94.59325396825396,2.361111111111111,0.0,3.0456349206349205,0.0,23.24303749882236,0.7917674995822213,1.0987256637702887,6.167651573880939,4.931972789115646,0.0,2.4285714285714284,51.42857142857143,16.142857142857142,C_twin_dose+trend_alert,child#007,2026
195.94818441224018,54.811507936507944,0.31746031746031744,0.0,44.87103174603175,26.746031746031747,45.76918549144778,0.25033146006333357,14.035337725293308,7.997080571140785,1.0884353741496597,0.0,3.857142857142857,45.0,14.714285714285714,C_twin_dose+trend_alert,child#008,2026
134.9050372421806,87.90674603174602,0.0,0.0,12.093253968253968,0.0,23.409970295890137,0.22003682517285164,2.4770583937931065,6.53692849083296,0.0,0.0,0.5714285714285714,8.571428571428571,2.142857142857143,C_twin_dose+trend_alert,child#009,2026
163.30397635549946,66.18055555555556,0.20833333333333334,0.0,33.611111111111114,10.48611111111111,37.49464151950183,0.341998112365177,7.567317419924635,7.216231114423547,0.0,0.0,1.4285714285714286,19.285714285714285,9.428571428571429,C_twin_dose+trend_alert,child#010,2026
136.22940537926658,89.39484126984128,0.0,0.0,10.60515873015873,0.0,19.649776732594468,0.03756891214758968,2.232912305473549,6.568607376672057,0.0,0.0,0.42857142857142855,6.428571428571429,15.857142857142858,D_dosetwin,adolescent#001,2026
166.68806679202808,62.88690476190476,3.958333333333333,0.496031746031746,33.154761904761905,15.178571428571427,45.42275269491341,0.9744040423305519,9.028251933317954,7.297178557665312,7.653061224489796,1.7006802721088436,3.0,66.42857142857143,74.5,D_dosetwin,adolescent#002,2026
139.1963156874507,82.71825396825396,0.6150793650793651,0.0,16.666666666666664,2.380952380952381,30.855452926402492,0.46811453768068767,3.5944190565631144,6.639575871243821,1.8367346938775513,0.0,2.4285714285714284,34.285714285714285,8.214285714285714,D_dosetwin,adolescent#003,2026
131.78527764639463,81.97420634920634,2.619047619047619,0.0,15.406746031746032,1.5277777777777777,34.496358380759254,0.9665755537507268,3.263471254350259,6.462303841301759,6.700680272108843,0.0,3.4285714285714284,47.142857142857146,19.0,D_dosetwin,adolescent#004,2026
161.51756714780763,65.1686507936508,0.0,0.0,34.8313492063492,8.61111111111111,34.30613522900663,0.25242237123991257,7.071935206183627,7.173500206175559,0.0,0.0,2.0,25.714285714285715,20.142857142857142,D_dosetwin,adolescent#005,2026
148.18002589684522,83.83928571428572,0.2281746031746032,0.0,15.932539682539682,4.315476190476191,30.76870753534725,0.23036491308620483,4.42456883577028,6.854466219452538,0.0,0.0,1.8571428571428572,21.428571428571427,39.92857142857143,D_dosetwin,adolescent#006,2026
164.90070536265313,61.09126984126985,2.946428571428571,0.0,35.96230158730159,12.519841269841269,42.48653783047002,0.7450114925535061,8.469848071463817,7.254424872274663,5.3061224489795915,0.0,3.142857142857143,53.57142857142857,48.5,D_dosetwin,adolescent#007,2026
169.7681995235226,57.44047619047619,2.4801587301587302,0.0,40.07936507936508,13.045634920634921,42.96451759889316,0.6868477268536883,9.260320018499552,7.370855332602661,4.625850340136054,0.0,2.857142857142857,53.57142857142857,80.71428571428571,D_dosetwin,adolescent#008,2026
134.1824471716416,87.0734126984127,0.0,0.0,12.926587301587302,0.9821428571428571,30.111509690749415,0.4742950508719433,2.9812715492655735,6.519644136345667,0.0,0.0,2.857142857142857,47.142857142857146,15.357142857142858,D_dosetwin,adolescent#009,2026
134.16286426204763,83.48214285714286,1.3492063492063493,0.0,15.168650793650793,3.134920634920635,35.25159739091243,0.8410634013525472,3.4745286627870478,6.519175713148179,0.0,0.0,3.0,62.142857142857146,26.785714285714285,D_dosetwin,adolescent#010,2026
119.92101906998174,91.28968253968253,2.986111111111111,0.05952380952380953,5.724206349206349,0.0,27.742074459809064,1.1006718405497287,1.5260445470268655,6.1785107761539635,10.238095238095237,0.20408163265306123,2.857142857142857,49.285714285714285,32.357142857142854,D_dosetwin,adult#001,2026
125.19012800476318,95.11904761904762,0.0,0.0,4.880952380952381,0.0,23.341619920124344,0.46656308829150833,1.5908122442794232,6.304547861873935,0.0,0.0,1.7142857142857142,19.285714285714285,26.071428571428573,D_dosetwin,adult#002,2026
132.4705230204388,88.59126984126983,0.2579365079365079,0.0,11.150793650793652,0.4761904761904762,28.325039944361187,0.572557562620286,2.668654543062714,6.478694910648896,0.0,0.0,4.0,55.714285714285715,38.285714285714285,D_dosetwin,adult#003,2026
133.3533421838916,85.2281746031746,0.6448412698412698,0.0,14.126984126984127,3.1448412698412698,33.834616145334124,0.4630123429937943,3.1672361387242405,6.4998119450386875,0.0,0.0,1.4285714285714286,32.142857142857146,12.214285714285714,D_dosetwin,adult#004,2026
126.73849290134459,97.1329365079365,0.0,0.0,2.867063492063492,0.0,20.13668277584834,0.3058012655557738,1.4516841202221547,6.3415847502001625,0.0,0.0,1.1428571428571428,21.428571428571427,59.857142857142854,D_dosetwin,adult#005,2026
137.81105626825516,81.09126984126985,2.876984126984127,0.4464285714285714,16.03174603174603,2.976190476190476,34.77981137127313,0.8630695653224075,3.7764697597048764,6.606440465936664,6.598639455782313,1.530612244897959,2.2857142857142856,68.57142857142857,29.142857142857142,D_dosetwin,adult#006,2026
123.91905707390725,88.76984126984127,1.4583333333333333,0.0,9.771825396825397,1.2797619047619047,31.39345076214557,0.9481449951063012,2.1517495587387345,6.2741438452078615,1.4625850340136055,0.0,3.7142857142857144,60.0,8.642857142857142,D_dosetwin,adult#007,2026
107.73456846908506,97.89682539682539,2.1031746031746033,0.1488095238095238,0.0,0.0,20.494809647091472,1.184242720570117,0.4230411679049508,5.887010877780515,5.884353741496598,0.5102040816326531,5.571428571428571,83.57142857142857,28.142857142857142,D_dosetwin,adult#008,2026
148.46331917567656,68.03571428571429,3.7003968253968256,0.3968253968253968,28.26388888888889,4.186507936507936,36.30912244239157,0.9697705647695443,5.471459942046789,6.861242594682183,6.530612244897959,0.6802721088435374,3.2857142857142856,72.85714285714286,81.85714285714286,D_dosetwin,adult#009,2026
133.60537632869801,84.8313492063492,1.6765873015873016,0.0,13.492063492063492,1.0615079365079365,30.815317787577495,0.7664020233049849,3.0675430950762848,6.505840601782456,3.8435374149659864,0.0,4.428571428571429,55.714285714285715,68.35714285714286,D_dosetwin,adult#010,2026
137.98410732535737,84.1765873015873,0.4761904761904762,0.0,15.347222222222223,3.3234126984126986,31.813748373441054,0.3730383236427287,3.4289379516235723,6.6105798472225485,0.03401360544217687,0.0,4.285714285714286,49.285714285714285,4.642857142857143,D_dosetwin,child#001,2026
129.26847495592028,86.73611111111111,0.8630952380952381,0.4563492063492064,12.400793650793652,0.5456349206349206,28.840941793896224,0.7450578254748809,2.427187559569943,6.402101920945613,2.9591836734693877,1.5646258503401362,2.7142857142857144,40.714285714285715,6.285714285714286,D_dosetwin,child#002,2026
150.26664389456315,68.93849206349206,1.4384920634920635,0.0,29.623015873015873,5.535714285714286,37.93832225405871,0.5902969780327546,5.867653558817393,6.904378121957951,3.4693877551020407,0.0,3.7142857142857144,45.0,7.571428571428571,D_dosetwin,child#003,2026
149.26976978905395,73.70039682539684,1.6865079365079365,0.4662698412698413,24.61309523809524,1.3194444444444444,28.646524098972638,0.5066331780578144,4.72643816165312,6.880532893354171,4.523809523809524,1.598639455782313,2.5714285714285716,45.0,3.7857142857142856,D_dosetwin,child#004,2026
116.2812677968813,92.33134920634922,1.7956349206349205,0.0,5.873015873015873,0.7142857142857143,31.21552974055199,1.1414316758080636,1.5603715872584185,6.0914479257014005,0.9183673469387756,0.0,3.857142857142857,66.42857142857143,18.071428571428573,D_dosetwin,child#005,2026
154.77584576703984,75.52579365079364,0.0,0.0,24.474206349206348,3.75,27.933172095984066,0.142980014926857,5.221705083597975,7.0122382307475934,0.0,0.0,1.1428571428571428,17.142857142857142,6.071428571428571,D_dosetwin,child#006,2026
118.07967207911383,98.20436507936508,1.2301587301587302,0.0,0.5654761904761905,0.0,19.77593712533739,0.6460701884860626,0.8130391746143194,6.134465756132403,3.8095238095238098,0.0,2.5714285714285716,45.0,15.642857142857142,D_dosetwin,child#007,2026
195.94228700648998,55.23809523809524,0.12896825396825395,0.0,44.63293650793651,26.765873015873016,45.895021369563935,0.24088796338217178,14.03853346506878,7.99693950519524,0.44217687074829937,0.0,3.857142857142857,45.0,14.714285714285714,D_dosetwin,child#008,2026
133.8176710920497,88.79960317460316,0.0,0.0,11.200396825396826,0.0,23.37356706592035,0.2337336348658069,2.37006824871752,6.5109186925218285,0.0,0.0,0.2857142857142857,4.285714285714286,2.142857142857143,D_dosetwin,child#009,2026
160.2313777421377,70.00992063492063,0.0,0.0,29.990079365079364,10.654761904761905,37.913405686643124,0.28608254435804253,7.086432094620261,7.142734555591934,0.0,0.0,1.8571428571428572,23.571428571428573,10.285714285714286,D_dosetwin,child#010,2026
123.26589154542737,90.26785714285714,0.0,0.0,9.732142857142858,0.0,25.725555642504155,0.4491292679582404,1.7020208764251774,6.258520125766623,0.0,0.0,3.2857142857142856,45.0,22.857142857142858,E_dosetwin_population_prior,adolescent#001,2026
170.10751312056058,57.47023809523809,0.744047619047619,0.0,41.785714285714285,6.001984126984127,33.33694037498586,0.3636766090997645,8.224784900150816,7.378971713843809,1.4965986394557822,0.0,2.142857142857143,25.714285714285715,50.285714285714285,E_dosetwin_population_prior,adolescent#002,2026
127.6813155846765,89.72222222222223,0.8928571428571428,0.0,9.384920634920634,1.5277777777777777,30.84292833121161,0.6727259313196201,2.4047244277763453,6.364137068785462,1.3945578231292517,0.0,4.285714285714286,66.42857142857143,10.642857142857142,E_dosetwin_population_prior,adolescent#003,2026
127.9352336915943,84.99007936507937,2.0238095238095237,0.0,12.986111111111112,1.7956349206349205,34.11030917008489,0.9371480210381948,2.8084262528229256,6.370210789902936,3.707482993197279,0.0,5.0,77.14285714285714,22.357142857142858,E_dosetwin_population_prior,adolescent#004,2026
152.72600096117088,72.11309523809524,0.0,0.0,27.886904761904763,5.138888888888888,34.25572221676566,0.3586853404503656,5.743414473538943,6.963205942991207,0.0,0.0,3.857142857142857,60.0,25.714285714285715,E_dosetwin_population_prior,adolescent#005,2026
157.6033539250818,78.36309523809524,0.0,0.0,21.636904761904763,6.25,33.78859965213369,0.1401190389216843,5.882678393756673,7.079872225887957,0.0,0.0,2.4285714285714284,27.857142857142858,35.714285714285715,E_dosetwin_population_prior,adolescent#006,2026
158.8549401812186,64.1765873015873,2.876984126984127,0.0,32.94642857142857,10.942460317460318,41.031229024891466,0.7462875339624347,7.41914240373248,7.109810169134749,5.1020408163265305,0.0,4.0,64.28571428571429,52.07142857142857,E_dosetwin_population_prior,adolescent#007,2026
164.3296457289687,62.351190476190474,2.361111111111111,0.3968253968253968,35.28769841269842,10.505952380952381,44.36369622221489,0.7369925467172351,8.366834402422155,7.240765125836932,6.224489795918367,0.7142857142857143,3.7142857142857144,64.28571428571429,94.5,E_dosetwin_population_prior,adolescent#008,2026
132.70833183465174,87.10317460317461,0.6051587301587302,0.0,12.291666666666666,1.0218253968253967,30.512577810442753,0.6780476550196727,2.8542951548992677,6.48438329748487,0.0,0.0,3.4285714285714284,53.57142857142857,16.0,E_dosetwin_population_prior,adolescent#009,2026
141.90779380937718,85.66468253968253,0.0,0.0,14.335317460317459,3.4523809523809526,30.500647590490953,0.29247492286590104,3.7325551040687204,6.704434427920303,0.0,0.0,2.142857142857143,25.714285714285715,20.714285714285715,E_dosetwin_population_prior,adolescent#010,2026
121.35125044115664,91.92460317460316,1.4384920634920635,0.0,6.636904761904762,0.0,27.709396688348313,0.9845722812793599,1.6258271332532468,6.212721910552467,4.115646258503401,0.0,3.4285714285714284,49.285714285714285,31.785714285714285,E_dosetwin_population_prior,adult#001,2026
115.14074764118871,98.50198412698413,0.0,0.0,1.498015873015873,0.0,21.128631281330662,0.6751211529210739,0.7863691201938839,6.064166683577234,0.0,0.0,3.2857142857142856,34.285714285714285,31.357142857142858,E_dosetwin_population_prior,adult#002,2026
133.51641122838876,86.45833333333334,0.5654761904761905,0.0,12.976190476190478,0.4067460317460318,28.569164257954615,0.5439531682252691,2.805482850855475,6.503712556583059,0.03401360544217687,0.0,5.428571428571429,68.57142857142857,39.142857142857146,E_dosetwin_population_prior,adult#003,2026
144.68368451931792,81.31944444444444,0.1388888888888889,0.0,18.541666666666668,2.6488095238095237,29.162691069147783,0.17507632530678482,3.9383751366024335,6.770833733702085,0.0,0.0,2.4285714285714284,34.285714285714285,10.642857142857142,E_dosetwin_population_prior,adult#004,2026
129.94748064320675,96.31944444444444,0.1488095238095238,0.0,3.5317460317460316,0.0,18.764360316121813,0.19580850265690614,1.6076344676928518,6.418343736985506,0.0,0.0,2.857142857142857,40.714285714285715,61.642857142857146,E_dosetwin_population_prior,adult#005,2026
129.4398173578507,81.89484126984127,4.097222222222222,0.0,14.007936507936508,2.003968253968254,36.21385668867743,1.142215455138207,3.03157337212534,6.406200431199789,8.775510204081632,0.0,5.142857142857143,96.42857142857143,34.785714285714285,E_dosetwin_population_prior,adult#006,2026
111.16286600108143,97.11309523809524,1.8650793650793651,0.0,1.0218253968253967,0.0,24.413496592477504,1.2328634478478362,0.7940378063471953,5.969015754745868,1.4625850340136055,0.0,7.571428571428571,115.71428571428571,13.928571428571429,E_dosetwin_population_prior,adult#007,2026
109.61522064861211,97.88690476190476,2.113095238095238,0.0,0.0,0.0,20.570300250313753,1.0413929250664098,0.5037280228890503,5.9319960779148015,3.2993197278911564,0.0,8.571428571428571,102.85714285714286,28.5,E_dosetwin_population_prior,adult#008,2026
148.4836823526828,71.7063492063492,2.361111111111111,0.4067460317460318,25.932539682539684,3.293650793650794,34.03935112475441,0.6564128921799837,5.14220217704258,6.861729681876172,1.8367346938775513,0.0,2.2857142857142856,55.714285714285715,65.21428571428571,E_dosetwin_population_prior,adult#009,2026
135.38133136368873,84.60317460317461,1.2202380952380953,0.0,14.1765873015873,2.490079365079365,32.97264003289427,0.683017228189041,3.3975882911371045,6.548321446219434,1.598639455782313,0.0,5.428571428571429,70.71428571428571,71.21428571428571,E_dosetwin_population_prior,adult#010,2026
133.62786457710564,84.01785714285714,1.1904761904761905,0.0,14.791666666666666,3.0654761904761902,34.89378029326162,0.7466550910761134,3.340888304852745,6.5063785206843665,0.4761904761904762,0.0,6.142857142857143,83.57142857142857,6.571428571428571,E_dosetwin_population_prior,child#001,2026
114.65220531405743,92.36111111111111,2.113095238095238,0.2777777777777778,5.52579365079365,1.8948412698412698,31.506907194387423,1.1715326227241591,1.4138473625590682,6.052480751112254,2.687074829931973,0.9523809523809524,5.714285714285714,83.57142857142857,9.357142857142858,E_dosetwin_population_prior,child#002,2026
124.47314292178767,89.375,1.2896825396825395,0.0,9.33531746031746,2.9067460317460316,34.25661058053393,0.7393299267891925,2.3412539192018063,6.287397578689161,2.517006802721088,0.0,7.142857142857143,81.42857142857143,10.785714285714286,E_dosetwin_population_prior,child#003,2026
123.02049659583606,94.53373015873015,2.123015873015873,0.4067460317460318,3.3432539682539684,0.6150793650793651,26.47177913416997,0.8628735297277033,1.6286103909842422,6.252650278572399,4.421768707482993,1.3945578231292517,5.714285714285714,85.71428571428571,5.785714285714286,E_dosetwin_population_prior,child#004,2026
111.33007655431668,95.32738095238096,2.609126984126984,0.0,2.0634920634920633,0.0,23.429477612015365,1.0969914097127411,0.7235085594750912,5.973015431179255,0.0,0.0,4.714285714285714,90.0,21.642857142857142,E_dosetwin_population_prior,child#005,2026
141.69325123872784,80.67460317460318,0.753968253968254,0.0,18.571428571428573,2.251984126984127,30.272139312519197,0.3652634235941853,3.831937867482129,6.69930256963037,0.17006802721088435,0.0,4.428571428571429,60.0,10.214285714285714,E_dosetwin_population_prior,child#006,2026
126.79342957070853,97.17261904761905,0.0,0.0,2.8273809523809526,0.0,20.036046335848148,0.29252365408470854,1.4418275672294254,6.342898835331348,0.0,0.0,3.2857142857142856,49.285714285714285,13.928571428571429,E_dosetwin_population_prior,child#007,2026
169.16662348800057,64.0079365079365,2.242063492063492,0.0,33.75,15.436507936507937,47.79583395727936,0.6820436778090874,9.557679868783618,7.356465633832974,1.7346938775510203,0.0,5.285714285714286,72.85714285714286,21.928571428571427,E_dosetwin_population_prior,child#008,2026
117.81959513982041,97.82738095238095,0.0,0.0,2.1726190476190474,0.0,21.243018582426927,0.48602600393648016,0.9685248462391475,6.128244715744504,0.0,0.0,4.428571428571429,60.0,5.142857142857143,E_dosetwin_population_prior,child#009,2026
139.42279178189685,79.79166666666667,0.9523809523809524,0.0,19.255952380952383,3.7103174603174605,37.63154748592402,0.7232506101384586,4.362944371867544,6.644993179422973,0.5782312925170068,0.0,4.142857142857143,57.857142857142854,16.857142857142858,E_dosetwin_population_prior,child#010,2026
122.78606725801083,90.60515873015873,2.1031746031746033,0.0,7.291666666666667,0.0,27.667392711345894,0.9377861121579276,1.777257086461302,6.2470427288116195,0.0,0.0,0.0,30.0,17.928571428571427,A_standard,adolescent#001,2027
171.62780622533884,53.56150793650794,3.422619047619048,1.369047619047619,43.01587301587302,11.28968253968254,39.787138564738584,1.0017849549202822,9.307970981140693,7.4153371249101045,8.80952380952381,4.6938775510204085,0.0,34.285714285714285,52.07142857142857,A_standard,adolescent#002,2027
136.44871261183027,79.12698412698413,3.660714285714286,0.7341269841269841,17.21230158730159,0.0,30.065827298605154,0.8672525810060836,3.2833270765340257,6.573853205674981,10.918367346938776,2.517006802721088,0.0,21.428571428571427,12.571428571428571,A_standard,adolescent#003,2027
139.70392554665233,74.32539682539682,5.099206349206349,0.9226190476190477,20.575396825396826,2.986111111111111,34.26982393836609,1.1104253190964224,4.039605602960301,6.651717899075924,15.98639455782313,3.1632653061224487,0.0,19.285714285714285,16.857142857142858,A_standard,adolescent#004,2027
172.9313724726468,63.00595238095238,0.6150793650793651,0.0,36.37896825396825,15.615079365079366,39.23654767363029,0.2478320244293583,9.153536234084488,7.446518429545712,1.1564625850340136,0.0,0.0,4.285714285714286,19.928571428571427,A_standard,adolescent#005,2027
130.46216529847663,93.04563492063492,0.28769841269841273,0.0,6.666666666666667,1.5376984126984126,26.88250412527424,0.4425420018900515,2.267395887229454,6.4306549939395605,0.0,0.0,0.0,10.714285714285714,39.92857142857143,A_standard,adolescent#006,2027
178.69104195448756,53.10515873015873,5.089285714285714,2.242063492063492,41.80555555555556,19.72222222222222,47.80094325749589,1.3974392435419614,11.3792247020505,7.584289723551343,11.088435374149661,4.319727891156463,0.0,55.714285714285715,38.57142857142857,A_standard,adolescent#007,2027
191.1473982971535,46.92460317460318,1.8253968253968256,0.6547619047619048,51.24999999999999,18.680555555555557,43.644012133188234,0.6987988138576601,12.813325546139025,7.8822457672679125,2.925170068027211,2.2448979591836733,0.0,19.285714285714285,52.357142857142854,A_standard,adolescent#008,2027
130.47682501288793,82.1329365079365,6.378968253968253,1.25,11.488095238095237,2.6686507936507935,36.25575165697002,1.5650351883172275,3.1057790192343044,6.431005654308279,16.020408163265305,4.285714285714286,0.0,55.714285714285715,17.571428571428573,A_standard,adolescent#009,2027
158.14087971757277,74.0873015873016,0.0,0.0,25.912698412698415,4.0476190476190474,28.880686685769717,0.22082618296416007,5.803884933072534,7.09272984284434,0.0,0.0,0.0,4.285714285714286,15.642857142857142,A_standard,adolescent#010,2027
138.55534508408297,88.45238095238095,0.8531746031746031,0.0,10.694444444444445,0.0,23.13909268921156,0.38211389535866574,2.825490618883387,6.624243854411265,2.2789115646258504,0.0,0.0,10.714285714285714,24.5,A_standard,adult#001,2027
118.16484311134906,99.25595238095238,0.0,0.0,0.744047619047619,0.0,21.461687263432523,0.6954791326440523,0.9688114583987784,6.136503047223469,0.0,0.0,0.0,10.714285714285714,26.857142857142858,A_standard,adult#002,2027
136.78550119931344,90.7936507936508,0.21825396825396826,0.0,8.988095238095237,0.0,23.65267214545736,0.39033616057247866,2.6934457572141532,6.581909188687577,0.0,0.0,0.0,6.428571428571429,26.928571428571427,A_standard,adult#003,2027
145.54971157667228,79.82142857142858,0.4166666666666667,0.0,19.761904761904763,4.384920634920634,33.86269571848779,0.3213085402912853,4.53791677752938,6.7915491009140005,0.0,0.0,0.0,6.428571428571429,17.5,A_standard,adult#004,2027
136.55407035868967,85.86309523809523,0.5456349206349206,0.0,13.59126984126984,0.0,26.673715268035036,0.4297238940474588,2.9614078315336148,6.576373362979857,1.870748299319728,0.0,0.0,12.857142857142858,63.0,A_standard,adult#005,2027
155.8130210699326,68.27380952380952,3.0853174603174605,1.3492063492063493,28.640873015873012,2.787698412698413,31.321816727415385,0.7408702926653509,5.78177086464196,7.0370474639927885,5.782312925170068,3.36734693877551,0.0,23.571428571428573,26.357142857142858,A_standard,adult#006,2027
97.84817929329108,79.47420634920634,17.817460317460316,0.7242063492063492,2.7083333333333335,0.0,32.09073912552762,3.651989672736505,0.6366681384287031,5.650528448695523,39.69387755102041,2.4829931972789114,0.0,117.85714285714286,15.642857142857142,A_standard,adult#007,2027
139.2309979459341,92.8968253968254,0.0,0.0,7.103174603174603,0.0,19.738575171341814,0.08898955720182511,2.5751664117300543,6.640405470866744,0.0,0.0,0.0,0.0,17.428571428571427,A_standard,adult#008,2027
153.00667858886374,71.80555555555556,2.1626984126984126,0.3373015873015873,26.031746031746035,1.5873015873015872,28.394262026424123,0.6511995527926238,5.1819079537496275,6.969919751845621,7.414965986394558,1.1564625850340136,0.0,8.571428571428571,49.714285714285715,A_standard,adult#009,2027
144.72300672587966,71.51785714285714,4.226190476190476,0.4761904761904762,24.25595238095238,5.674603174603175,37.612940879871694,0.9406341601074112,5.070639596959632,6.771774320883042,10.476190476190476,1.6326530612244898,0.0,17.142857142857142,51.07142857142857,A_standard,adult#010,2027
131.99198864980934,77.43055555555556,4.861111111111112,0.4464285714285714,17.708333333333336,2.410714285714286,36.598124804087576,1.2364915086216848,3.434117981082081,6.467248368503439,5.510204081632653,0.5442176870748299,0.0,49.285714285714285,6.357142857142857,A_standard,child#001,2027
125.54728838512577,81.20039682539682,8.00595238095238,1.488095238095238,10.793650793650794,0.5654761904761905,33.45034081866862,1.8220235951104276,2.507631482763093,6.313091138172208,15.816326530612246,3.6734693877551026,0.0,68.57142857142857,9.142857142857142,A_standard,child#002,2027
129.6373041233806,78.56150793650794,5.486111111111111,0.7142857142857143,15.95238095238095,1.0218253968253967,35.59619500309324,1.3746491999003991,3.1206734029310605,6.410924314631265,14.591836734693878,2.4489795918367347,0.0,49.285714285714285,7.357142857142857,A_standard,child#003,2027
128.30426502519515,75.52579365079364,10.575396825396826,0.5654761904761905,13.898809523809524,1.0912698412698412,37.239184745953374,2.060566894226456,3.1843247214873425,6.3790380194026675,24.965986394557824,0.9183673469387756,0.0,51.42857142857143,6.071428571428571,A_standard,child#004,2027
119.2128839722981,87.97619047619048,1.5674603174603174,0.0,10.456349206349207,2.1031746031746033,36.71404452861084,1.2907921690845363,2.265886658658182,6.161572184617371,0.0,0.0,0.0,47.142857142857146,19.714285714285715,A_standard,child#005,2027
135.22921202722185,77.14285714285715,5.724206349206349,0.9424603174603174,17.13293650793651,1.369047619047619,34.39196846399384,1.3904971703689504,3.6011316922579275,6.5446827516911465,7.414965986394558,2.380952380952381,0.0,49.285714285714285,9.428571428571429,A_standard,child#006,2027
118.18784052510787,92.76785714285715,3.3333333333333335,0.625,3.8988095238095237,0.0,25.40077931945765,0.9760469144160343,1.2651536174690543,6.13705314536058,8.673469387755102,2.142857142857143,0.0,15.0,14.571428571428571,A_standard,child#007,2027
185.222708555784,49.44444444444444,6.398809523809524,1.7956349206349205,44.15674603174603,22.44047619047619,53.61737000463871,1.531579979068416,13.283051573835936,7.740527188654353,11.020408163265307,5.714285714285714,0.0,55.714285714285715,15.357142857142858,A_standard,child#008,2027
128.80509003939252,86.97420634920636,2.490079365079365,0.753968253968254,10.535714285714286,0.31746031746031744,29.644768437138445,0.9076325919948687,2.418565273301285,6.391017753742269,1.7346938775510203,1.2244897959183674,0.0,27.857142857142858,6.357142857142857,A_standard,child#009,2027
155.65559043335844,69.15674603174602,2.5297619047619047,0.3869047619047619,28.313492063492063,8.938492063492063,40.16460892304222,0.7085124862459917,6.737555244675658,7.033281723165934,3.6734693877551026,0.0,0.0,23.571428571428573,10.428571428571429,A_standard,child#010,2027
125.98650094428052,91.39880952380952,1.0813492063492063,0.0,7.51984126984127,0.0,26.678805937117982,0.7453961322814987,1.9518751015765123,6.32359710258719,0.0,0.0,2.2857142857142856,55.714285714285715,18.214285714285715,B_standard+trend_alert,adolescent#001,2027
169.96711138272784,57.232142857142854,2.4404761904761907,0.4166666666666667,40.327380952380956,9.791666666666666,37.67395607086384,0.5868698010983074,8.6255774384956,7.37561330427485,6.802721088435375,1.4285714285714286,2.0,32.142857142857146,52.214285714285715,B_standard+trend_alert,adolescent#002,2027
140.6265873221562,79.95039682539684,1.6865079365079365,0.0,18.36309523809524,0.0,29.3391460003619,0.5725340044330898,3.6818834834740186,6.673787968745977,4.183673469387755,0.0,2.4285714285714284,38.57142857142857,13.0,B_standard+trend_alert,adolescent#003,2027
143.6053691585766,78.78968253968253,1.5376984126984126,0.0,19.672619047619047,3.1746031746031744,31.92283737197828,0.5536063605274403,4.211091817985919,6.745040430273152,5.272108843537415,0.0,2.142857142857143,27.857142857142858,16.857142857142858,B_standard+trend_alert,adolescent#004,2027
173.7711381667686,62.84722222222222,0.6150793650793651,0.0,36.53769841269841,15.962301587301585,38.997994725626064,0.21844519249432792,9.248740610718185,7.466605624949105,1.1564625850340136,0.0,1.0,6.428571428571429,20.0,B_standard+trend_alert,adolescent#005,2027
134.20616873736725,93.2936507936508,0.248015873015873,0.0,6.458333333333334,1.5376984126984126,24.810678304700026,0.2580817318898349,2.419002958906852,6.520211556197825,0.0,0.0,2.142857142857143,27.857142857142858,40.642857142857146,B_standard+trend_alert,adolescent#006,2027
177.81486780938022,60.98214285714286,0.873015873015873,0.0,38.144841269841265,20.049603174603174,47.15144200056029,0.47426187600896036,11.015465612219007,7.563331638000374,2.142857142857143,0.0,3.2857142857142856,53.57142857142857,36.642857142857146,B_standard+trend_alert,adolescent#007,2027
193.01066292932373,48.045634920634924,1.0615079365079365,0.0,50.89285714285714,18.86904761904762,42.59145373340446,0.33113746140858075,12.940200837409343,7.926815057269424,2.857142857142857,0.0,1.4285714285714286,23.571428571428573,52.5,B_standard+trend_alert,adolescent#008,2027
133.31452523917832,84.09722222222223,3.7202380952380953,0.5357142857142857,12.182539682539682,2.6984126984126986,35.204379046439655,1.11526505455793,3.3142190453993647,6.498883443721146,7.517006802721088,1.8367346938775513,4.0,70.71428571428571,17.857142857142858,B_standard+trend_alert,adolescent#009,2027
160.88657677474853,69.76190476190476,0.0,0.0,30.238095238095237,4.404761904761905,29.761498358293338,0.23334365784750288,6.350948446239758,7.158406916451986,0.0,0.0,1.1428571428571428,19.285714285714285,16.428571428571427,B_standard+trend_alert,adolescent#010,2027
139.0202155633367,88.98809523809523,0.4464285714285714,0.0,10.56547619047619,0.0,22.279287888677008,0.309486611431148,2.7939213601955113,6.6353635562750135,1.530612244897959,0.0,1.4285714285714286,17.142857142857142,24.928571428571427,B_standard+trend_alert,adult#001,2027
120.59314797850277,98.42261904761904,0.0,0.0,1.5773809523809523,0.0,21.267248175122543,0.5671409800418732,1.1118739094121683,6.194588099645786,0.0,0.0,1.4285714285714286,23.571428571428573,27.214285714285715,B_standard+trend_alert,adult#002,2027
140.65804315058378,88.81944444444444,0.4761904761904762,0.0,10.704365079365079,0.0,22.3819366775301,0.2582935075952335,2.9953365420904072,6.674540392161964,0.0,0.0,1.7142857142857142,27.857142857142858,27.642857142857142,B_standard+trend_alert,adult#003,2027
149.45793284008408,79.50396825396825,0.28769841269841273,0.0,20.208333333333332,4.603174603174604,32.287343855541465,0.24223871528317806,4.8443534303439355,6.885033753534811,0.0,0.0,1.0,17.142857142857142,17.642857142857142,B_standard+trend_alert,adult#004,2027
138.50362860044697,86.17063492063492,0.0,0.0,13.82936507936508,0.4662698412698413,26.558801170177187,0.23340609188005895,3.1511520900622876,6.6230067961226915,0.0,0.0,1.7142857142857142,19.285714285714285,63.5,B_standard+trend_alert,adult#005,2027
157.76861563585624,70.34722222222223,2.0238095238095237,0.0,27.628968253968257,2.9166666666666665,29.9412696433143,0.432121223269584,5.862144596471254,7.083825286009681,4.625850340136054,0.0,1.4285714285714286,27.857142857142858,26.357142857142858,B_standard+trend_alert,adult#006,2027
101.03651339666253,88.40277777777777,9.662698412698413,0.0,1.9345238095238095,0.0,28.7949340401621,2.5919991514091043,0.6133961702061012,5.726793400448168,16.360544217687075,0.0,6.0,137.14285714285714,15.714285714285714,B_standard+trend_alert,adult#007,2027
139.68674688411318,93.39285714285714,0.0,0.0,6.607142857142858,0.0,19.00657038336849,0.08827682286790539,2.556565462828816,6.651306985467987,0.0,0.0,0.2857142857142857,4.285714285714286,17.5,B_standard+trend_alert,adult#008,2027
155.3692060975071,72.51984126984127,0.8134920634920636,0.0,26.666666666666668,1.607142857142857,27.018251349365624,0.32048534324639466,5.354638835926082,7.0264314098523695,2.7891156462585034,0.0,1.4285714285714286,19.285714285714285,51.07142857142857,B_standard+trend_alert,adult#009,2027
147.2043252709872,73.56150793650794,2.1726190476190474,0.0,24.265873015873016,5.882936507936508,35.63635278100989,0.5480374575283172,5.114472126564119,6.831127460482014,4.8979591836734695,0.0,1.8571428571428572,23.571428571428573,51.285714285714285,B_standard+trend_alert,adult#010,2027
146.27778634178335,74.19642857142857,0.7638888888888888,0.05952380952380953,25.039682539682538,2.867063492063492,33.51249971830883,0.5847194959292266,4.790158084903435,6.808964649295458,0.7142857142857143,0.20408163265306123,6.571428571428571,81.42857142857143,6.714285714285714,B_standard+trend_alert,child#001,2027
136.2384451756925,83.27380952380953,1.9345238095238095,0.0,14.791666666666666,4.771825396825396,37.95385427881687,0.8958928927199608,3.9152033850532044,6.568823608602565,2.585034013605442,0.0,4.428571428571429,79.28571428571429,9.0,B_standard+trend_alert,child#002,2027
134.449159118016,84.65277777777777,0.7341269841269841,0.0,14.613095238095239,2.013888888888889,31.652612819638076,0.5370457890301893,3.1174219872952045,6.5260238861029425,1.6666666666666667,0.0,5.142857142857143,60.0,7.357142857142857,B_standard+trend_alert,child#003,2027
128.71983413000527,85.53571428571428,3.8392857142857144,0.0,10.625,1.3095238095238095,33.11983239618051,1.1251896352484347,2.7757225153846616,6.388978432389726,5.3061224489795915,0.0,4.714285714285714,53.57142857142857,5.785714285714286,B_standard+trend_alert,child#004,2027
125.57916318147751,85.87301587301587,0.5853174603174603,0.0,13.541666666666666,2.4503968253968256,36.57818781093417,0.8982120831416752,2.805348281705283,6.313853583300942,0.0,0.0,3.142857142857143,64.28571428571429,20.357142857142858,B_standard+trend_alert,child#005,2027
138.73255488650065,78.78968253968253,3.075396825396825,0.2380952380952381,18.134920634920633,1.7956349206349205,32.53548448588078,0.7656191130738303,3.7481192625798045,6.628482712885096,2.2448979591836733,0.0,3.2857142857142856,51.42857142857143,8.928571428571429,B_standard+trend_alert,child#006,2027
125.95583990737359,91.875,0.6746031746031746,0.0,7.450396825396825,0.0,24.983480732899714,0.5282456995359283,1.821509302199812,6.322863690584376,2.312925170068027,0.0,2.857142857142857,40.714285714285715,15.285714285714286,B_standard+trend_alert,child#007,2027
184.18207573508792,58.2936507936508,1.597222222222222,0.0496031746031746,40.10912698412699,20.376984126984127,46.5920157832309,0.48690408156133214,12.036533906224353,7.715635251583302,2.925170068027211,0.17006802721088435,3.7142857142857144,55.714285714285715,15.785714285714286,B_standard+trend_alert,child#008,2027
137.59123027537402,87.19246031746032,1.1011904761904763,0.12896825396825395,11.706349206349206,0.31746031746031744,26.145440209208225,0.423851930531055,2.983038221163931,6.601182228186946,0.0,0.0,2.2857142857142856,38.57142857142857,5.928571428571429,B_standard+trend_alert,child#009,2027
158.35154782510756,73.81944444444444,0.0,0.0,26.180555555555557,10.248015873015873,37.80113697555942,0.2468598009330482,6.7326698333427615,7.097769023976573,0.0,0.0,2.5714285714285716,34.285714285714285,11.285714285714286,B_standard+trend_alert,child#010,2027
130.75997735607814,91.5376984126984,0.30753968253968256,0.0,8.154761904761905,0.0,23.863397096952568,0.3470748576908826,2.108206704649893,6.43777865835739,0.0,0.0,1.7142857142857142,25.714285714285715,14.5,C_twin_dose+trend_alert,adolescent#001,2027
163.1290118890216,60.06944444444444,3.9285714285714284,1.4087301587301588,36.00198412698413,8.84920634920635,39.09353123542233,0.9474101051552138,7.7712350734496205,7.212045964385396,10.612244897959183,4.829931972789116,2.857142857142857,49.285714285714285,67.42857142857143,C_twin_dose+trend_alert,adolescent#002,2027
151.8102376241262,73.9186507936508,0.4662698412698413,0.0,25.615079365079364,1.3194444444444444,27.629972737924625,0.2841742427891357,4.929398786169319,6.941300883969099,1.598639455782313,0.0,1.1428571428571428,23.571428571428573,11.142857142857142,C_twin_dose+trend_alert,adolescent#003,2027
125.62839841661656,83.15476190476191,3.8392857142857144,0.3273809523809524,13.005952380952381,4.464285714285714,39.961198046206746,1.353877995422656,3.096269263365958,6.315031290125468,11.73469387755102,1.1224489795918366,3.857142857142857,55.714285714285715,23.0,C_twin_dose+trend_alert,adolescent#004,2027
169.27830251055323,66.73611111111111,0.08928571428571429,0.0,33.17460317460317,12.886904761904761,38.903621643489906,0.1262607059518324,8.425498750547488,7.359136996052433,0.0,0.0,2.0,17.142857142857142,21.785714285714285,C_twin_dose+trend_alert,adolescent#005,2027
131.3444199121228,91.95436507936508,1.1706349206349207,0.0,6.875000000000001,1.1111111111111112,26.26974585704625,0.5370158722820926,2.3129724368623203,6.451758524297977,0.9863945578231291,0.0,4.0,53.57142857142857,53.0,C_twin_dose+trend_alert,adolescent#006,2027
161.886504822196,63.89880952380952,3.1746031746031744,0.4662698412698413,32.926587301587304,13.253968253968255,44.91032986468568,0.7771817820154862,8.226371349495167,7.1823251953469285,6.530612244897959,1.1224489795918366,3.857142857142857,72.85714285714286,44.57142857142857,C_twin_dose+trend_alert,adolescent#007,2027
176.25081430152497,57.936507936507944,3.204365079365079,0.0,38.85912698412699,14.29563492063492,47.60490583112764,0.7385200247848959,10.474493815832881,7.525919478092478,4.115646258503401,0.0,2.857142857142857,60.0,87.42857142857143,C_twin_dose+trend_alert,adolescent#008,2027
133.28634914601466,84.28571428571429,3.1646825396825395,0.2579365079365079,12.549603174603174,2.3115079365079367,34.30895923221342,1.0511360689883622,3.2498480801546314,6.498209471572671,5.3061224489795915,0.8843537414965987,4.0,68.57142857142857,17.785714285714285,C_twin_dose+trend_alert,adolescent#009,2027
139.9961917216622,82.01388888888889,1.8353174603174605,0.0,16.150793650793652,5.515873015873016,37.740957161446644,0.7103928783332892,4.259415500116126,6.658708905982159,0.0,0.0,1.0,42.857142857142854,21.857142857142858,C_twin_dose+trend_alert,adolescent#010,2027
126.92348627769768,90.83333333333333,2.3313492063492065,0.0,6.83531746031746,0.0,28.009851016557914,0.858106668722672,2.1200788747521075,6.346009791762528,7.993197278911565,0.0,2.857142857142857,42.857142857142854,31.714285714285715,C_twin_dose+trend_alert,adult#001,2027
106.0334532023097,98.27380952380952,1.7261904761904763,0.0,0.0,0.0,19.953238697344492,1.2460522261493907,0.3388084685143473,5.846320200599248,5.0,0.0,3.4285714285714284,66.42857142857143,38.92857142857143,C_twin_dose+trend_alert,adult#002,2027
133.11547952085107,93.20436507936508,0.5952380952380952,0.0,6.200396825396826,0.0,23.476626769477978,0.4378967537624653,2.3062775109800584,6.4941222701387575,0.0,0.0,2.4285714285714284,38.57142857142857,32.07142857142857,C_twin_dose+trend_alert,adult#003,2027
145.31261185938666,80.32738095238095,0.0,0.0,19.672619047619047,3.4722222222222223,32.84775305875237,0.24720013391643458,4.422923970736291,6.785877675676529,0.0,0.0,1.2857142857142858,19.285714285714285,18.214285714285715,C_twin_dose+trend_alert,adult#004,2027
142.23447940009913,86.85515873015873,0.0,0.0,13.14484126984127,0.4166666666666667,24.650568495439472,0.19953258328029733,3.331774602028718,6.712248747250372,0.0,0.0,1.0,10.714285714285714,58.857142857142854,C_twin_dose+trend_alert,adult#005,2027
130.60428853513395,82.48015873015872,4.613095238095238,0.0,12.906746031746033,4.285714285714286,40.03825025975411,1.302199345980765,3.4248516207306454,6.434054581760404,10.306122448979592,0.0,3.4285714285714284,79.28571428571429,40.142857142857146,C_twin_dose+trend_alert,adult#006,2027
129.82257264983954,82.40079365079364,2.232142857142857,0.0,15.367063492063494,0.0,31.458340265863566,1.108518684250365,2.8047741123410836,6.415355937784161,4.659863945578231,0.0,2.2857142857142856,47.142857142857146,5.5,C_twin_dose+trend_alert,adult#007,2027
125.74228573454164,96.6765873015873,0.0,0.0,3.3234126984126986,0.0,21.12500063611898,0.328351861812061,1.4564077261232218,6.317755474770236,0.0,0.0,1.5714285714285714,21.428571428571427,21.642857142857142,C_twin_dose+trend_alert,adult#008,2027
133.7523319853441,83.97817460317461,2.7182539682539684,0.6646825396825397,13.303571428571429,2.6686507936507935,33.596605130528005,0.8035803291374177,3.1999313009874992,6.509355781089431,6.666666666666667,1.258503401360544,3.2857142857142856,57.857142857142854,78.5,C_twin_dose+trend_alert,adult#009,2027
155.15835673910073,69.86111111111111,1.636904761904762,0.0,28.501984126984127,5.962301587301588,33.56127600057878,0.4454774485432491,5.963517039787939,7.0213878931992895,5.612244897959184,0.0,1.5714285714285714,17.142857142857142,44.785714285714285,C_twin_dose+trend_alert,adult#010,2027
155.19881934693456,69.5734126984127,0.4662698412698413,0.05952380952380953,29.96031746031746,4.970238095238095,33.8904364193731,0.4423424524686786,6.062644615854588,7.022355758778675,0.5442176870748299,0.20408163265306123,3.7142857142857144,45.0,4.571428571428571,C_twin_dose+trend_alert,child#001,2027
124.73149732694401,84.97023809523809,4.900793650793651,1.1607142857142858,10.128968253968255,5.029761904761905,39.71804459057476,1.6605688499215348,2.878997064351231,6.293577416060501,10.204081632653061,3.9795918367346936,5.428571428571429,105.0,11.285714285714286,C_twin_dose+trend_alert,child#002,2027
131.46843939851027,85.92261904761904,0.9424603174603174,0.0,13.134920634920636,1.3888888888888888,31.88500070663855,0.6020559797927881,2.850588490197183,6.4547250704123655,1.0884353741496597,0.0,6.428571428571429,85.71428571428571,8.714285714285714,C_twin_dose+trend_alert,child#003,2027
137.93634321627624,86.53769841269842,1.4285714285714286,0.0,12.033730158730158,1.2896825396825395,28.197784209816035,0.5321371941440068,3.1879086852512257,6.609437329733328,2.2789115646258504,0.0,3.7142857142857144,45.0,4.857142857142857,C_twin_dose+trend_alert,child#004,2027
126.72859307827117,93.17460317460318,0.3472222222222222,0.0,6.478174603174604,2.0634920634920633,31.728227421749082,0.6884142548583301,2.4293462733445406,6.341347946432247,0.0,0.0,1.5714285714285714,30.0,15.214285714285714,C_twin_dose+trend_alert,child#005,2027
136.30313872256932,85.47619047619047,1.0218253968253967,0.0,13.501984126984127,0.8333333333333334,28.281904519047263,0.38800388870833913,3.0321885765060674,6.570371078243858,1.0884353741496597,0.0,2.142857142857143,32.142857142857146,7.5,C_twin_dose+trend_alert,child#006,2027
124.38518657319045,93.04563492063492,1.4384920634920635,0.0,5.515873015873016,0.0,24.85054224076125,0.7194001363082072,1.6655346901534427,6.285293662830716,1.870748299319728,0.0,2.7142857142857144,47.142857142857146,16.357142857142858,C_twin_dose+trend_alert,child#007,2027
198.85724888524155,49.692460317460316,0.6448412698412698,0.0,49.66269841269841,25.952380952380956,43.902778206994725,0.33325082859353305,14.396146644978378,8.066665393334977,1.530612244897959,0.0,2.857142857142857,47.142857142857146,12.571428571428571,C_twin_dose+trend_alert,child#008,2027
150.2803721498643,84.41468253968254,0.0,0.0,15.58531746031746,0.2976190476190476,20.132678234802952,0.06652406691109729,3.8422812949981062,6.904706501824753,0.0,0.0,0.7142857142857143,8.571428571428571,3.7142857142857144,C_twin_dose+trend_alert,child#009,2027
156.69982327663587,74.55357142857143,0.0,0.0,25.44642857142857,8.71031746031746,35.381932131189885,0.11148060731931674,6.127015383058475,7.05825977277713,0.0,0.0,1.5714285714285714,19.285714285714285,9.5,C_twin_dose+trend_alert,child#010,2027
129.22859500848594,91.69642857142857,0.2976190476190476,0.0,8.00595238095238,0.0,24.049539006735827,0.37964852869328786,1.9900544337207116,6.401147992602984,0.0,0.0,0.8571428571428571,15.0,14.428571428571429,D_dosetwin,adolescent#001,2027
162.21148303810043,61.81547619047619,4.087301587301587,1.3194444444444444,34.09722222222222,9.027777777777777,39.43688925702153,0.9546199396532355,7.6267652671844015,7.190098674271362,11.360544217687076,4.523809523809524,3.0,51.42857142857143,68.14285714285714,D_dosetwin,adolescent#002,2027
150.47630254842971,73.75,0.4662698412698413,0.0,25.78373015873016,1.7361111111111112,28.46566775562446,0.294716764382118,4.820017093677943,6.909393156958439,1.598639455782313,0.0,0.8571428571428571,17.142857142857142,11.0,D_dosetwin,adolescent#003,2027
128.36823215573875,85.17857142857143,1.5476190476190477,0.0,13.273809523809524,4.186507936507936,38.42291011039809,0.9621671514173403,3.1960259155960515,6.380568113165271,4.081632653061225,0.0,4.714285714285714,62.142857142857146,23.142857142857142,D_dosetwin,adolescent#004,2027
166.1935497864394,67.46031746031747,0.08928571428571429,0.0,32.45039682539683,11.666666666666666,39.61402061426759,0.1878018371643542,8.079638146562218,7.28534971089163,0.0,0.0,1.4285714285714286,10.714285714285714,21.714285714285715,D_dosetwin,adolescent#005,2027
129.41221506446382,93.59126984126985,1.1805555555555556,0.0,5.228174603174604,1.1111111111111112,26.064668567287164,0.5480795331526364,2.1087719422354008,6.405540184341975,0.3401360544217687,0.0,3.4285714285714284,45.0,52.857142857142854,D_dosetwin,adolescent#006,2027
164.24561249883573,63.37301587301587,3.214285714285714,0.35714285714285715,33.41269841269841,13.640873015873014,48.30155181059408,0.8031546238093064,8.807993990220645,7.23875505097215,5.510204081632653,0.0,4.142857142857143,70.71428571428571,43.5,D_dosetwin,adolescent#007,2027
177.69453876170672,55.00000000000001,3.432539682539683,0.0,41.567460317460316,14.166666666666666,47.37036937718705,0.8257296532620821,10.767387130775386,7.560453367180026,5.646258503401361,0.0,3.142857142857143,62.142857142857146,88.21428571428571,D_dosetwin,adolescent#008,2027
132.3307506396813,85.2579365079365,2.3511904761904763,0.0,12.390873015873016,3.1448412698412698,34.77262841471948,0.9309355549870332,3.176854645519596,6.475351555301177,3.061224489795918,0.0,5.0,79.28571428571429,18.5,D_dosetwin,adolescent#009,2027
138.60601562760846,81.82539682539682,1.7956349206349205,0.36706349206349204,16.378968253968253,5.396825396825397,38.25145471003316,0.784072660560142,4.162870170695933,6.625455893812394,0.0,0.0,1.2857142857142858,40.714285714285715,21.714285714285715,D_dosetwin,adolescent#010,2027
126.43696019877686,91.91468253968253,1.7063492063492063,0.0,6.378968253968253,0.0,27.438313563556083,0.757525561104513,2.0362304222562506,6.334372087954742,5.850340136054422,0.0,2.857142857142857,36.42857142857143,31.285714285714285,D_dosetwin,adult#001,2027
106.18911927824189,99.7420634920635,0.2579365079365079,0.0,0.0,0.0,18.36734352250761,1.0444217036043022,0.28999865515631773,5.850043733135546,0.0,0.0,4.0,64.28571428571429,38.785714285714285,D_dosetwin,adult#002,2027
130.75891326610574,94.22619047619048,0.36706349206349204,0.0,5.406746031746032,0.0,24.05407390533551,0.4893112837545803,2.140185228147407,6.437753205325249,0.0,0.0,1.8571428571428572,30.0,31.928571428571427,D_dosetwin,adult#003,2027
144.59244212921357,80.66468253968254,0.0,0.0,19.335317460317462,3.5515873015873014,33.26319872210491,0.23369033042379522,4.354802564498996,6.768651215730788,0.0,0.0,1.1428571428571428,17.142857142857142,18.142857142857142,D_dosetwin,adult#004,2027
142.02674559493025,86.8452380952381,0.0,0.0,13.154761904761905,0.4662698412698413,25.113517673746188,0.23526069759139978,3.363397043323176,6.707279754630731,0.0,0.0,0.7142857142857143,8.571428571428571,58.714285714285715,D_dosetwin,adult#005,2027
125.82662386920923,86.45833333333334,3.125,0.0,10.416666666666668,2.8174603174603177,36.6582593793357,1.2053740572539557,2.670943204236685,6.319772842951485,6.122448979591836,0.0,4.428571428571429,90.0,42.714285714285715,D_dosetwin,adult#006,2027
129.69163143261477,84.73214285714286,0.5059523809523809,0.0,14.761904761904763,0.0,30.575217755575366,0.9394549071076641,2.709782102078828,6.412223823868145,0.0,0.0,2.2857142857142856,45.0,5.428571428571429,D_dosetwin,adult#007,2027
125.22140326854623,97.27182539682539,0.0,0.0,2.7281746031746033,0.0,20.23700370255221,0.3053261111689253,1.3480943627554614,6.305295966183626,0.0,0.0,1.1428571428571428,15.0,21.428571428571427,D_dosetwin,adult#008,2027
130.10918467713512,83.81944444444444,2.976190476190476,0.5753968253968255,13.204365079365079,1.7361111111111112,33.23557987255645,1.0321564252783462,2.8609678557499327,6.422211697477072,8.435374149659863,1.9727891156462583,2.857142857142857,49.285714285714285,78.78571428571429,D_dosetwin,adult#009,2027
155.3771700501778,71.43849206349206,0.6349206349206349,0.0,27.926587301587304,5.873015873015873,32.89155152526566,0.3504577921566853,5.896897041230441,7.026621907600253,2.1768707482993195,0.0,2.0,21.428571428571427,45.285714285714285,D_dosetwin,adult#010,2027
153.91861424913478,71.24007936507937,0.36706349206349204,0.05952380952380953,28.392857142857142,4.692460317460317,33.46630890353352,0.38974669545953805,5.805184030510291,6.991733252839304,0.5442176870748299,0.20408163265306123,3.142857142857143,40.714285714285715,4.5,D_dosetwin,child#001,2027
126.18918945022932,84.24603174603175,3.740079365079365,0.4067460317460318,12.01388888888889,5.4563492063492065,47.763561745066745,1.519277483921189,3.557988350274319,6.3284454116494855,8.095238095238095,1.3945578231292517,6.142857142857143,107.14285714285714,11.5,D_dosetwin,child#002,2027
128.98830336714576,86.94444444444444,0.9226190476190477,0.0,12.132936507936508,1.1805555555555556,31.36009779592628,0.6246947124334825,2.57364676325869,6.395400216542127,0.9523809523809524,0.0,6.142857142857143,79.28571428571429,8.642857142857142,D_dosetwin,child#003,2027
134.7598058248267,87.08333333333333,1.7261904761904763,0.0,11.190476190476192,0.8928571428571428,28.64987150179732,0.5871273479797252,2.9205398591998497,6.533454555329855,3.197278911564626,0.0,3.142857142857143,36.42857142857143,4.785714285714286,D_dosetwin,child#004,2027
130.1861445884621,90.34722222222223,0.0,0.0,9.652777777777779,2.371031746031746,32.34114362422979,0.7000653313518859,2.838117972387174,6.424052578556013,0.0,0.0,1.7142857142857142,32.142857142857146,15.214285714285714,D_dosetwin,child#005,2027
134.70897723239577,87.42063492063492,0.6845238095238095,0.0,11.894841269841269,0.8234126984126985,27.866925705000277,0.34252803281710154,2.8132394420604174,6.532238735398907,0.8503401360544218,0.0,1.8571428571428572,27.857142857142858,7.428571428571429,D_dosetwin,child#006,2027
123.07148174603407,94.70238095238095,0.5456349206349206,0.0,4.7519841269841265,0.0,23.689273684361396,0.602961701801462,1.4567639469229876,6.253869843365135,1.870748299319728,0.0,2.857142857142857,45.0,16.357142857142858,D_dosetwin,child#007,2027
192.93825177186886,50.28769841269841,1.488095238095238,0.0,48.22420634920635,26.051587301587304,46.8890617785649,0.5876163122722382,13.827529198032003,7.925082982383103,1.4965986394557822,0.0,2.5714285714285716,40.714285714285715,12.571428571428571,D_dosetwin,child#008,2027
149.2541220645116,84.46428571428571,0.0,0.0,15.535714285714286,0.2976190476190476,20.56377814887134,0.0685418969011263,3.7497719769313766,6.880158599783117,0.0,0.0,0.5714285714285714,6.428571428571429,3.7142857142857144,D_dosetwin,child#009,2027
156.4986521885678,74.25595238095238,0.0,0.0,25.744047619047617,8.918650793650794,36.22642037681159,0.10756053370434909,6.197886994313842,7.053447760350542,0.0,0.0,1.7142857142857142,19.285714285714285,9.5,D_dosetwin,child#010,2027
122.71682350329365,93.35317460317461,0.248015873015873,0.0,6.398809523809524,0.0,26.274225869770568,0.6796136271793026,1.702438251081519,6.245386418198784,0.0,0.0,3.5714285714285716,51.42857142857143,19.285714285714285,E_dosetwin_population_prior,adolescent#001,2027
168.47145841856056,57.876984126984134,2.013888888888889,0.4166666666666667,40.10912698412699,10.089285714285715,38.41327877370567,0.6463796189021987,8.56900406756977,7.339837285371969,5.986394557823129,1.4285714285714286,3.142857142857143,49.285714285714285,59.285714285714285,E_dosetwin_population_prior,adolescent#002,2027
143.52145289692567,81.01190476190476,0.0,0.0,18.988095238095237,0.5654761904761905,26.384994228510994,0.1958113328432909,3.6965677991632004,6.743033153294462,0.0,0.0,3.142857142857143,36.42857142857143,12.428571428571429,E_dosetwin_population_prior,adolescent#003,2027
122.36815107687171,87.22222222222223,1.8154761904761907,0.12896825396825395,10.962301587301587,4.037698412698413,39.6060623453761,1.3245587966465615,2.7597848156851903,6.237046173758771,3.571428571428571,0.44217687074829937,4.571428571428571,75.0,25.214285714285715,E_dosetwin_population_prior,adolescent#004,2027
153.25666537132503,74.15674603174604,0.8928571428571428,0.20833333333333334,24.950396825396826,8.283730158730158,39.82077274485278,0.550107432554436,6.288673418274299,6.975899435682095,0.7142857142857143,0.0,3.7142857142857144,47.142857142857146,29.428571428571427,E_dosetwin_population_prior,adolescent#005,2027
135.7457264405681,92.01388888888889,0.5158730158730158,0.0,7.470238095238095,1.6964285714285714,25.158905609322147,0.30018288121355385,2.596493492832932,6.5570377764583885,0.0,0.0,2.4285714285714284,36.42857142857143,40.642857142857146,E_dosetwin_population_prior,adolescent#006,2027
155.8676618728886,65.04960317460318,4.176587301587301,0.625,30.773809523809526,10.803571428571429,45.81198944985648,1.0342111675033838,7.411214005046095,7.0383544719994955,7.482993197278912,1.4965986394557822,5.0,83.57142857142857,50.5,E_dosetwin_population_prior,adolescent#007,2027
172.64454244111792,60.238095238095234,1.3095238095238095,0.0,38.452380952380956,14.523809523809526,45.157230599308534,0.5302803851511415,9.770447376862922,7.43965745519154,2.891156462585034,0.0,2.857142857142857,47.142857142857146,78.35714285714286,E_dosetwin_population_prior,adolescent#008,2027
121.45724211066154,89.43452380952381,2.8273809523809526,0.0,7.738095238095238,2.638888888888889,35.85029962760977,1.3163821504662951,2.26397955614838,6.2152572312870245,3.6394557823129254,0.0,7.428571428571429,122.14285714285714,23.785714285714285,E_dosetwin_population_prior,adolescent#009,2027
157.85409027466105,74.65277777777779,0.0,0.0,25.34722222222222,4.305555555555555,28.612654075831085,0.1630774574829323,5.6263157540522055,7.0858698393698925,0.0,0.0,0.8571428571428571,15.0,16.571428571428573,E_dosetwin_population_prior,adolescent#010,2027
115.75508742267571,90.38690476190476,3.194444444444444,0.1984126984126984,6.418650793650793,0.0,30.941225390135703,1.355236977823788,1.5309791795447698,6.0788616911504025,10.510204081632653,0.6802721088435374,5.428571428571429,77.14285714285714,38.714285714285715,E_dosetwin_population_prior,adult#001,2027
105.05094764334116,97.03373015873015,1.0119047619047619,0.0,1.9543650793650793,0.0,21.836020412540545,1.2615847720598823,0.43770729476639025,5.82281866762872,1.7346938775510203,0.0,5.0,85.71428571428571,41.642857142857146,E_dosetwin_population_prior,adult#002,2027
143.90791551692712,88.83928571428571,0.0,0.0,11.160714285714286,0.0,20.963138746792513,0.13392443090040293,3.2348835331176264,6.7522773391648965,0.0,0.0,1.7142857142857142,23.571428571428573,26.071428571428573,E_dosetwin_population_prior,adult#003,2027
173.16093757536387,64.01785714285714,0.0,0.0,35.982142857142854,9.424603174603174,31.06031683074303,0.016935916535427482,8.164680375844572,7.452009626802704,0.0,0.0,0.42857142857142855,6.428571428571429,13.428571428571429,E_dosetwin_population_prior,adult#004,2027
138.9977157293425,88.16468253968253,0.0,0.0,11.83531746031746,0.26785714285714285,23.17806577063339,0.16606722274560276,2.8419686870639396,6.634825360245873,0.0,0.0,2.5714285714285716,30.0,63.92857142857143,E_dosetwin_population_prior,adult#005,2027
129.4898489382627,85.77380952380952,3.581349206349206,0.0,10.644841269841269,2.569444444444444,34.82147128469503,0.9799581419431639,2.8896243132107458,6.407397186603244,3.707482993197279,0.0,2.5714285714285716,66.42857142857143,36.0,E_dosetwin_population_prior,adult#006,2027
108.3897859041192,95.11904761904762,2.609126984126984,0.0,2.2718253968253967,0.0,26.230971841509245,1.4743137465264429,0.8041593049408179,5.902683678826531,0.7142857142857143,0.0,6.857142857142857,120.0,12.428571428571429,E_dosetwin_population_prior,adult#007,2027
114.0756682719944,97.39087301587301,0.6845238095238095,0.0,1.9246031746031746,0.0,22.52809266956814,0.8219968480022832,0.8198799450074027,6.038689985066107,1.1564625850340136,0.0,4.857142857142857,64.28571428571429,27.0,E_dosetwin_population_prior,adult#008,2027
139.24817576248745,81.6170634920635,1.9047619047619049,0.0,16.478174603174605,3.7202380952380953,34.38444025023969,0.657884226267532,3.8895614708923283,6.6408163642387,4.319727891156463,0.0,2.857142857142857,45.0,66.42857142857143,E_dosetwin_population_prior,adult#009,2027
143.2451231718736,78.86904761904762,0.0,0.0,21.13095238095238,5.5853174603174605,35.9533031396089,0.3766638857042761,4.598596926799813,6.736423346271216,0.0,0.0,4.0,47.142857142857146,56.857142857142854,E_dosetwin_population_prior,adult#010,2027
143.8239903425115,76.72619047619048,0.9424603174603174,0.05952380952380953,22.33134920634921,2.976190476190476,34.38752621071197,0.6120345724175182,4.597941080071551,6.750269848992875,0.6802721088435374,0.20408163265306123,6.571428571428571,75.0,6.642857142857143,E_dosetwin_population_prior,child#001,2027
121.89605741658538,84.36507936507937,5.902777777777778,0.0,9.732142857142858,5.466269841269841,50.083243471258065,1.810082943530887,3.3502497403710008,6.225753693404722,8.775510204081632,0.0,8.0,139.28571428571428,13.785714285714286,E_dosetwin_population_prior,child#002,2027
125.56801087890598,89.42460317460318,1.0416666666666665,0.0,9.533730158730158,1.9345238095238095,32.25967933346373,0.6654011735384248,2.3126808084125945,6.313586820223431,1.8027210884353742,0.0,7.142857142857143,92.14285714285714,9.785714285714286,E_dosetwin_population_prior,child#003,2027
126.65118145056204,87.03373015873017,2.2222222222222223,0.0,10.74404761904762,0.3472222222222222,30.834884338657382,1.1036822947886666,2.417226074992232,6.3394962602974445,3.3333333333333335,0.0,6.142857142857143,90.0,7.285714285714286,E_dosetwin_population_prior,child#004,2027
135.7408088192142,85.23809523809524,0.0,0.0,14.761904761904763,2.4603174603174605,30.560026435618358,0.3608128461249988,3.171358109223205,6.556920146955604,0.0,0.0,2.7142857142857144,38.57142857142857,15.142857142857142,E_dosetwin_population_prior,child#005,2027
140.55429638232843,80.47619047619048,1.9940476190476188,0.1884920634920635,17.529761904761905,0.753968253968254,29.53526694602368,0.6121856352904052,3.6596234121879294,6.672058769465297,1.9727891156462583,0.6462585034013605,4.857142857142857,62.142857142857146,9.214285714285714,E_dosetwin_population_prior,child#006,2027
116.29098087859018,98.16468253968253,0.3472222222222222,0.0,1.488095238095238,0.0,23.45547075842237,0.8892093850635702,1.0008317109977891,6.091680262615878,0.0,0.0,5.571428571428571,75.0,21.214285714285715,E_dosetwin_population_prior,child#007,2027
167.9253289885821,59.513888888888886,4.017857142857143,1.0515873015873016,36.46825396825397,14.394841269841269,47.02398145965934,1.189999325001407,9.49553924878243,7.326773869406884,6.258503401360545,1.9387755102040816,5.714285714285714,94.28571428571429,24.142857142857142,E_dosetwin_population_prior,child#008,2027
131.41870254725154,91.03174603174602,0.20833333333333334,0.0,8.759920634920634,0.3968253968253968,26.197853375468515,0.43578067024573425,2.371534447765837,6.453535364930257,0.0,0.0,4.571428571428571,62.142857142857146,7.285714285714286,E_dosetwin_population_prior,child#009,2027
147.23940736910922,78.50198412698413,0.496031746031746,0.0,21.001984126984127,4.474206349206349,36.61612690265784,0.4151486752585899,5.02896894756033,6.831966624269093,0.4761904761904762,0.0,3.2857142857142856,40.714285714285715,12.714285714285714,E_dosetwin_population_prior,child#010,2027
112.56553537088828,95.48611111111111,3.432539682539683,0.0,1.0813492063492063,0.0,27.159041708391662,1.4777045931827082,1.06728863096816,6.002567606071648,7.108843537414966,0.0,0.0,45.0,23.428571428571427,A_standard,adolescent#001,2028
172.1711685493258,51.86507936507937,3.5515873015873014,1.4583333333333333,44.583333333333336,11.0515873015873,36.71544118080099,0.916489894452354,9.10336280152453,7.428334351699874,7.414965986394558,2.619047619047619,0.0,34.285714285714285,55.07142857142857,A_standard,adolescent#002,2028
130.27334024355932,78.3234126984127,5.60515873015873,1.3492063492063493,16.071428571428573,1.3293650793650793,34.86226481840261,1.4620450905025233,3.0923089373350474,6.426138298625939,11.122448979591837,4.625850340136054,0.0,62.142857142857146,12.071428571428571,A_standard,adolescent#003,2028
170.10799935970962,56.79563492063492,0.9722222222222222,0.0,42.232142857142854,10.714285714285714,34.996455075731596,0.3939720413235581,8.56466700399802,7.378983344684254,1.6326530612244898,0.0,0.0,15.0,17.428571428571427,A_standard,adolescent#004,2028
186.1359397933781,53.13492063492063,1.746031746031746,0.30753968253968256,45.11904761904762,19.226190476190478,37.62812452691085,0.43840112975770873,11.367978928955099,7.762371679857605,4.863945578231292,1.0544217687074828,0.0,10.714285714285714,17.785714285714285,A_standard,adolescent#005,2028
140.25679757391828,88.53174603174602,0.6547619047619048,0.0,10.813492063492063,2.013888888888889,28.905853015464565,0.3165799693335944,3.349869505478013,6.664942597968125,0.0,0.0,0.0,23.571428571428573,34.857142857142854,A_standard,adolescent#006,2028
164.69716930452816,58.70039682539683,5.416666666666667,1.2400793650793651,35.882936507936506,12.470238095238095,43.004175526273926,1.2663784409118704,8.515925618859567,7.249556289764314,13.639455782312925,3.537414965986395,0.0,32.142857142857146,35.57142857142857,A_standard,adolescent#007,2028
190.28086026304365,48.78968253968254,1.0515873015873016,0.4464285714285714,50.15873015873016,21.696428571428573,39.05554138035076,0.3704784820841273,12.380518201921369,7.8615181774920035,2.9931972789115644,1.530612244897959,0.0,12.857142857142858,52.0,A_standard,adolescent#008,2028
133.16181291018754,80.13888888888889,3.4424603174603177,0.17857142857142858,16.418650793650794,0.0,31.248204952095332,0.9437547122678501,3.1260334827741225,6.495230564811687,7.857142857142857,0.6122448979591837,0.0,30.0,10.642857142857142,A_standard,adolescent#009,2028
163.70527692279137,61.68650793650794,0.0,0.0,38.31349206349206,2.6884920634920637,30.029899555206814,0.3237627831248531,7.024032565069576,7.225830223993169,0.0,0.0,0.0,6.428571428571429,15.142857142857142,A_standard,adolescent#010,2028
150.43168150600724,77.45039682539682,0.0,0.0,22.549603174603174,2.4404761904761907,27.97405351384502,0.35065790273872455,4.753819147794269,6.908325821623693,0.0,0.0,0.0,10.714285714285714,26.857142857142858,A_standard,adult#001,2028
109.77590161016163,91.2797619047619,8.025793650793652,0.3273809523809524,0.6944444444444444,0.0,23.124045451176393,1.6055903037057904,0.55432263602128,5.935839566515066,20.952380952380953,1.1224489795918366,0.0,53.57142857142857,46.714285714285715,A_standard,adult#002,2028
164.13940876980712,64.1765873015873,0.0,0.0,35.823412698412696,1.6765873015873016,23.499618762658592,0.06372167143690585,6.312401819991474,7.236214657773786,0.0,0.0,0.0,0.0,27.214285714285715,A_standard,adult#003,2028
137.90798216332752,76.66666666666667,2.7281746031746033,0.12896825396825395,20.605158730158728,3.859126984126984,40.05937152901267,1.1343850103088016,4.443310097625489,6.608758933346794,4.45578231292517,0.0,0.0,21.428571428571427,20.214285714285715,A_standard,adult#004,2028
156.69417856775053,76.52777777777777,0.0,0.0,23.47222222222222,1.3194444444444444,21.5180980884504,0.056970687833166556,4.872993657388758,7.058124751340593,0.0,0.0,0.0,0.0,38.57142857142857,A_standard,adult#005,2028
172.6936044361472,58.452380952380956,0.376984126984127,0.0,41.17063492063492,10.307539682539682,38.917281049180986,0.3837485557714549,9.13630173455298,7.440831018112641,0.0,0.0,0.0,12.857142857142858,29.071428571428573,A_standard,adult#006,2028
122.53799755608013,89.7718253968254,1.8154761904761907,0.0,8.412698412698413,0.0,29.65052530784373,0.9913558285789463,1.9391633675988393,6.241108901541437,2.074829931972789,0.0,0.0,40.714285714285715,11.928571428571429,A_standard,adult#007,2028
138.01231490599685,89.50396825396825,0.0,0.0,10.496031746031747,0.0,21.95001003581004,0.11734213014394168,2.659973257861117,6.611254572551445,0.0,0.0,0.0,0.0,13.571428571428571,A_standard,adult#008,2028
164.30102337845406,59.36507936507937,2.857142857142857,0.8432539682539683,37.77777777777778,3.958333333333333,30.13552438276999,0.6949623867529704,7.099433252455007,7.240080479212621,8.26530612244898,2.891156462585034,0.0,17.142857142857142,48.92857142857143,A_standard,adult#009,2028
151.31529408446036,73.30357142857142,1.3392857142857142,0.0,25.357142857142854,2.6587301587301586,29.41935940745876,0.4015101235199463,4.993081883058651,6.929461834500292,4.591836734693878,0.0,0.0,10.714285714285714,50.714285714285715,A_standard,adult#010,2028
135.77474742590752,76.24007936507937,5.476190476190476,1.0714285714285714,18.283730158730158,2.6488095238095237,38.44956291672833,1.4660541346203906,4.001746941457162,6.557731958427707,9.387755102040817,1.7346938775510203,0.0,68.57142857142857,8.642857142857142,A_standard,child#001,2028
107.8311111764957,91.04166666666667,7.817460317460317,0.2281746031746032,1.1408730158730158,0.0,28.48711571304777,2.03393009182684,0.8481683355633768,5.889320179341777,17.07482993197279,0.7823129251700681,0.0,68.57142857142857,8.0,A_standard,child#002,2028
135.62383720857173,78.56150793650794,3.9880952380952377,0.4861111111111111,17.450396825396826,1.7757936507936507,34.23502218011721,1.1139145271588757,3.601907873019664,6.554122186029035,10.952380952380953,1.6666666666666667,0.0,21.428571428571427,6.714285714285714,A_standard,child#003,2028
109.19156041842301,82.97619047619048,12.5,2.857142857142857,4.523809523809524,1.1706349206349207,36.6672444390832,3.035213538611011,1.4557737832846236,5.921862125208678,19.897959183673468,5.578231292517007,0.0,94.28571428571429,8.285714285714286,A_standard,child#004,2028
126.01040468550661,82.79761904761904,4.39484126984127,1.1706349206349207,12.807539682539682,3.9285714285714284,40.16651092478417,1.6714666922085195,3.1460636678478426,6.324168880077318,11.156462585034014,4.013605442176871,0.0,32.142857142857146,19.571428571428573,A_standard,child#005,2028
146.29155574316695,68.81944444444444,3.968253968253968,1.1805555555555556,27.212301587301585,5.902777777777778,40.56017096997554,1.2570557821838975,5.642235642658185,6.809294013376554,5.408163265306123,2.9591836734693877,0.0,55.714285714285715,9.357142857142858,A_standard,child#006,2028
118.84891855009977,91.0813492063492,5.059523809523809,0.5257936507936508,3.859126984126984,1.0912698412698412,30.305080377962817,1.3916249840483712,1.633114224083738,6.152866131718387,1.9387755102040816,0.0,0.0,51.42857142857143,17.428571428571427,A_standard,child#007,2028
188.56945902286776,47.708333333333336,6.468253968253969,1.498015873015873,45.823412698412696,23.055555555555557,45.79927421355492,1.2484741732007922,12.907022391135511,7.820581459826997,14.35374149659864,4.489795918367347,0.0,51.42857142857143,16.285714285714285,A_standard,child#008,2028
124.44654240065981,84.91071428571428,5.932539682539682,0.5654761904761905,9.156746031746032,1.1706349206349207,32.61305454509601,1.4575764794944472,2.289182398537847,6.2867612942237825,9.217687074829932,1.9047619047619049,0.0,53.57142857142857,5.928571428571429,A_standard,child#009,2028
146.12885047022414,71.86507936507937,3.8194444444444446,0.5257936507936508,24.31547619047619,6.557539682539683,42.40600146598424,1.0804282206106761,5.59353282874539,6.805402103247761,9.795918367346939,1.8027210884353742,0.0,23.571428571428573,9.214285714285714,A_standard,child#010,2028
114.63345931726194,99.72222222222223,0.0,0.0,0.2777777777777778,0.0,26.074779110942515,1.1189661527126578,1.1402512106332883,6.052032346868906,0.0,0.0,3.2857142857142856,60.0,23.428571428571427,B_standard+trend_alert,adolescent#001,2028
177.45225097852153,52.34126984126984,2.5396825396825395,0.6349206349206349,45.11904761904762,13.998015873015873,35.61951609747299,0.6008577731877187,9.875634967198197,7.554657843406234,4.829931972789116,0.0,2.2857142857142856,36.42857142857143,54.5,B_standard+trend_alert,adolescent#002,2028
131.9477983608177,83.73015873015873,1.597222222222222,0.0,14.672619047619047,1.5575396825396826,33.32902099798444,0.7462796211058523,3.1378585446236786,6.466191336790759,2.2448979591836733,0.0,4.0,72.85714285714286,12.142857142857142,B_standard+trend_alert,adolescent#003,2028
172.34943549147658,56.785714285714285,0.0,0.0,43.214285714285715,11.190476190476192,34.39827259747342,0.23987255517278705,8.816671867836083,7.432598496956119,0.0,0.0,1.2857142857142858,19.285714285714285,17.428571428571427,B_standard+trend_alert,adolescent#004,2028
183.79347361850637,57.013888888888886,0.753968253968254,0.0,42.232142857142854,18.859126984126984,37.53857758056763,0.2816111413035857,10.849237262011611,7.706339888954673,1.0544217687074828,0.0,1.0,19.285714285714285,19.071428571428573,B_standard+trend_alert,adolescent#005,2028
141.75858124660596,87.60912698412699,0.8928571428571428,0.0,11.498015873015872,2.003968253968254,28.03701742868889,0.2724120700396255,3.420601498457055,6.700865263418814,0.0,0.0,2.2857142857142856,32.142857142857146,35.07142857142857,B_standard+trend_alert,adolescent#006,2028
165.4869259393728,63.74999999999999,1.1805555555555556,0.3472222222222222,35.06944444444444,13.26388888888889,40.366361212001436,0.5260246347614146,8.293111019407867,7.268447268469798,3.503401360544218,1.1904761904761905,2.857142857142857,45.0,37.857142857142854,B_standard+trend_alert,adolescent#007,2028
190.52724502520294,52.01388888888889,0.42658730158730157,0.0,47.55952380952381,22.6984126984127,40.15704972869101,0.268969217208182,12.422892137793983,7.867411701002855,1.4625850340136055,0.0,1.8571428571428572,17.142857142857142,53.0,B_standard+trend_alert,adolescent#008,2028
137.70434879596385,80.72420634920636,1.369047619047619,0.0,17.90674603174603,0.2777777777777778,28.84856084718287,0.5149442126720022,3.347064184130295,6.603888023199455,3.9455782312925165,0.0,2.5714285714285716,45.0,10.571428571428571,B_standard+trend_alert,adolescent#009,2028
166.94764011919855,61.18055555555556,0.21825396825396826,0.0,38.601190476190474,4.474206349206349,28.64242829733491,0.16192323008872778,7.323943200423728,7.303387551651229,0.0,0.0,0.8571428571428571,15.0,15.428571428571429,B_standard+trend_alert,adolescent#010,2028
152.0416777383519,76.97420634920636,0.0,0.0,23.02579365079365,2.1031746031746033,26.547243696346374,0.24129094860317013,4.794589789706131,6.946836931501378,0.0,0.0,1.1428571428571428,17.142857142857142,27.071428571428573,B_standard+trend_alert,adult#001,2028
112.099075476232,97.11309523809524,1.607142857142857,0.0,1.2797619047619047,0.0,22.16836131509551,1.1039031746597179,0.6480991040429451,5.9914098853914695,5.510204081632653,0.0,3.4285714285714284,66.42857142857143,46.5,B_standard+trend_alert,adult#002,2028
165.47879701474304,64.42460317460318,0.0,0.0,35.57539682539683,1.6765873015873016,22.834141121161945,0.061839947951133865,6.462483967268104,7.268252824592654,0.0,0.0,0.5714285714285714,6.428571428571429,27.357142857142858,B_standard+trend_alert,adult#003,2028
146.36466061262357,77.50992063492063,0.8134920634920636,0.0,21.676587301587304,3.859126984126984,35.18681220501975,0.4995728762807161,4.882297759768333,6.811042681853956,0.03401360544217687,0.0,3.2857142857142856,47.142857142857146,20.642857142857142,B_standard+trend_alert,adult#004,2028
157.12529811671163,76.72619047619048,0.0,0.0,23.273809523809526,1.3194444444444444,21.315744708359333,0.049144780302654636,4.895414289921061,7.068437130951742,0.0,0.0,0.2857142857142857,4.285714285714286,38.92857142857143,B_standard+trend_alert,adult#005,2028
174.74039178139364,55.98214285714286,0.9821428571428571,0.0,43.03571428571429,9.920634920634921,34.6397995267418,0.30578350465853954,9.101008255507534,7.489790171410936,0.0,0.0,1.2857142857142858,21.428571428571427,29.714285714285715,B_standard+trend_alert,adult#006,2028
126.66190284207252,90.12896825396825,0.4365079365079365,0.0,9.43452380952381,0.0,28.08715920586526,0.6751456772402131,2.146209260021065,6.3397527159823746,0.0,0.0,3.5714285714285716,57.857142857142854,12.142857142857142,B_standard+trend_alert,adult#007,2028
139.8361808430977,89.19642857142858,0.0,0.0,10.803571428571429,0.0,21.2935983280693,0.09195064664445488,2.797818720025858,6.654881445766897,0.0,0.0,0.7142857142857143,8.571428571428571,13.571428571428571,B_standard+trend_alert,adult#008,2028
167.7802290601089,58.96825396825397,1.150793650793651,0.0,39.88095238095239,4.434523809523809,28.244573844551844,0.35272746254736415,7.42259491343318,7.323303079117805,3.6054421768707483,0.0,2.0,21.428571428571427,48.642857142857146,B_standard+trend_alert,adult#009,2028
152.54467036966048,76.33928571428571,0.0,0.0,23.660714285714285,2.5595238095238093,27.227715892289993,0.16509606244685868,4.8937820451852305,6.958868515242279,0.0,0.0,0.7142857142857143,15.0,51.214285714285715,B_standard+trend_alert,adult#010,2028
142.24467087153977,78.50198412698413,1.1607142857142858,0.0,20.33730158730159,2.797619047619048,33.55950213573834,0.4801330957663151,4.1917201377967785,6.712492527247232,1.8367346938775513,0.0,6.428571428571429,81.42857142857143,8.285714285714286,B_standard+trend_alert,child#001,2028
109.37850611909408,96.6765873015873,2.1825396825396823,0.0,1.1408730158730158,0.0,23.978329539303974,1.2113944624625301,0.6786965128628513,5.926333866368731,2.517006802721088,0.0,3.5714285714285716,68.57142857142857,7.785714285714286,B_standard+trend_alert,child#002,2028
146.820502155452,77.78769841269842,0.8928571428571428,0.0,21.319444444444443,1.488095238095238,30.7527861773016,0.4534216084789674,4.5320089723262384,6.821946411558412,1.0884353741496597,0.0,3.142857142857143,32.142857142857146,6.928571428571429,B_standard+trend_alert,child#003,2028
110.99820970491415,91.00198412698413,4.692460317460317,0.6646825396825397,4.305555555555555,1.2301587301587302,31.158768503475365,1.6104371786809022,1.160532123234269,5.965077176141547,8.435374149659863,2.2789115646258504,6.571428571428571,102.85714285714286,8.071428571428571,B_standard+trend_alert,child#004,2028
130.52962667458533,85.90277777777777,0.4861111111111111,0.0,13.61111111111111,2.5396825396825395,33.53362161961616,0.7003390631304558,2.953129910470996,6.432268670056081,0.17006802721088435,0.0,2.142857142857143,40.714285714285715,19.428571428571427,B_standard+trend_alert,child#005,2028
149.97799598591422,71.62698412698413,0.4365079365079365,0.0,27.936507936507937,3.432539682539683,33.085596558157846,0.3636506425953081,5.254274445157898,6.897473663983068,1.4965986394557822,0.0,2.4285714285714284,38.57142857142857,7.857142857142857,B_standard+trend_alert,child#006,2028
118.90608536890578,94.97023809523809,1.0714285714285714,0.0,3.958333333333333,0.4662698412698413,27.989313228967642,1.0338046251751116,1.4896965091001768,6.154233562024226,0.0,0.0,2.4285714285714284,53.57142857142857,17.285714285714285,B_standard+trend_alert,child#007,2028
186.0060787505559,54.44444444444444,2.2123015873015874,0.4662698412698413,43.34325396825397,23.65079365079365,47.45662126791913,0.7234401839441573,12.655723456546351,7.759265403713297,7.585034013605442,1.598639455782313,4.0,55.714285714285715,17.571428571428573,B_standard+trend_alert,child#008,2028
128.17363079747952,89.24603174603175,1.0218253968253967,0.0,9.732142857142858,0.36706349206349204,29.49591688280202,0.7444197779170559,2.375839164624528,6.37591324867571,0.37414965986394555,0.0,5.714285714285714,68.57142857142857,6.0,B_standard+trend_alert,child#009,2028
150.44849159567758,78.90873015873015,0.0,0.0,21.091269841269842,5.634920634920635,33.418138640198826,0.18398067163159176,5.148680724485687,6.908727918968608,0.0,0.0,2.5714285714285716,36.42857142857143,9.428571428571429,B_standard+trend_alert,child#010,2028
126.48589947652792,99.72222222222223,0.0,0.0,0.2777777777777778,0.0,19.0236477794338,0.13624651056880258,1.4045221003961676,6.335542715478548,0.0,0.0,0.7142857142857143,10.714285714285714,15.285714285714286,C_twin_dose+trend_alert,adolescent#001,2028
157.10613999365083,66.88492063492063,2.1825396825396823,0.4464285714285714,30.932539682539684,8.521825396825397,41.67604229528698,0.8317283371384985,7.11411942142798,7.067978868648128,3.4013605442176873,0.9863945578231291,4.428571428571429,60.0,90.14285714285714,C_twin_dose+trend_alert,adolescent#002,2028
147.76080722390256,71.6765873015873,1.636904761904762,0.0,26.686507936507937,2.857142857142857,31.890997005176324,0.468187338135798,4.858900335791979,6.844438508795749,5.612244897959184,0.0,2.0,23.571428571428573,8.142857142857142,C_twin_dose+trend_alert,adolescent#003,2028
150.10592457080332,73.31349206349206,0.3968253968253968,0.0,26.28968253968254,5.0,35.13934125429758,0.5091003721604174,5.504407422159557,6.900533715733616,0.0,0.0,2.2857142857142856,36.42857142857143,21.5,C_twin_dose+trend_alert,adolescent#004,2028
160.42862349896737,67.02380952380952,1.3095238095238095,0.0,31.666666666666664,9.682539682539684,38.446808809584596,0.4060198843665538,7.224614657534573,7.1474526740953,4.0476190476190474,0.0,1.0,19.285714285714285,22.928571428571427,C_twin_dose+trend_alert,adolescent#005,2028
138.90628063376025,88.46230158730158,1.3392857142857142,0.0,10.198412698412698,1.755952380952381,28.4699161136725,0.3686848544077527,3.134072816087428,6.632638232759545,0.0,0.0,3.142857142857143,55.714285714285715,46.142857142857146,C_twin_dose+trend_alert,adolescent#006,2028
166.76416675048037,64.16666666666667,1.8253968253968256,0.0,34.007936507936506,13.16468253968254,41.77598771930748,0.5522658362785056,8.60302177516668,7.29899886867149,3.707482993197279,0.0,3.142857142857143,40.714285714285715,36.07142857142857,C_twin_dose+trend_alert,adolescent#007,2028
176.44888487648387,56.98412698412698,3.8392857142857144,0.42658730158730157,39.176587301587304,15.109126984126982,47.237282733146294,0.8204458206939961,10.52910209351219,7.530657326245494,6.870748299319727,0.5102040816326531,2.7142857142857144,47.142857142857146,84.42857142857143,C_twin_dose+trend_alert,adolescent#008,2028
132.8088124784052,85.01984126984127,0.30753968253968256,0.0,14.672619047619047,1.1011904761904763,30.58479382003719,0.6223080591681935,2.9235460218665708,6.486786794483452,0.0,0.0,3.2857142857142856,51.42857142857143,11.785714285714286,C_twin_dose+trend_alert,adolescent#009,2028
144.2069084985243,77.16269841269842,0.42658730158730157,0.0,22.41071428571429,1.4186507936507937,28.789491489729222,0.3722624354149142,4.064882683846827,6.759429251284702,0.20408163265306123,0.0,2.142857142857143,51.42857142857143,21.071428571428573,C_twin_dose+trend_alert,adolescent#010,2028
136.01636669752003,79.12698412698413,3.2539682539682544,0.30753968253968256,17.61904761904762,1.4682539682539681,32.5603488798888,0.9202724989871065,3.5074780849088016,6.563511491404679,6.768707482993197,1.0544217687074828,4.285714285714286,62.142857142857146,37.285714285714285,C_twin_dose+trend_alert,adult#001,2028
119.60952131843237,98.03571428571428,0.9226190476190477,0.0,1.0416666666666665,0.0,21.165261989992786,0.7712011969996593,0.9845023392275755,6.171059749936902,3.1632653061224487,0.0,2.2857142857142856,45.0,40.142857142857146,C_twin_dose+trend_alert,adult#002,2028
138.41382121467106,79.87103174603175,1.398809523809524,0.06944444444444445,18.73015873015873,0.9523809523809524,31.4987889371882,0.7540694983068426,3.7227884275925063,6.620858603454932,0.0,0.0,4.0,72.85714285714286,47.357142857142854,C_twin_dose+trend_alert,adult#003,2028
157.78211386008186,72.44047619047619,0.08928571428571429,0.0,27.4702380952381,6.4484126984126995,34.74751889013143,0.2105927688889669,6.3247318660606755,7.0841481635331585,0.0,0.0,1.7142857142857142,25.714285714285715,15.928571428571429,C_twin_dose+trend_alert,adult#004,2028
129.0296523631081,89.82142857142857,0.0,0.0,10.178571428571429,0.9722222222222222,28.344832286198734,0.4911474788530611,2.3180400508362577,6.396389284525546,0.0,0.0,2.4285714285714284,38.57142857142857,60.214285714285715,C_twin_dose+trend_alert,adult#005,2028
149.25023707704784,76.5079365079365,2.232142857142857,0.0,21.259920634920633,5.902777777777778,36.48629055896741,0.6813558616550119,5.269923828621233,6.880065670882985,2.2108843537414966,0.0,2.4285714285714284,45.0,37.57142857142857,C_twin_dose+trend_alert,adult#006,2028
132.55692623438284,86.97420634920636,0.0,0.0,13.025793650793652,0.0,27.56757375785674,0.44945311401074356,2.6518609751983546,6.480761675526438,0.0,0.0,3.4285714285714284,45.0,10.285714285714286,C_twin_dose+trend_alert,adult#007,2028
129.5540514955573,88.09523809523809,0.8829365079365079,0.0,11.021825396825397,0.0,27.53801492601511,0.6293171039376142,2.415120925906763,6.40893291177373,0.0,0.0,3.0,55.714285714285715,18.214285714285715,C_twin_dose+trend_alert,adult#008,2028
151.55222888067834,70.04960317460316,2.8174603174603177,0.8234126984126985,27.132936507936506,4.285714285714286,34.166704188193094,0.729260521107092,5.483597273624299,6.935129314825826,8.80952380952381,2.8231292517006805,3.5714285714285716,60.0,77.92857142857143,C_twin_dose+trend_alert,adult#009,2028
143.1885166974,81.6170634920635,0.0,0.0,18.38293650793651,2.400793650793651,27.82968251365997,0.205982588869003,3.7281571272086613,6.735069319401807,0.0,0.0,1.7142857142857142,27.857142857142858,59.357142857142854,C_twin_dose+trend_alert,adult#010,2028
152.14945495890424,75.22817460317461,0.4067460317460318,0.0,24.365079365079364,5.52579365079365,33.93607772190992,0.2332785666004407,5.396076299477352,6.94941496261699,1.0544217687074828,0.0,2.7142857142857144,30.0,4.857142857142857,C_twin_dose+trend_alert,child#001,2028
131.05297157846303,91.92460317460316,0.5257936507936508,0.0,7.549603174603174,0.0,25.691956220783425,0.45597686731940207,2.2968231532956227,6.444787080156836,0.0,0.0,1.7142857142857142,32.142857142857146,4.857142857142857,C_twin_dose+trend_alert,child#002,2028
148.1901019912597,75.73412698412699,0.31746031746031744,0.0,23.9484126984127,3.4623015873015874,32.53157051602751,0.41911105759551137,4.887850892158424,6.854707239630931,1.0884353741496597,0.0,2.7142857142857144,25.714285714285715,6.142857142857143,C_twin_dose+trend_alert,child#003,2028
132.4972235280411,84.78174603174602,2.619047619047619,0.42658730158730157,12.599206349206348,1.3591269841269842,30.551854655022826,0.7951116553444378,2.847527929597377,6.479333586790743,5.986394557823129,1.4625850340136055,2.4285714285714284,42.857142857142854,4.357142857142857,C_twin_dose+trend_alert,child#004,2028
140.2017345878243,84.29563492063492,1.121031746031746,0.0,14.583333333333334,2.5396825396825395,29.933514346497496,0.4318010430046466,3.575119554466489,6.663625491340757,2.1768707482993195,0.0,1.1428571428571428,27.857142857142858,16.214285714285715,C_twin_dose+trend_alert,child#005,2028
162.1608950914981,65.69444444444444,0.6150793650793651,0.0,33.69047619047619,5.01984126984127,30.87208362205722,0.3061502431546838,6.7047880677194875,7.188888610588634,0.7482993197278911,0.0,1.2857142857142858,27.857142857142858,6.428571428571429,C_twin_dose+trend_alert,child#006,2028
134.1339970105542,89.7718253968254,0.0,0.0,10.228174603174603,0.8134920634920636,26.40415285786208,0.45574935424121654,2.636166727736593,6.518485208492456,0.0,0.0,1.4285714285714286,23.571428571428573,11.428571428571429,C_twin_dose+trend_alert,child#007,2028
186.09333066292686,55.44642857142858,0.9523809523809524,0.3373015873015873,43.601190476190474,21.517857142857146,43.447998670384344,0.34072651293090783,11.935111507101649,7.761352469457211,3.2653061224489797,1.1564625850340136,3.142857142857143,47.142857142857146,15.357142857142858,C_twin_dose+trend_alert,child#008,2028
143.48911847140064,84.21626984126985,0.0,0.0,15.783730158730158,1.2301587301587302,25.896756272521454,0.18389237785275928,3.617896503135746,6.742259713835903,0.0,0.0,1.5714285714285714,19.285714285714285,2.7142857142857144,C_twin_dose+trend_alert,child#009,2028
149.73506396623424,75.625,0.4365079365079365,0.0,23.938492063492063,6.77579365079365,35.30733453842378,0.2979535649975739,5.29272753912139,6.891662730072323,0.0,0.0,2.2857142857142856,34.285714285714285,9.142857142857142,C_twin_dose+trend_alert,child#010,2028
125.45429170677295,99.72222222222223,0.0,0.0,0.2777777777777778,0.0,18.70584033191933,0.14605847650272114,1.3024011901697772,6.3108666576260095,0.0,0.0,0.2857142857142857,4.285714285714286,15.285714285714286,D_dosetwin,adolescent#001,2028
160.904384597374,60.952380952380956,3.2242063492063497,0.36706349206349204,35.823412698412696,10.406746031746032,40.6706388611554,0.8915723410471016,7.772764482679526,7.158832879569186,2.585034013605442,0.0,4.428571428571429,62.142857142857146,88.57142857142857,D_dosetwin,adolescent#002,2028
145.6263081654118,75.55555555555556,0.8928571428571428,0.0,23.5515873015873,3.6904761904761907,32.3720781681542,0.4198565343104873,4.582666654533772,6.793381291316651,1.598639455782313,0.0,2.7142857142857144,36.42857142857143,8.857142857142858,D_dosetwin,adolescent#003,2028
150.0770094816382,73.34325396825396,0.3968253968253968,0.0,26.259920634920636,5.009920634920635,35.10079142029071,0.5070822176554871,5.4959922469402915,6.899842066800787,0.0,0.0,2.4285714285714284,36.42857142857143,21.5,D_dosetwin,adolescent#004,2028
158.62039782230073,69.6626984126984,0.248015873015873,0.0,30.08928571428571,8.591269841269842,38.145215438440275,0.22507402456620407,6.863295082725629,7.104199915909433,0.6462585034013605,0.0,0.8571428571428571,15.0,22.785714285714285,D_dosetwin,adolescent#005,2028
135.90106740948735,89.30555555555556,1.2003968253968256,0.0,9.494047619047619,1.746031746031746,29.352356735624845,0.3794719411366363,2.904257729118789,6.560753532434937,0.0,0.0,2.5714285714285716,45.0,46.0,D_dosetwin,adolescent#006,2028
165.66487162085357,64.44444444444444,1.7361111111111112,0.0,33.81944444444444,12.748015873015872,42.542547846553425,0.6361215432653521,8.53459092683728,7.272703729170818,3.4693877551020407,0.0,3.142857142857143,38.57142857142857,36.142857142857146,D_dosetwin,adolescent#007,2028
179.25686225417206,52.916666666666664,4.067460317460317,0.5357142857142857,43.01587301587302,15.307539682539684,46.62881672546231,0.8486343737389256,11.01046056438751,7.597824145119796,7.891156462585033,1.1224489795918366,2.7142857142857144,51.42857142857143,84.35714285714286,D_dosetwin,adolescent#008,2028
130.97705714235167,86.36904761904762,0.30753968253968256,0.0,13.323412698412698,0.2380952380952381,28.639829287466355,0.6237134607446763,2.6108416655999487,6.442971206845052,0.0,0.0,3.4285714285714284,49.285714285714285,11.857142857142858,D_dosetwin,adolescent#009,2028
144.31756528869585,78.66071428571428,0.3273809523809524,0.0,21.011904761904763,1.1904761904761905,27.830082167390515,0.3434742618735213,3.987387867381119,6.762076161705605,0.44217687074829937,0.0,3.0,51.42857142857143,21.071428571428573,D_dosetwin,adolescent#010,2028
131.30101363439468,86.53769841269842,1.5674603174603174,0.0,11.894841269841269,1.4384920634920635,31.584562331652254,0.7729176154437446,2.879570944979697,6.45072024613472,3.4693877551020407,0.0,5.571428571428571,68.57142857142857,38.92857142857143,D_dosetwin,adult#001,2028
119.44020818371452,98.4920634920635,0.4662698412698413,0.0,1.0416666666666665,0.0,20.047731881897345,0.6157935708740265,0.9159221250932158,6.167009779754451,1.598639455782313,0.0,2.5714285714285716,38.57142857142857,39.642857142857146,D_dosetwin,adult#002,2028
138.8281833506545,79.22619047619047,1.7162698412698414,0.10912698412698413,19.05753968253968,0.9325396825396826,31.90416918655205,0.8130850807097207,3.828664331148247,6.630770145747656,0.2380952380952381,0.0,4.0,75.0,47.57142857142857,D_dosetwin,adult#003,2028
155.26191665790304,72.82738095238095,0.0,0.0,27.172619047619044,5.942460317460317,35.67787399267491,0.26043528797937915,6.102695498370933,7.023865046457041,0.0,0.0,1.2857142857142858,19.285714285714285,15.928571428571429,D_dosetwin,adult#004,2028
126.98542614763781,90.91269841269842,0.5456349206349206,0.0,8.541666666666666,0.992063492063492,28.445564510055387,0.5647498973975442,2.129700163021366,6.347491393451497,0.0,0.0,1.8571428571428572,23.571428571428573,58.285714285714285,D_dosetwin,adult#005,2028
149.3672419768702,78.46230158730158,1.5873015873015872,0.0,19.950396825396826,6.140873015873016,36.936642880488954,0.5650876509515413,5.236123302156705,6.8828644280867355,1.292517006802721,0.0,2.857142857142857,45.0,37.5,D_dosetwin,adult#006,2028
131.3888036614388,87.02380952380952,0.21825396825396826,0.0,12.757936507936506,0.0,27.814682492526416,0.5211863615815792,2.544255872913629,6.452820183581617,0.0,0.0,2.857142857142857,40.714285714285715,10.285714285714286,D_dosetwin,adult#007,2028
127.42549613596616,90.04960317460318,0.17857142857142858,0.0,9.771825396825397,0.0,28.14158619297228,0.7090961700054741,2.2870137894036846,6.358017867572311,0.0,0.0,3.142857142857143,51.42857142857143,19.142857142857142,D_dosetwin,adult#008,2028
143.7254258316534,72.19246031746032,4.226190476190476,1.0714285714285714,23.581349206349206,2.946428571428571,34.26565381906892,1.0444049252048708,4.598992157157869,6.747912185893149,11.564625850340136,3.6734693877551026,3.2857142857142856,60.0,80.85714285714286,D_dosetwin,adult#009,2028
142.7534991470832,82.82738095238096,0.0,0.0,17.172619047619047,2.5,28.324271100549552,0.23253398825421276,3.719613460782846,6.7246636995982305,0.0,0.0,1.4285714285714286,23.571428571428573,58.785714285714285,D_dosetwin,adult#010,2028
151.97647998601258,75.33730158730158,0.30753968253968256,0.0,24.35515873015873,5.4563492063492065,33.823544725100355,0.22596295816079073,5.378968180216787,6.945277401265421,1.0544217687074828,0.0,2.2857142857142856,27.857142857142858,4.857142857142857,D_dosetwin,child#001,2028
132.27699218471622,89.9702380952381,0.36706349206349204,0.0,9.662698412698413,0.0,27.687696030091153,0.4744252061811708,2.5914528046173646,6.474065653058412,0.0,0.0,1.7142857142857142,27.857142857142858,4.714285714285714,D_dosetwin,child#002,2028
146.34345613115832,78.42261904761905,0.30753968253968256,0.0,21.26984126984127,2.6884920634920637,31.593197208910816,0.3940668122738157,4.516684119011915,6.810535470657307,0.0,0.0,2.4285714285714284,25.714285714285715,6.071428571428571,D_dosetwin,child#003,2028
136.53064838780853,81.73611111111111,1.2599206349206349,0.12896825396825395,17.003968253968253,2.003968253968254,32.34851441798521,0.6331032673578633,3.5114430872738343,6.57581310943638,3.4693877551020407,0.44217687074829937,2.5714285714285716,42.857142857142854,4.285714285714286,D_dosetwin,child#004,2028
138.4225998592154,87.41071428571429,0.0,0.0,12.589285714285714,2.5595238095238093,29.93411183874289,0.3799042314448278,3.351464615458065,6.621068588632433,0.0,0.0,1.5714285714285714,27.857142857142858,16.285714285714285,D_dosetwin,child#005,2028
160.21228943438263,66.58730158730158,0.5456349206349206,0.0,32.867063492063494,2.9166666666666665,28.904714327264585,0.2353674985900753,6.1974176692119425,7.142277963270432,1.870748299319728,0.0,1.0,17.142857142857142,6.0,D_dosetwin,child#006,2028
135.56797170025942,88.61111111111111,0.0,0.0,11.38888888888889,0.8134920634920636,26.139535483449983,0.40775394859970326,2.762281425060787,6.5527858830702055,0.0,0.0,2.0,27.857142857142858,11.571428571428571,D_dosetwin,child#007,2028
183.00961591684103,60.029761904761905,0.5853174603174603,0.0,39.38492063492063,19.910714285714285,42.59647561861838,0.2410115213235333,11.237058875283466,7.687590012730837,1.5646258503401362,0.0,2.5714285714285716,40.714285714285715,15.0,D_dosetwin,child#008,2028
141.78823162103117,84.29563492063492,0.0,0.0,15.704365079365079,1.2301587301587302,26.449401609668122,0.19311054085332435,3.4726287477728035,6.701574500375066,0.0,0.0,1.1428571428571428,15.0,2.7142857142857144,D_dosetwin,child#009,2028
148.87021269665354,76.68650793650794,0.0,0.0,23.313492063492063,6.7063492063492065,35.991980132405,0.2686202226389985,5.225025469578469,6.870975487703953,0.0,0.0,2.2857142857142856,32.142857142857146,8.928571428571429,D_dosetwin,child#010,2028
122.47075415526727,98.48214285714286,0.0,0.0,1.5178571428571428,0.0,24.51841783425262,0.6110841547459238,1.558922903580449,6.239500439393993,0.0,0.0,4.285714285714286,60.0,20.642857142857142,E_dosetwin_population_prior,adolescent#001,2028
158.54682092089175,62.98611111111111,3.859126984126984,0.2281746031746032,33.154761904761905,8.273809523809524,38.34647669177464,0.8015636600434665,7.08267672160283,7.10243995642773,5.374149659863946,0.0,3.4285714285714284,53.57142857142857,77.78571428571429,E_dosetwin_population_prior,adolescent#002,2028
132.76029581341382,84.22619047619048,0.2380952380952381,0.0,15.535714285714286,1.2896825396825395,31.0214813118257,0.5578449956425323,2.986138074535368,6.485626275856859,0.8163265306122449,0.0,4.142857142857143,60.0,11.214285714285714,E_dosetwin_population_prior,adolescent#003,2028
146.76197514178344,75.09920634920636,0.3472222222222222,0.0,24.553571428571427,4.4146825396825395,35.06114672584004,0.5014577314729315,5.061198804181452,6.82054644539146,1.1904761904761905,0.0,2.142857142857143,32.142857142857146,21.642857142857142,E_dosetwin_population_prior,adolescent#004,2028
152.88336899054912,72.34126984126983,0.753968253968254,0.0,26.904761904761905,7.063492063492063,39.533310314188945,0.48069586069208314,6.220028017207482,6.966970186253935,1.870748299319728,0.0,2.7142857142857144,36.42857142857143,26.428571428571427,E_dosetwin_population_prior,adolescent#005,2028
137.91796089946243,88.79960317460316,0.9722222222222222,0.0,10.228174603174603,1.498015873015873,29.061177569337243,0.42500706919544884,3.099629203128904,6.608997624715141,0.0,0.0,2.7142857142857144,42.857142857142854,41.785714285714285,E_dosetwin_population_prior,adolescent#006,2028
156.71614514280574,72.5,2.986111111111111,0.2579365079365079,24.51388888888889,9.255952380952381,48.60811826238974,0.8825868842263801,7.321599342152477,7.0586501918159135,5.850340136054422,0.0,4.0,66.42857142857143,46.642857142857146,E_dosetwin_population_prior,adolescent#007,2028
175.85361372248352,62.291666666666664,1.5674603174603174,0.0,36.14087301587301,15.773809523809524,44.868290421432945,0.45680574085997416,10.217483056308227,7.5164184402418055,2.7551020408163267,0.0,2.7142857142857144,30.0,68.78571428571429,E_dosetwin_population_prior,adolescent#008,2028
128.9561554977848,88.28373015873015,1.1607142857142858,0.0,10.555555555555555,1.121031746031746,30.462427079964016,0.7131359042209046,2.5114627715256796,6.394631239507013,2.0068027210884356,0.0,4.428571428571429,60.0,13.142857142857142,E_dosetwin_population_prior,adolescent#009,2028
159.04835043951323,69.4047619047619,0.0,0.0,30.5952380952381,1.8452380952380953,25.542697680015213,0.09200976499868427,5.691588665890569,7.114436542513157,0.0,0.0,2.142857142857143,30.0,17.071428571428573,E_dosetwin_population_prior,adolescent#010,2028
131.9351748174092,86.5079365079365,1.4682539682539681,0.0,12.023809523809524,2.0535714285714284,32.73481041413038,0.7432038306084849,3.055710911929088,6.465889381632428,2.9931972789115644,0.0,3.857142857142857,60.0,38.0,E_dosetwin_population_prior,adult#001,2028
107.51261741817405,98.84920634920636,0.0,0.0,1.150793650793651,0.0,20.016463908269344,0.9546956495855825,0.43010770463337156,5.881701808642723,0.0,0.0,6.571428571428571,100.71428571428571,52.5,E_dosetwin_population_prior,adult#002,2028
148.86000818235786,77.85714285714286,0.0,0.0,22.142857142857142,1.4384920634920635,27.52471678333527,0.2371169650516523,4.523183596359005,6.870731395722,0.0,0.0,3.5714285714285716,47.142857142857146,37.285714285714285,E_dosetwin_population_prior,adult#003,2028
166.9235197576125,63.04563492063492,0.0,0.0,36.95436507936508,8.740079365079364,33.07706705608642,0.09509599896335205,7.620832368750441,7.302810592602091,0.0,0.0,1.0,15.0,13.785714285714286,E_dosetwin_population_prior,adult#004,2028
134.38266558563578,88.26388888888889,0.0,0.0,11.73611111111111,1.3095238095238095,28.199286621232964,0.38836085704443707,2.799907224308966,6.524433360808407,0.0,0.0,2.142857142857143,25.714285714285715,53.92857142857143,E_dosetwin_population_prior,adult#005,2028
140.25747428495748,85.4563492063492,1.3293650793650793,0.0,13.214285714285715,1.9642857142857142,31.41483884884301,0.6433136010906718,3.649538048346152,6.664958784896183,0.0,0.0,3.0,57.857142857142854,40.57142857142857,E_dosetwin_population_prior,adult#006,2028
128.36299926637437,89.42460317460318,0.4365079365079365,0.0,10.13888888888889,0.0,28.120303438464056,0.5484531862882372,2.273292095403873,6.380442942451675,0.0,0.0,4.142857142857143,60.0,11.785714285714286,E_dosetwin_population_prior,adult#007,2028
127.047797583537,88.08531746031746,0.0,0.0,11.91468253968254,0.0,27.72215551628853,0.6024403447807124,2.192629523572329,6.348983318198205,0.0,0.0,4.857142857142857,68.57142857142857,20.285714285714285,E_dosetwin_population_prior,adult#008,2028
155.83997127354365,68.80952380952381,1.6865079365079365,0.2380952380952381,29.503968253968253,3.7996031746031744,33.48680451289649,0.5988768094543147,6.055876664920605,7.037692112863164,5.136054421768708,0.8163265306122449,3.0,38.57142857142857,60.785714285714285,E_dosetwin_population_prior,adult#009,2028
136.59713691383487,85.66468253968253,0.08928571428571429,0.0,14.246031746031745,2.073412698412698,29.6375024257028,0.4229738942600345,3.1989181896794383,6.57740351497893,0.30612244897959184,0.0,3.5714285714285716,53.57142857142857,70.92857142857143,E_dosetwin_population_prior,adult#010,2028
141.48062446719408,78.92857142857143,1.4186507936507937,0.0,19.65277777777778,3.0952380952380953,34.311930485506394,0.7149605488810152,4.235755714292203,6.694216537255283,1.0544217687074828,0.0,6.428571428571429,85.71428571428571,8.428571428571429,E_dosetwin_population_prior,child#001,2028
108.53219937447534,96.27976190476191,1.0615079365079365,0.0,2.6587301587301586,0.0,25.687483692880647,1.0519795812548807,0.7957546258568181,5.90609020903745,0.0,0.0,6.142857142857143,102.85714285714286,9.714285714285714,E_dosetwin_population_prior,child#002,2028
123.3577374825817,90.8234126984127,1.9543650793650793,0.0,7.222222222222221,0.8928571428571428,30.227321723079275,0.8319610115070075,1.8914050512710427,6.260717080583355,3.2653061224489797,0.0,7.0,79.28571428571429,10.428571428571429,E_dosetwin_population_prior,child#003,2028
111.97820501064143,85.64484126984127,8.561507936507937,1.6865079365079365,5.7936507936507935,1.2599206349206349,34.35266924367817,2.172585381068028,1.4745822654720895,5.988518663854544,10.340136054421768,3.571428571428571,6.142857142857143,113.57142857142857,8.428571428571429,E_dosetwin_population_prior,child#004,2028
147.76095741129288,82.70833333333333,0.0,0.0,17.291666666666668,2.9067460317460316,28.209557916034168,0.19678551815717749,4.314449623891992,6.844442101278126,0.0,0.0,1.2857142857142858,21.428571428571427,14.0,E_dosetwin_population_prior,child#005,2028
150.00202236830592,76.37896825396825,0.1388888888888889,0.0,23.482142857142858,2.7777777777777777,30.708603080005435,0.2577742780668055,4.886855360909061,6.898048375049878,0.0,0.0,3.857142857142857,42.857142857142854,8.142857142857142,E_dosetwin_population_prior,child#006,2028
124.3755870315098,95.08928571428571,0.15873015873015872,0.0,4.7519841269841265,0.5158730158730158,26.287465857416876,0.694545892666548,1.7537351797871243,6.2850640417937145,0.0,0.0,5.571428571428571,70.71428571428571,17.928571428571427,E_dosetwin_population_prior,child#007,2028
164.4095963151318,65.49603174603175,2.9265873015873014,0.753968253968254,31.577380952380953,14.31547619047619,49.003210533225364,0.9411286912034682,8.908214419081279,7.242677543857953,5.5442176870748305,1.7346938775510203,4.142857142857143,68.57142857142857,23.714285714285715,E_dosetwin_population_prior,child#008,2028
128.61263103051527,89.32539682539684,1.2103174603174605,0.0,9.464285714285714,0.4365079365079365,29.436199142298165,0.7068408010080801,2.4320804121682777,6.386414134249925,0.0,0.0,6.857142857142857,83.57142857142857,6.642857142857143,E_dosetwin_population_prior,child#009,2028
138.1106067884409,84.99007936507937,0.0,0.0,15.009920634920634,3.670634920634921,35.11709981214141,0.3941545362807905,3.799907713499856,6.613605714379506,0.0,0.0,4.428571428571429,62.142857142857146,13.785714285714286,E_dosetwin_population_prior,child#010,2028
