seed,patient,night_start,event,lead_min,cgm_bed,trend15,trend30,iob,cob,activity_today,sleep_debt,past_night_low_rate,past_night_mean_cgm,cr,cf,weight,basal,hba1c,egfr,severe_hypo_history,full_min_pes,full_min_nom,no_labs_min_pes,no_labs_min_nom,no_wearables_min_pes,no_wearables_min_nom,score_dosetwin_bedtime,score_dosetwin_bedtime_without_ehr_labs,score_dosetwin_bedtime_without_hr_sleep,score_bedtime_glucose_rule,score_lightgbm_night,score_lightgbm_night+twin
2026,adolescent#001,11460,0,,144.06330647410726,-0.545391085355817,5.146842732186514,4.089583333333334,40.44444444444444,8568.6,0.58379954018646,0.0,125.628738700676,12.7,11.4,68.7,20.2,5.8,103.0,0.0,90.75646510904771,100.98297513990549,90.45899617807152,100.90725980098253,91.83427078415261,101.87215137310096,-90.75646510904771,-90.45899617807152,-91.83427078415261,-144.06330647410726,0.0012506067587697244,0.0007191895784049365
2026,adolescent#001,12900,0,,145.49301160088484,11.456150545237847,0.7861163674708109,1.0499999999999998,0.0,9758.6,0.0023945173563122424,0.0,125.69494877624183,12.7,11.4,68.7,20.2,5.8,103.0,0.0,105.90860311706868,112.08692263771155,105.16705617283615,111.72712960767602,108.00110000916719,113.77816501558723,-105.90860311706868,-105.16705617283615,-108.00110000916719,-145.49301160088484,0.0053245761788697134,0.002150919926105244
2026,adolescent#001,14340,0,,121.15779165546385,-5.119214491485735,-18.742913906333087,6.51875,56.861111111111114,5837.0,1.5482154979801717,0.0,126.95228022495384,12.7,11.4,68.7,20.2,5.8,103.0,0.0,78.72247985654528,89.73021188495463,78.21681056359829,89.35857941928512,77.32980605588776,88.15929066684551,-78.72247985654528,-78.21681056359829,-77.32980605588776,-121.15779165546385,0.3125307255547743,0.6335514440217971
2026,adolescent#001,15780,0,,125.16103666375264,-0.8145563629493608,-5.384792395966372,2.216666666666667,23.0,8942.4,0.5,0.1,124.67807324018301,12.7,11.4,68.7,20.2,5.8,103.0,0.0,103.99983020740201,111.67256032114304,104.41804529026999,112.40903975792303,104.71220389616423,112.10460396456675,-103.99983020740201,-104.41804529026999,-104.71220389616423,-125.16103666375264,0.00037640373620480044,0.00034434412021258555
2026,adolescent#001,17220,0,,136.46862051205377,-7.745932503732149,-22.426761078920265,1.3749999999999998,0.0,13452.2,1.6813416468401234,0.09090909090909091,128.06536338146722,12.7,11.4,68.7,20.2,5.8,103.0,0.0,103.13545436677533,109.87907341124743,102.43948335197305,109.5523569690652,102.12478475484467,108.70323937445264,-103.13545436677533,-102.43948335197305,-102.12478475484467,-136.46862051205377,0.040132766148407786,0.016166678528798432
2026,adolescent#001,18660,0,,151.51580247338154,8.995251974129019,2.5882163116448282,4.333333333333334,34.86111111111111,5802.0,1.0,0.08333333333333333,128.92207276474846,12.7,11.4,68.7,20.2,5.8,103.0,0.0,89.63670895228832,99.97215774764659,89.40087431725122,99.94592878542787,89.64022148471399,99.82559009925325,-89.63670895228832,-89.40087431725122,-89.64022148471399,-151.51580247338154,0.0008202380651192327,0.0025964995080111916
2026,adolescent#002,11460,0,,394.91652164626976,2.478637596061162,9.699800088040888,6.562500000000001,30.69444444444445,11080.8,0.22361343650253307,0.7142857142857143,143.83916000101118,3.8,17.0,51.0,25.9,7.5,97.0,0.0,121.28406370136028,128.4109049855743,118.81391668854238,120.32720850481894,120.59119293610384,127.64290260951478,-121.28406370136028,-118.81391668854238,-120.59119293610384,-394.91652164626976,0.09285604548883265,0.024314741050514208
2026,adolescent#002,12900,0,,305.17795398840013,0.8053974959512402,-17.464468545420914,6.9375,22.583333333333336,10085.599999999999,1.7268516205283726,0.625,158.44307755908358,3.8,17.0,51.0,25.9,7.5,97.0,0.0,104.1086851772409,114.90503602176486,118.40373593888063,119.41459355482188,103.59376777400342,114.34406772824343,-104.1086851772409,-118.40373593888063,-103.59376777400342,-305.17795398840013,0.5467082477860868,0.11808167832012229
2026,adolescent#002,14340,1,232.0,179.66860764300708,-21.286399004412317,-36.69225288899071,9.666666666666668,0.0,9050.6,4.301346510469103,0.5555555555555556,163.0752789714712,3.8,17.0,51.0,25.9,7.5,97.0,0.0,79.50438270739903,91.06563856857538,104.68693247607305,108.22934611152569,79.11075751605084,90.64005621386134,-79.50438270739903,-104.68693247607305,-79.11075751605084,-179.66860764300708,0.12551722149393502,0.5887046779280346
2026,adolescent#002,15780,1,336.0,262.91889919069837,0.41412110757096343,-17.310492390243553,11.725,34.138888888888886,12802.8,1.5532519865457726,0.6,159.04065654326106,3.8,17.0,51.0,25.9,7.5,97.0,0.0,97.23316909890913,108.6478071961961,114.92231039173502,118.20266797841948,96.76668167796961,108.1363840114487,-97.23316909890913,-114.92231039173502,-96.76668167796961,-262.91889919069837,0.752000494729266,0.6066918904056318
2026,adolescent#002,17220,0,,293.2240828050935,-9.541135595184471,-20.262279053061775,6.406249999999999,15.749999999999998,17589.0,2.0513816838744194,0.6363636363636364,159.5481251899864,3.8,17.0,51.0,25.9,7.5,97.0,0.0,108.56282766866741,118.31540430268029,115.93972195176602,117.89829613182218,107.96196247745515,117.66844009232746,-108.56282766866741,-115.93972195176602,-107.96196247745515,-293.2240828050935,0.886845938105045,0.4896434706067651
2026,adolescent#002,18660,1,183.0,199.7673117945344,41.49352711548258,45.64384913102887,4.025000000000001,0.0,10167.8,0.0,0.5833333333333334,163.22313440067683,3.8,17.0,51.0,25.9,7.5,97.0,0.0,85.88425921957139,97.3503365871439,109.59345453322291,111.24459946910697,85.46490778583416,96.91554542762475,-85.88425921957139,-109.59345453322291,-85.46490778583416,-199.7673117945344,0.0014694238160637542,0.09814334482786387
2026,adolescent#003,11460,0,,164.3656654980314,6.6137960666129345,4.423002440449466,0.75625,11.861111111111112,5774.0,0.181554311367786,0.0,149.7352444409802,26.7,36.8,44.8,17.8,7.1,107.0,0.0,108.59741398780994,112.69381783519785,108.59736096767735,112.69376139047252,112.02468278981323,116.03115666774045,-108.59741398780994,-108.59736096767735,-112.02468278981323,-164.3656654980314,0.002928531649492933,0.0013018502237889039
2026,adolescent#003,12900,0,,209.35715834418946,-8.728445230200236,-7.6407702042445464,0.8250000000000001,14.0,9499.0,0.0,0.0,147.6693550274855,26.7,36.8,44.8,17.8,7.1,107.0,0.0,116.72273816925538,121.69291621190646,116.7226987755735,121.69287574302672,120.84874781030457,125.53170216286016,-116.72273816925538,-116.7226987755735,-120.84874781030457,-209.35715834418946,0.003046747392822419,0.001060004926553255
2026,adolescent#003,14340,0,,218.36924723186678,20.95033886342665,45.273354450803595,0.98125,24.25,16985.0,1.8670016149378297,0.0,149.31966467657114,26.7,36.8,44.8,17.8,7.1,107.0,0.0,127.22985993728857,132.8465816225516,127.22983638977267,132.8465596519504,124.25160456808119,130.13884115126777,-127.22985993728857,-127.22983638977267,-124.25160456808119,-218.36924723186678,0.03596075733298559,0.030959646045562877
2026,adolescent#003,15780,1,44.0,93.87586863438919,-10.70613970836952,0.5083104870638522,0.8708333333333333,0.0,5700.0,0.0,0.0,151.32513705655577,26.7,36.8,44.8,17.8,7.1,107.0,0.0,58.398946591114,60.259254470385564,58.398925490896296,60.25923333953799,57.36530201639316,59.051688673033915,-58.398946591114,-58.398925490896296,-57.36530201639316,-93.87586863438919,0.14257142987213206,0.8425944230964209
2026,adolescent#003,17220,1,231.0,295.9015676853997,1.0482750751617118,7.815050472273185,0.8749999999999999,31.388888888888886,9505.2,3.955822606954219,0.09090909090909091,147.34813729830861,26.7,36.8,44.8,17.8,7.1,107.0,0.0,145.57570036934928,150.5838265631855,145.57571734344836,150.583846996362,131.01122343365427,137.56273341231335,-145.57570036934928,-145.57571734344836,-131.01122343365427,-295.9015676853997,0.00321440130312176,0.001070319653437883
2026,adolescent#003,18660,1,213.0,272.35572862861574,71.89347728732025,122.43342580968724,3.427083333333333,38.33333333333333,9560.0,0.5,0.16666666666666666,149.4387668276094,26.7,36.8,44.8,17.8,7.1,107.0,0.0,76.67898631436539,89.75608926323008,76.67895855504955,89.75606591911875,83.66824336817811,96.10178638446521,-76.67898631436539,-76.67895855504955,-83.66824336817811,-272.35572862861574,0.02625140489199704,0.0642599840667908
2026,adolescent#004,11460,0,,259.65710943516973,10.686787335521302,29.113424256939084,3.7583333333333333,32.888888888888886,5698.0,1.4236889375212058,0.5714285714285714,133.0304234920794,14.6,20.6,49.6,25.0,7.1,105.0,1.0,89.60743891429726,102.18769065785034,89.981415562425,102.15582819514653,85.17104877481006,97.96654828572468,-82.60743891429726,-89.981415562425,-85.17104877481006,-259.65710943516973,0.008514569042158766,0.0170883068422346
2026,adolescent#004,12900,0,,297.80939172312804,22.593972346811597,29.990532538683055,1.5499999999999998,13.25,15511.0,2.2232255941258856,0.5,137.97986272027495,14.6,20.6,49.6,25.0,7.1,105.0,1.0,117.58741059361319,128.01370469124626,117.52212081761556,127.33457685611917,112.81229921860887,123.77813697275182,-110.58741059361319,-117.52212081761556,-112.81229921860887,-297.80939172312804,0.2729013973463359,0.3485742083837769
2026,adolescent#004,14340,0,,159.45410309669415,13.329391758307622,48.51155641712057,2.654166666666667,33.88888888888889,5750.0,0.3442012112406685,0.5555555555555556,140.42683477307085,14.6,20.6,49.6,25.0,7.1,105.0,1.0,104.9661403302191,115.49908598452282,104.7764282044983,114.84581365943535,101.147712364909,112.10507390237757,-97.9661403302191,-104.7764282044983,-101.147712364909,-159.45410309669415,0.0006499387819606313,0.0028887450830665825
2026,adolescent#004,15780,1,263.0,179.23152125831498,-0.1791173767068983,7.725901282604269,2.6,20.166666666666668,5662.0,0.0,0.6,137.14095934253672,14.6,20.6,49.6,25.0,7.1,105.0,1.0,93.36195144878593,103.14518643007104,93.35278015783449,102.72149312546938,89.47838478420283,99.58274994258873,-86.36195144878593,-93.35278015783449,-89.47838478420283,-179.23152125831498,0.0030641525828510974,0.0017052186591515743
2026,adolescent#004,17220,0,,200.24756959027405,-11.161880422519374,-4.835568734207897,1.8666666666666667,28.88888888888889,10616.0,1.1204356770320905,0.6363636363636364,134.39049822650256,14.6,20.6,49.6,25.0,7.1,105.0,1.0,114.91426464483456,124.36749217364672,114.33738978705,123.27145077354294,111.25987553737791,121.22058044200078,-107.91426464483456,-114.33738978705,-111.25987553737791,-200.24756959027405,0.03050348396597815,0.004108083135157844
2026,adolescent#004,18660,1,289.0,186.9989653973713,-12.920816134449751,-25.786306717191394,2.925,24.000000000000004,8508.599999999999,1.2000030761662277,0.5833333333333334,136.51457943597697,14.6,20.6,49.6,25.0,7.1,105.0,1.0,85.88917076540628,95.83372450384155,86.10002819905812,95.66948352366607,81.78742332740323,91.93592484748551,-78.88917076540628,-86.10002819905812,-81.78742332740323,-186.9989653973713,0.17328079778014016,0.21090030282048558
2026,adolescent#005,11460,0,,438.7866788508561,25.666651608287452,84.20692268110702,4.75,49.72222222222222,5829.0,2.5870131278825284,0.0,152.08277198156657,14.9,22.1,47.1,17.2,7.1,91.0,0.0,80.41873288150192,96.55930463177026,80.41931514640217,96.55651813839779,74.10938598071075,89.29237952014316,-80.41873288150192,-80.41931514640217,-74.10938598071075,-438.7866788508561,0.0658136042350369,0.16286825361451007
2026,adolescent#005,12900,0,,232.48295324121193,30.889131065112252,78.03665009659088,3.8729166666666663,51.47222222222223,5656.0,0.594806859569573,0.0,158.21682162100322,14.9,22.1,47.1,17.2,7.1,91.0,0.0,90.37932983459146,106.05833753709695,90.38014530900938,106.05626334903089,96.01793902274288,111.81068008217981,-90.37932983459146,-90.38014530900938,-96.01793902274288,-232.48295324121193,0.006632087763839358,0.0037301340931850456
2026,adolescent#005,14340,0,,286.3293372334309,2.6896172279302277,11.963992490793771,3.529166666666667,35.583333333333336,10626.6,2.4037796207949054,0.0,156.89664701869052,14.9,22.1,47.1,17.2,7.1,91.0,0.0,94.20548126200715,108.16954369432045,94.20465081955635,108.16634888808427,88.79922665249694,102.4184534846901,-94.20548126200715,-94.20465081955635,-88.79922665249694,-286.3293372334309,0.003945068195909497,0.001536583322825886
2026,adolescent#005,15780,0,,248.5065862896551,-17.815226970474498,-34.336037478084734,0.8666666666666667,0.0,15153.2,0.22710492485234912,0.0,153.49097670784823,14.9,22.1,47.1,17.2,7.1,91.0,0.0,112.33853299389895,121.88121610378917,112.32943543128415,121.8708072129933,117.6762067088707,126.69063192433555,-112.33853299389895,-112.32943543128415,-117.6762067088707,-248.5065862896551,0.19035221922574005,0.08780130358681514
2026,adolescent#005,17220,0,,245.04892749117272,-31.39949746360918,-50.62213572451486,1.895833333333333,5.833333333333336,11427.2,0.6498710960438956,0.0,152.28733169362542,14.9,22.1,47.1,17.2,7.1,91.0,0.0,92.32415301076458,103.65902950361254,92.32069664964678,103.65421502132479,95.91587248413757,107.02933878202049,-92.32415301076458,-92.32069664964678,-95.91587248413757,-245.04892749117272,0.061593279245346126,0.03280209494903896
2026,adolescent#005,18660,0,,200.84169232666943,39.18731006930446,43.27500319084959,6.833333333333333,68.47222222222223,5762.0,1.578455498072615,0.0,150.57107303305878,14.9,22.1,47.1,17.2,7.1,91.0,0.0,73.43886445745733,89.04268914275892,73.44331036416972,89.04509596778381,73.36485564244155,88.82888298516929,-73.43886445745733,-73.44331036416972,-73.36485564244155,-200.84169232666943,0.08619504083464248,0.2284184660558213
2026,adolescent#006,11460,0,,304.0730395259799,36.04337184410434,89.95820196430452,7.333333333333333,35.666666666666664,12104.400000000001,0.5,0.2857142857142857,129.0913917558232,6.8,16.5,45.4,19.2,6.5,114.0,0.0,90.01896529411994,104.0628789062355,90.0176640831932,104.06196151265749,87.97567365967376,101.59944048378665,-90.01896529411994,-90.0176640831932,-87.97567365967376,-304.0730395259799,0.22154208012530682,0.045866097731082724
2026,adolescent#006,12900,0,,200.55909600387426,-20.063701839843276,-40.261306101659926,11.175,42.02777777777778,5809.0,0.0,0.25,130.49790340607024,6.8,16.5,45.4,19.2,6.5,114.0,0.0,90.04053515453319,95.9833529515615,90.03397005256565,95.97804084557193,88.5242825769461,94.82654924673939,-90.04053515453319,-90.03397005256565,-88.5242825769461,-200.55909600387426,0.07013980606707278,0.015919631936863857
2026,adolescent#006,14340,0,,97.84079171138764,2.010650168374724,10.727406478143834,4.6875,0.0,5758.0,2.762133109326207,0.2222222222222222,131.88148534672393,6.8,16.5,45.4,19.2,6.5,114.0,0.0,95.09527193913279,95.13326641971716,95.09594535221943,95.13397099417614,97.4411107853044,97.4411107853044,-95.09527193913279,-95.09594535221943,-97.4411107853044,-97.84079171138764,0.06211331681618836,0.002511572764144069
2026,adolescent#006,15780,0,,74.00466241277311,-38.122208392533224,-45.70419504006635,6.312499999999999,15.944444444444443,8841.6,0.5096085226406268,0.2,132.63588778504464,6.8,16.5,45.4,19.2,6.5,114.0,0.0,81.29905152427517,81.29905152427517,81.29868604652862,81.29868604652862,81.13913485733484,81.13913485733484,-81.29905152427517,-81.29868604652862,-81.13913485733484,-74.00466241277311,0.37577643300904,0.287887282038829
2026,adolescent#006,17220,0,,159.61131922281933,-25.42101457060639,-51.61687787124134,9.733333333333334,38.22222222222222,5732.0,1.0,0.18181818181818182,132.31046918147086,6.8,16.5,45.4,19.2,6.5,114.0,0.0,94.21978346810201,99.28018987550097,94.21438058152872,99.27600810736415,90.38470946513424,95.81594773968874,-94.21978346810201,-94.21438058152872,-90.38470946513424,-159.61131922281933,0.049092807269273175,0.0058883618573687575
2026,adolescent#006,18660,0,,150.220311277112,-15.89100787045706,-30.07274121279889,5.424999999999999,24.888888888888886,12653.4,4.362861515329906,0.16666666666666666,133.1481026239547,6.8,16.5,45.4,19.2,6.5,114.0,0.0,126.0916070000366,128.6836428144926,126.08929116149406,128.68243352145657,116.1199946726569,119.331274145819,-126.0916070000366,-126.08929116149406,-116.1199946726569,-150.220311277112,0.32147367779093966,0.02462817066949281
2026,adolescent#007,11460,1,273.0,579.4816372884932,11.439213136850071,18.210505440326756,7.250000000000001,17.499999999999996,5640.0,1.3075268548403978,0.5714285714285714,167.76938223405676,7.3,12.3,37.9,16.3,8.2,82.0,0.0,94.57127259648335,101.7247976182386,94.62799354209719,101.78237680294262,93.06286767969085,99.7414014100056,-94.57127259648335,-94.62799354209719,-93.06286767969085,-579.4816372884932,0.09982972869759418,0.026978989461916715
2026,adolescent#007,12900,0,,258.5369518272361,-26.35730422809877,-43.817634709972765,4.9,21.666666666666664,9714.4,0.0,0.625,174.08051641263586,7.3,12.3,37.9,16.3,8.2,82.0,0.0,89.9098234791806,93.73033784167191,89.90717600213173,93.7254356099877,91.21076142961266,94.63292569555719,-89.9098234791806,-89.90717600213173,-91.21076142961266,-258.5369518272361,0.1831696636850745,0.07067585522900141
2026,adolescent#007,14340,0,,245.27027062179812,11.548574694943511,5.075912756119692,2.7958333333333334,0.2777777777777768,9659.4,3.116803025383696,0.5555555555555556,170.17104556091923,7.3,12.3,37.9,16.3,8.2,82.0,0.0,88.85107278933062,90.61526952845973,88.87217739078724,90.63485914380894,86.18258026826145,88.00617829381818,-88.85107278933062,-88.87217739078724,-86.18258026826145,-245.27027062179812,0.0020358261157312455,0.052621089906885896
2026,adolescent#007,15780,0,,331.439953573789,-16.61633099732336,-8.05354858018677,4.4625,20.166666666666668,10350.2,2.5134708020774212,0.5,166.62517964314767,7.3,12.3,37.9,16.3,8.2,82.0,0.0,102.55470545681618,106.46310319154775,102.58227494652965,106.48873262799508,98.94051624951622,102.7812570618405,-102.55470545681618,-102.58227494652965,-98.94051624951622,-331.439953573789,0.012306164132461458,0.010482010996717892
2026,adolescent#007,17220,0,,342.8528716896304,29.809689007833356,77.97977639015829,10.5,22.0,9263.0,0.0,0.45454545454545453,167.71324125955823,7.3,12.3,37.9,16.3,8.2,82.0,0.0,68.22028941042487,77.02464241627227,68.25240421594324,77.05853893216978,71.64411306379782,79.87344938105535,-68.22028941042487,-68.25240421594324,-71.64411306379782,-342.8528716896304,0.039807245925579604,0.6353692116099044
2026,adolescent#007,18660,1,124.0,420.1532557754868,-6.365810547320962,-11.671563834065466,17.416666666666664,19.249999999999996,5696.0,0.0,0.5,166.04336914648246,7.3,12.3,37.9,16.3,8.2,82.0,0.0,45.486169199150396,53.45097233284285,45.50250886932548,53.47104207592797,49.64028495336607,57.53144884663518,-45.486169199150396,-45.50250886932548,-49.64028495336607,-420.1532557754868,0.39094805938207383,0.8383604125252646
2026,adolescent#008,11460,1,209.0,287.0891808480994,-7.0118304649968195,-8.595364292210093,20.650000000000002,54.77777777777777,5784.0,0.158876761685101,0.14285714285714285,160.10953549068682,4.3,11.9,41.2,13.2,7.7,102.0,1.0,87.07771821815925,99.00452044706691,87.06508346914164,99.00144228975529,86.61390193586945,98.40563165096916,-80.07771821815925,-87.06508346914164,-86.61390193586945,-287.0891808480994,0.24377124973583242,0.0564098462917955
2026,adolescent#008,12900,0,,245.737196870557,-20.594017285574125,-25.629627981220438,9.01875,25.333333333333332,10118.0,0.0,0.25,157.91722278676525,4.3,11.9,41.2,13.2,7.7,102.0,1.0,104.46545291465375,114.04509908952353,104.46227283766135,114.05509714120686,103.83122455171176,113.27474407714946,-97.46545291465375,-104.46227283766135,-103.83122455171176,-245.737196870557,0.07803588584588794,0.004561297775483851
2026,adolescent#008,14340,1,278.0,201.1406105838387,23.91952955395689,27.076170404459504,24.3375,80.5,9559.8,0.5,0.2222222222222222,157.11213453161233,4.3,11.9,41.2,13.2,7.7,102.0,1.0,89.5913849696522,104.78114754357497,89.58242768334901,104.77286388002882,88.04624042244178,103.02611941501051,-82.5913849696522,-89.58242768334901,-88.04624042244178,-201.1406105838387,0.22048657760768706,0.025420975037065294
2026,adolescent#008,15780,0,,204.174463301648,-44.54963414114886,-39.33957136727463,10.922916666666666,28.722222222222218,5721.0,0.5,0.3,154.99215787400317,4.3,11.9,41.2,13.2,7.7,102.0,1.0,99.65444630467005,109.44121218322483,99.65123139364007,109.4525855399444,97.9185775706679,107.6094061377075,-92.65444630467005,-99.65123139364007,-97.9185775706679,-204.174463301648,0.05538734043097212,0.0080872710037303
2026,adolescent#008,17220,0,,220.510639303073,67.60745185513235,99.71258979731505,13.200000000000001,51.333333333333336,9564.4,1.0,0.36363636363636365,153.09004471039256,4.3,11.9,41.2,13.2,7.7,102.0,1.0,109.66184741263532,124.16927476378599,109.65550651208686,124.16801917690822,106.06954883437079,120.4320217296446,-102.66184741263532,-109.65550651208686,-106.06954883437079,-220.510639303073,0.16559559129942286,0.02194041235902907
2026,adolescent#008,18660,1,192.0,291.917260363135,-28.90288018067639,-77.32385572028949,15.704166666666666,17.666666666666664,9673.2,0.5875271521486152,0.3333333333333333,159.08698188114786,4.3,11.9,41.2,13.2,7.7,102.0,1.0,69.17595421997682,79.4259799355843,69.17227153487333,79.42862966019203,67.46545021413397,77.53101258359138,-62.175954219976816,-69.17227153487333,-67.46545021413397,-291.917260363135,0.8170501321699157,0.8483630574260106
2026,adolescent#009,11460,0,,228.94976528964796,36.870419875427444,90.21683406358557,1.822916666666667,41.52777777777777,10566.6,0.3604628764368858,0.2857142857142857,144.1885265976396,27.2,25.8,43.9,13.1,7.2,102.0,1.0,125.1269171513371,136.876250247742,124.43590097801723,136.0098680452976,122.76282232386578,134.6746193016362,-118.1269171513371,-124.43590097801723,-122.76282232386578,-228.94976528964796,0.008315574760729433,0.0023601139885560817
2026,adolescent#009,12900,0,,221.91130970317138,3.364149241804114,15.028868491123092,1.1416666666666666,25.666666666666668,10029.4,1.0,0.25,147.39138337249324,27.2,25.8,43.9,13.1,7.2,102.0,1.0,133.15319865600435,141.9509817850484,131.96353246191524,140.5426308040089,130.8480467483633,139.87258727622145,-126.15319865600435,-131.96353246191524,-130.8480467483633,-221.91130970317138,0.002775430323409496,0.000584716641164421
2026,adolescent#009,14340,0,,235.4000452537501,-6.625284392767128,13.21737297412551,2.75625,43.49999999999999,5746.0,0.0,0.2222222222222222,150.70077621026326,27.2,25.8,43.9,13.1,7.2,102.0,1.0,99.57564369424914,112.2672207505832,99.26656117006662,111.7504355417436,97.12734482509767,109.7780893923323,-92.57564369424914,-99.26656117006662,-97.12734482509767,-235.4000452537501,0.008243996701146103,0.00018204622966952228
2026,adolescent#009,15780,0,,180.4266302707944,-5.51027672994681,4.790643075198574,0.55,10.583333333333332,5661.0,0.2144742621595137,0.2,149.94263938679438,27.2,25.8,43.9,13.1,7.2,102.0,1.0,121.95372637411289,129.6981887878448,121.26113032820547,128.6661617168945,118.39946639498116,126.44724999061216,-114.95372637411289,-121.26113032820547,-118.39946639498116,-180.4266302707944,0.0034484339650418033,0.0007127594611864838
2026,adolescent#009,17220,0,,206.218934758602,34.6421935059746,51.624382093252564,3.7312499999999997,57.91666666666667,5722.0,1.7888032309287363,0.18181818181818182,150.1453667856153,27.2,25.8,43.9,13.1,7.2,102.0,1.0,95.16528379815132,109.231506034205,94.92771768000486,108.88832220067587,93.1801515695663,107.15575036659382,-88.16528379815132,-94.92771768000486,-93.1801515695663,-206.218934758602,0.00409470061133154,0.001445547460922987
2026,adolescent#009,18660,0,,247.21551921250955,24.851918289909122,71.00455936057,2.566666666666667,45.11111111111111,5735.0,1.758311415928537,0.16666666666666666,151.46501753748908,27.2,25.8,43.9,13.1,7.2,102.0,1.0,108.9315032234519,122.06911292629869,108.46297764212686,121.43035807031826,106.7320657966181,119.89208281056536,-101.9315032234519,-108.46297764212686,-106.7320657966181,-247.21551921250955,0.007381470376439011,0.0016161433144318276
2026,adolescent#010,11460,0,,232.95021591574977,11.987743108044214,17.829125116263498,2.129166666666667,21.77777777777778,5687.0,1.0186704889652942,0.14285714285714285,153.78923705366006,16.9,29.8,47.4,15.7,7.4,114.0,0.0,173.24993903689204,179.93252430981775,173.25392814293565,179.90869084731725,170.26173289136295,176.69511951669404,-173.24993903689204,-173.25392814293565,-170.26173289136295,-232.95021591574977,0.009580473859226144,0.0019535659021336447
2026,adolescent#010,12900,0,,272.84628171314506,22.68071080314712,47.33341681788022,0.71875,10.694444444444445,10669.0,1.1659278599978347,0.125,165.58461541831713,16.9,29.8,47.4,15.7,7.4,114.0,0.0,214.04811715115235,215.93319286233657,213.9880422164959,215.8623611102483,206.92886414647887,208.74377403997914,-214.04811715115235,-213.9880422164959,-206.92886414647887,-272.84628171314506,0.01196645685007091,0.026052262497572427
2026,adolescent#010,14340,0,,206.7311455189079,4.2902826374764516,20.56601106666224,2.166666666666667,27.222222222222218,10264.4,0.7692769072856969,0.1111111111111111,179.83122883905136,16.9,29.8,47.4,15.7,7.4,114.0,0.0,177.95029990830582,183.70173927260944,177.9548883318329,183.6788605220919,174.70107337678732,180.2043256156713,-177.95029990830582,-177.9548883318329,-174.70107337678732,-206.7311455189079,0.00429303102606787,0.002051751318581798
2026,adolescent#010,15780,0,,167.871281261387,-8.824032555183123,-8.397399788811441,1.7499999999999998,4.444444444444446,5731.0,0.9545079461306809,0.1,184.16985960139817,16.9,29.8,47.4,15.7,7.4,114.0,0.0,150.2238728644688,152.93960048332852,150.2630323244819,152.96326991679192,148.96984004520075,151.92674954756706,-150.2238728644688,-150.2630323244819,-148.96984004520075,-167.871281261387,0.010650330525661469,0.0011946577869469369
2026,adolescent#010,17220,0,,141.0080248135392,-5.352266226332603,0.5073531566352756,2.4749999999999996,16.25,15538.6,1.1868338184984504,0.09090909090909091,180.00782685805896,16.9,29.8,47.4,15.7,7.4,114.0,0.0,130.35451786269667,132.40718681032456,130.37424204665643,132.41385045024464,129.7481068481208,132.02946762031877,-130.35451786269667,-130.37424204665643,-129.7481068481208,-141.0080248135392,0.12931717025265582,0.005926162645950939
2026,adolescent#010,18660,0,,264.5409215849555,11.877423790248173,25.75549863830537,2.5375,26.333333333333332,10577.6,0.5,0.08333333333333333,176.0912106639286,16.9,29.8,47.4,15.7,7.4,114.0,0.0,177.65056358127924,188.13496029385138,177.64299329594422,188.09803821976772,176.1427030888922,185.8298753195441,-177.65056358127924,-177.64299329594422,-176.1427030888922,-264.5409215849555,0.021168501238021387,0.005725383523621711
2026,adult#001,11460,0,,177.2579446582389,-23.79916110106433,-18.39553444211174,3.033333333333333,20.22222222222222,9808.4,0.08223981950507309,0.14285714285714285,118.72825553278437,10.9,10.1,102.3,30.4,6.1,76.0,0.0,93.40120500544003,105.10825152381044,93.40703273841376,105.11393427283991,98.19419254306115,109.6227914161324,-93.40120500544003,-93.40703273841376,-98.19419254306115,-177.2579446582389,0.03501478207225599,0.004630449321422355
2026,adult#001,12900,1,229.0,147.41005452699724,-3.849769132022516,-11.880438182371478,1.9,9.333333333333336,5747.0,1.644965735172133,0.125,121.15734172546397,10.9,10.1,102.3,30.4,6.1,76.0,0.0,72.35534715179001,83.23274641521712,72.35167785900501,83.22817219882316,70.5392302091251,81.2113019003508,-72.35534715179001,-72.35167785900501,-70.5392302091251,-147.41005452699724,0.0009610235298707777,0.3876594569464702
2026,adult#001,14340,0,,110.86232954882355,21.948157596908317,27.09451915201433,5.35,55.611111111111114,10007.4,2.1937434061683945,0.2222222222222222,118.63482165231319,10.9,10.1,102.3,30.4,6.1,76.0,0.0,101.19451030044381,106.95337362701434,101.1950196889258,106.95351365607482,97.83644763942145,106.98128110860542,-101.19451030044381,-101.1950196889258,-97.83644763942145,-110.86232954882355,0.021825978134021717,0.017174532269955304
2026,adult#001,15780,1,280.0,190.0482044827869,-3.7765290031147742,-5.125981868655373,7.116666666666666,51.666666666666664,10502.2,1.0778992474436047,0.2,121.12906173569286,10.9,10.1,102.3,30.4,6.1,76.0,0.0,67.38869332867468,79.68476094402959,67.38411796503671,79.68034034425403,67.29564786803738,79.6436775746953,-67.38869332867468,-67.38411796503671,-67.29564786803738,-190.0482044827869,0.01585670707546995,0.16482082038665571
2026,adult#001,17220,0,,133.61446338999366,-0.8186626404168464,-6.215771474834497,2.904166666666667,11.0,9669.2,1.2356299163706748,0.2727272727272727,120.16887623009434,10.9,10.1,102.3,30.4,6.1,76.0,0.0,81.0504402137777,91.65123696820403,81.04768947734138,91.64734273967208,80.5161330787684,90.87873662159771,-81.0504402137777,-81.04768947734138,-80.5161330787684,-133.61446338999366,0.000564631562147933,0.015391465816011142
2026,adult#001,18660,0,,139.63914283498175,19.60595842743811,34.804516294276056,5.1729166666666675,50.94444444444445,9736.2,1.3336210077992199,0.3333333333333333,118.94347350982332,10.9,10.1,102.3,30.4,6.1,76.0,0.0,96.42876299059144,108.98358358835947,96.4318328540873,108.9872098828953,96.44905986796849,109.01006586959342,-96.42876299059144,-96.4318328540873,-96.44905986796849,-139.63914283498175,0.010875266977497832,0.019434439050336056
2026,adult#002,11460,1,214.0,135.40994737307008,5.127161925135624,23.15833725552153,6.550000000000001,37.47222222222223,9037.8,2.00356601690987,0.5714285714285714,107.51182008630796,8.0,8.1,111.1,36.9,5.6,38.0,1.0,78.03182462742143,84.8155845442806,78.04822397627119,84.83366186358292,67.52270536290932,74.74508786819644,-71.03182462742143,-78.04822397627119,-67.52270536290932,-135.40994737307008,0.041319280896511164,0.262317113473422
2026,adult#002,12900,1,257.0,175.0510071943305,-3.664003024909988,-9.247602877973208,2.40625,0.0,10299.8,0.0,0.625,106.03058998850815,8.0,8.1,111.1,36.9,5.6,38.0,1.0,80.34450704973884,86.066666352687,80.43117106734442,86.1542567381107,84.0051429086788,89.37074449394707,-73.34450704973884,-80.43117106734442,-84.0051429086788,-175.0510071943305,0.008722813798155905,0.09204457717691862
2026,adult#002,14340,1,242.0,112.4700726751507,-12.18061369482264,-14.666197548849482,6.1875,37.5,12512.800000000001,3.4294430711698913,0.6666666666666666,105.77418195547394,8.0,8.1,111.1,36.9,5.6,38.0,1.0,87.73149791566448,93.46514362140529,87.72976628792142,93.46582946538064,69.20488015144568,76.17254508933807,-80.73149791566448,-87.72976628792142,-69.20488015144568,-112.4700726751507,0.9029059470336246,0.8683456359565598
2026,adult#002,15780,0,,174.52412814288562,9.488832503322698,36.82301153204065,6.541666666666667,44.36111111111111,5787.0,2.161630193760689,0.7,104.12874387869678,8.0,8.1,111.1,36.9,5.6,38.0,1.0,89.77986932405292,96.56925451543309,89.80419618966563,96.59429168217795,79.16392374405928,86.87942909463867,-82.77986932405292,-89.80419618966563,-79.16392374405928,-174.52412814288562,0.11819850085515983,0.13096820861507963
2026,adult#002,17220,0,,179.7012806520369,-0.5828720836280752,-7.529573031586722,0.8916666666666666,17.22222222222222,10159.0,2.650098786471805,0.6363636363636364,107.36982473283264,8.0,8.1,111.1,36.9,5.6,38.0,1.0,94.15244751289809,98.93629055454504,94.19410685964733,98.98068676642269,82.8617294644521,88.84412786350279,-87.15244751289809,-94.19410685964733,-82.8617294644521,-179.7012806520369,0.004889603688921755,0.01657718286438467
2026,adult#002,18660,1,251.0,174.38792901557287,-8.603265766396532,-11.116813081455945,9.374999999999998,37.91666666666667,8780.6,3.841287795210473,0.5833333333333334,110.40093376497005,8.0,8.1,111.1,36.9,5.6,38.0,1.0,82.15399497610218,89.15016084632612,82.14483488200489,89.14481573042109,58.70112882824382,66.57012821111807,-75.15399497610218,-82.14483488200489,-58.70112882824382,-174.38792901557287,0.16934832304744477,0.5971836203750062
2026,adult#003,11460,0,,209.38288956988032,-3.80183477589361,-0.4766734094716867,0.0,12.916666666666671,13546.0,0.0,0.2857142857142857,137.48731334185973,11.0,15.5,81.6,34.7,7.1,82.0,0.0,170.76000870943844,170.84936477685778,170.7686793534304,170.8580104537928,170.81667064590633,170.90941594270208,-170.76000870943844,-170.7686793534304,-170.81667064590633,-209.38288956988032,0.07006972098559489,0.014663117192544381
2026,adult#003,12900,0,,109.7040466728011,-10.621314567403218,-15.797092576434508,3.3249999999999997,11.999999999999996,9567.4,1.0,0.25,148.27907718984903,11.0,15.5,81.6,34.7,7.1,82.0,0.0,104.90910509705864,106.23070830263903,104.91094471293621,106.23188337042127,102.88705203306289,104.8706765523937,-104.90910509705864,-104.91094471293621,-102.88705203306289,-109.7040466728011,0.03964390882368999,0.003891419296545614
2026,adult#003,14340,0,,226.813058296649,12.06654576183388,39.09297602506976,4.55,39.0,5855.0,0.0,0.2222222222222222,147.05772057005427,11.0,15.5,81.6,34.7,7.1,82.0,0.0,115.8763795314518,128.47714668185884,115.89237992737041,128.49209641184115,114.89806935437493,127.41805153186881,-115.8763795314518,-115.89237992737041,-114.89806935437493,-226.813058296649,0.01587928972058618,0.009463908705086255
2026,adult#003,15780,0,,149.5027454223903,-3.8091175747728414,-17.144288487591922,3.1875,0.0,9425.6,1.0,0.2,156.63091816778348,11.0,15.5,81.6,34.7,7.1,82.0,0.0,110.96481865257525,117.08445402603215,110.9772400450085,117.09473268008894,107.36678697462466,113.56933240911228,-110.96481865257525,-110.9772400450085,-107.36678697462466,-149.5027454223903,0.009898471195295827,0.0018541177119110197
2026,adult#003,17220,0,,167.76360466683838,10.760185941137308,-4.078878700526701,5.079166666666667,31.944444444444443,5810.0,2.353769609369201,0.18181818181818182,154.36176018181104,11.0,15.5,81.6,34.7,7.1,82.0,0.0,120.21477419024399,129.46233331497038,120.22640973024171,129.4717036955168,110.87414220458295,120.2099751829465,-120.21477419024399,-120.22640973024171,-110.87414220458295,-167.76360466683838,0.04119864539827991,0.004640918960609404
2026,adult#003,18660,0,,119.00682728847124,-12.495156748901593,-20.414186549780425,4.0875,27.222222222222225,10035.0,0.0,0.16666666666666666,152.69074382093922,11.0,15.5,81.6,34.7,7.1,82.0,0.0,110.1068580002742,114.9907376355739,110.11315086135758,114.9949145557026,108.67049574955817,113.84125515325958,-110.1068580002742,-110.11315086135758,-108.67049574955817,-119.00682728847124,0.08070465393071927,0.003773778658477554
2026,adult#004,11460,1,66.0,167.44662378385354,-43.44240906090667,-73.62695594175429,6.69375,47.25,8794.4,2.219100710885905,0.5714285714285714,113.94233089886997,12.8,46.1,63.0,25.2,5.9,92.0,0.0,49.60476835085679,55.291795065824395,49.5800641598649,55.27744379257858,45.6209134583077,51.37610316450688,-49.60476835085679,-49.5800641598649,-45.6209134583077,-167.44662378385354,0.7570198426437281,0.9824584228193167
2026,adult#004,12900,1,62.0,110.37171915859568,16.80942610530495,41.610063280282844,3.7125000000000004,28.166666666666664,12123.6,0.8941566958647789,0.625,110.41482939640974,12.8,46.1,63.0,25.2,5.9,92.0,0.0,77.59733419624767,80.25255073289173,77.51265840950101,80.18144342944058,72.42587718663022,75.41851856190365,-77.59733419624767,-77.51265840950101,-72.42587718663022,-110.37171915859568,0.05871590367168639,0.2524031706095068
2026,adult#004,14340,1,75.0,162.8488323396274,21.30026283826021,53.96061964453487,8.768749999999999,99.08333333333333,9544.8,0.0,0.6666666666666666,107.2115021910518,12.8,46.1,63.0,25.2,5.9,92.0,0.0,43.88895914583182,51.94412893817521,43.87018108411064,51.92811416397745,46.564838075906145,54.8939208041219,-43.88895914583182,-43.87018108411064,-46.564838075906145,-162.8488323396274,0.28929305738564226,0.9447499223420752
2026,adult#004,15780,0,,147.02154374031585,17.761263901454356,10.35531183281364,7.366666666666667,86.33333333333333,12555.0,0.0,0.7,105.2235758327208,12.8,46.1,63.0,25.2,5.9,92.0,0.0,52.28514667075939,62.67562543810623,52.26636515234131,62.655490154645086,55.86980986108372,66.220581401295,-52.28514667075939,-52.26636515234131,-55.86980986108372,-147.02154374031585,0.32351126304921635,0.9226157513912883
2026,adult#004,17220,0,,202.50474064506147,-16.182486140008393,-43.543292972474916,4.604166666666667,38.888888888888886,8640.6,0.0,0.6363636363636364,105.45098383730573,12.8,46.1,63.0,25.2,5.9,92.0,0.0,69.18726671905435,75.05824738124383,69.10299203078725,74.98956561165413,69.92777282360524,76.04695640787521,-69.18726671905435,-69.10299203078725,-69.92777282360524,-202.50474064506147,0.6963246446046324,0.9591631016150474
2026,adult#004,18660,1,52.0,130.7883858204125,-27.642193126831643,-32.74800250300564,5.625,57.5,7964.200000000001,1.6387500557707986,0.5833333333333334,104.50302404045043,12.8,46.1,63.0,25.2,5.9,92.0,0.0,57.203770812030974,62.91139276210072,57.186035719712834,62.90713394742483,54.19349917393724,60.07088808064762,-57.203770812030974,-57.186035719712834,-54.19349917393724,-130.7883858204125,0.6029776002198167,0.9898562510812611
2026,adult#005,11460,1,78.0,153.48757148312694,-16.93599593047199,-22.629297499598323,22.166666666666664,91.1111111111111,12801.2,0.0,0.2857142857142857,113.00712360779134,5.4,9.5,94.1,25.3,5.9,85.0,0.0,67.08865383158937,76.93423602009223,67.08618713521763,76.93203276635327,67.08819074777921,76.15765493735174,-67.08865383158937,-67.08618713521763,-67.08819074777921,-153.48757148312694,0.7933884021932225,0.9071049479255905
2026,adult#005,12900,0,,189.5207102929169,14.900649997838485,57.248218323450175,11.825,56.0,10318.6,0.22028590999637387,0.375,109.06598075354366,5.4,9.5,94.1,25.3,5.9,85.0,0.0,97.42684479373982,109.50918489628864,97.42725104388064,109.5106273214592,98.9994846197036,110.48422407656437,-97.42684479373982,-97.42725104388064,-98.9994846197036,-189.5207102929169,0.015428223663186616,0.04830563395733161
2026,adult#005,14340,0,,70.6187932393528,-9.06073418448905,-22.41916583978798,5.46875,10.000000000000004,11412.400000000001,0.0,0.3333333333333333,115.49891998188247,5.4,9.5,94.1,25.3,5.9,85.0,0.0,68.3910702908779,68.80094760224358,68.39098744737043,68.80091420452408,66.29653706171621,66.73942960927872,-68.3910702908779,-68.39098744737043,-66.29653706171621,-70.6187932393528,0.4370935690860766,0.9151549327995759
2026,adult#005,15780,0,,196.76537099729453,37.400710798341635,76.74617051075573,23.2875,100.08333333333333,8498.2,1.8565681288782292,0.4,114.45790044471525,5.4,9.5,94.1,25.3,5.9,85.0,0.0,72.66834789936271,87.41619951441423,72.66627433329081,87.41470543985159,64.32016034500353,78.35867914068857,-72.66834789936271,-72.66627433329081,-64.32016034500353,-196.76537099729453,0.20376452245343277,0.3385772817123465
2026,adult#005,17220,0,,133.1642076153399,-1.5688606616550373,-1.2242425381463136,3.5499999999999994,3.9722222222222223,9521.2,1.5,0.36363636363636365,115.0215778741183,5.4,9.5,94.1,25.3,5.9,85.0,0.0,115.44434797748747,118.05393551662856,115.44598551085261,118.05575533531598,114.73850318693427,116.9781614191044,-115.44434797748747,-115.44598551085261,-114.73850318693427,-133.1642076153399,0.00031175886306514196,0.0012126412998701452
2026,adult#005,18660,0,,105.81011279713772,0.6492521036008156,-14.736953914005909,7.8374999999999995,23.833333333333336,10383.8,0.35228308070260805,0.3333333333333333,117.6245913850344,5.4,9.5,94.1,25.3,5.9,85.0,0.0,84.82731468927174,88.87571948132911,84.82654147364764,88.87519091308847,83.55214991404594,86.87153017218235,-84.82731468927174,-84.82654147364764,-83.55214991404594,-105.81011279713772,0.3559839885552861,0.6013880070449699
2026,adult#006,11460,1,169.0,160.6389556227302,-7.801555264986149,-5.42185683326278,9.625,70.0,9302.8,2.767017369166121,0.8571428571428571,108.5448264286362,10.3,19.8,66.1,49.2,5.5,50.0,0.0,53.5230764508096,62.680897473926976,53.51934173633556,62.67510116240651,49.5111686301292,58.21089400572986,-53.5230764508096,-53.51934173633556,-49.5111686301292,-160.6389556227302,0.2077530409957362,0.908239678169324
2026,adult#006,12900,1,208.0,206.1325770539948,11.170306533204439,7.287357331930593,7.991666666666666,55.611111111111114,5735.0,0.7820180159242627,0.875,110.93748489581587,10.3,19.8,66.1,49.2,5.5,50.0,0.0,54.14244436924128,63.373015185843556,54.1450519621066,63.374255603819655,54.29293277131617,63.437709445449066,-54.14244436924128,-54.1450519621066,-54.29293277131617,-206.1325770539948,0.48686721285833284,0.8577912785722572
2026,adult#006,14340,1,209.0,223.191468375655,-10.990034904638435,-14.791352158832808,3.4041666666666663,11.555555555555559,5880.0,1.4464899017401596,0.8888888888888888,110.44445191007667,10.3,19.8,66.1,49.2,5.5,50.0,0.0,68.23309071923086,76.52356782898389,68.24098619548288,76.52813580327175,67.15219832773951,75.33422722699764,-68.23309071923086,-68.24098619548288,-67.15219832773951,-223.191468375655,0.18130098090593957,0.9491341707467738
2026,adult#006,15780,1,176.0,195.1777608343779,2.463989257720243,6.374783252046427,5.545833333333333,28.805555555555557,11284.6,0.6300849463567575,0.9,109.93125126957628,10.3,19.8,66.1,49.2,5.5,50.0,0.0,58.50886574414491,67.18015941045661,58.512504333115395,67.18146516322547,59.03674211862527,67.60724586920841,-58.50886574414491,-58.512504333115395,-59.03674211862527,-195.1777608343779,0.38850856957102653,0.9536698901304124
2026,adult#006,17220,1,94.0,129.659737354221,-21.23460862382825,-36.09811246615865,4.4625,6.333333333333332,10211.2,1.6406920181685312,0.9090909090909091,108.91714647922369,10.3,19.8,66.1,49.2,5.5,50.0,0.0,56.463630113990014,63.72942657695761,56.462740727925954,63.72552774017121,55.07583751142187,62.2440815068536,-56.463630113990014,-56.462740727925954,-55.07583751142187,-129.659737354221,0.5621467175051192,0.9941649063269402
2026,adult#006,18660,0,,349.75348040392475,7.87165223370215,26.588517736797087,4.8125,47.27777777777777,5751.0,2.3673083420217127,0.9166666666666666,107.89080032743108,10.3,19.8,66.1,49.2,5.5,50.0,0.0,87.84597233492302,99.17067882022344,87.84297797179885,99.16393720396213,83.26405285457301,94.55811677264555,-87.84597233492302,-87.84297797179885,-83.26405285457301,-349.75348040392475,0.3064537494029335,0.17312262506844484
2026,adult#007,11460,0,,167.9431102115355,13.521102609129684,-4.809071314836785,1.3625000000000003,16.333333333333336,5695.0,0.0,1.0,85.20501855587385,21.5,22.8,91.2,37.6,5.5,82.0,0.0,73.82625619095101,80.38269946210795,73.82910920014476,80.39730356163041,74.61048547713528,81.12893811182622,-73.82625619095101,-73.82910920014476,-74.61048547713528,-167.9431102115355,0.05271509509865346,0.7386264210865148
2026,adult#007,12900,0,,159.25063851856805,17.447771817620605,29.159762016607317,2.0208333333333335,49.72222222222222,5629.0,0.0,1.0,87.60368035411807,21.5,22.8,91.2,37.6,5.5,82.0,0.0,79.08619245665349,86.53086822861,79.10545992152043,86.56077604890203,79.99036371703387,87.34504261973248,-79.08619245665349,-79.10545992152043,-79.99036371703387,-159.25063851856805,0.10809664118024585,0.15081027435920416
2026,adult#007,14340,1,165.0,127.73410372544716,2.7603776600650747,19.348228081152385,4.55,85.33333333333333,5722.0,0.0,0.8888888888888888,91.95743112971905,21.5,22.8,91.2,37.6,5.5,82.0,0.0,57.82692035249874,66.64870551729479,57.80107974395833,66.625390189023,58.85251769415292,67.72304624205753,-57.82692035249874,-57.80107974395833,-58.85251769415292,-127.73410372544716,0.2176591509393735,0.8973836938510631
2026,adult#007,15780,1,214.0,156.11691500078322,-18.948376267576066,-24.74544438023554,4.8125,60.416666666666664,5669.0,1.3413965856281562,0.9,91.56191049373834,21.5,22.8,91.2,37.6,5.5,82.0,0.0,52.56004057092026,60.783775266763044,52.556969769639124,60.783623420266274,51.086944357040835,59.22236103139315,-52.56004057092026,-52.556969769639124,-51.086944357040835,-156.11691500078322,0.8985030067301647,0.971368995335747
2026,adult#007,17220,1,180.0,186.39784624621066,-5.377431199066393,-3.2912131381609413,3.25,48.333333333333336,8956.2,0.0,0.9090909090909091,91.21842024904888,21.5,22.8,91.2,37.6,5.5,82.0,0.0,61.35091055107081,69.80924567748693,61.32056031032365,69.78392300176618,62.35318684509127,70.84773394736825,-61.35091055107081,-61.32056031032365,-62.35318684509127,-186.39784624621066,0.11040705217729803,0.5390949598294086
2026,adult#007,18660,1,137.0,110.05510142643726,-7.56963023232727,-6.109862064689722,3.558333333333333,51.666666666666664,12200.4,0.012539700581141844,0.9166666666666666,92.2450464014616,21.5,22.8,91.2,37.6,5.5,82.0,0.0,58.504848125010994,66.78870299360432,58.48610718223703,66.77462400675421,59.50357793050279,67.8395551435346,-58.504848125010994,-58.48610718223703,-59.50357793050279,-110.05510142643726,0.17751961019817664,0.9241119380899467
2026,adult#008,11460,0,,142.25396614764423,4.6605524196918395,5.475002869385264,1.5895833333333336,14.972222222222223,9740.599999999999,0.0,0.14285714285714285,169.47514145680915,15.9,14.0,102.8,23.8,6.7,49.0,0.0,120.5469669510444,128.8408893180436,121.11195096439785,127.27092542495929,118.11892982217863,126.31996940993379,-120.5469669510444,-121.11195096439785,-118.11892982217863,-142.25396614764423,0.0020931697215413603,0.003271794231554397
2026,adult#008,12900,0,,138.37350450565683,10.120906465697374,37.447321436054594,9.0,126.66666666666669,10666.0,0.5,0.125,165.45217242124923,15.9,14.0,102.8,23.8,6.7,49.0,0.0,90.1454883555992,103.63297375131427,75.54085355460624,87.62214234990763,85.42855219738401,98.32471193043034,-90.1454883555992,-75.54085355460624,-85.42855219738401,-138.37350450565683,0.10232361533741781,0.07406257786404129
2026,adult#008,14340,0,,111.34182386184428,1.6805421704308827,-3.744876385067684,1.5,7.499999999999998,5776.0,0.0,0.1111111111111111,157.47309269293473,15.9,14.0,102.8,23.8,6.7,49.0,0.0,111.11045733200991,111.15339321614053,108.32619206135425,109.06610626604306,111.13119018362093,111.18399807617293,-111.11045733200991,-108.32619206135425,-111.13119018362093,-111.34182386184428,0.004884052700621058,0.0027400150790202094
2026,adult#008,15780,0,,95.99039512339782,-24.353669072948264,-28.66287954209035,3.033333333333333,31.805555555555557,9167.6,0.5,0.1,153.86068846607662,15.9,14.0,102.8,23.8,6.7,49.0,0.0,101.35333464029054,101.35333464029054,90.31788576166527,96.93744827834327,97.51364857176245,101.13955352352598,-101.35333464029054,-90.31788576166527,-97.51364857176245,-95.99039512339782,0.3821686656598781,0.014379734288026061
2026,adult#008,17220,1,245.0,129.49705650047602,-36.68796224327136,-14.287059718451786,7.15,87.61111111111111,5868.0,0.5,0.09090909090909091,148.50913519687782,15.9,14.0,102.8,23.8,6.7,49.0,0.0,89.73500358906017,102.80858019214973,75.85245901342547,86.82566410699059,84.80509843033212,97.28361033789355,-89.73500358906017,-75.85245901342547,-84.80509843033212,-129.49705650047602,0.605606852008456,0.1080569070770494
2026,adult#008,18660,0,,147.4835713034516,-14.934173430617506,-13.11551174327002,4.875,44.33333333333333,12537.8,2.2934212820165545,0.16666666666666666,143.6862257807636,15.9,14.0,102.8,23.8,6.7,49.0,0.0,97.19774549278982,109.15075925295453,88.75375220074986,98.71716367715138,88.0698650185562,99.60632999408105,-97.19774549278982,-88.75375220074986,-88.0698650185562,-147.4835713034516,0.3619308499869398,0.1986677533886295
2026,adult#009,11460,0,,191.39508914844328,6.461746462517738,20.862291037913792,0.5166666666666666,0.0,10185.4,0.0,0.7142857142857143,155.6537707580276,6.1,6.7,74.6,24.0,6.9,73.0,0.0,134.3286684800794,134.55818662965768,134.29590642455713,134.5266794708826,136.4760469589333,136.6344338124171,-134.3286684800794,-134.29590642455713,-136.4760469589333,-191.39508914844328,0.013264671939382747,0.02656767269738216
2026,adult#009,12900,0,,148.6354212791764,-3.25429313311696,-20.47363815005039,5.15625,16.25,12186.4,0.9182230965670701,0.625,156.7541459696406,6.1,6.7,74.6,24.0,6.9,73.0,0.0,142.30567132830862,143.17087858849877,142.29447125320706,143.16159688112575,143.3191557015334,144.0283193256771,-142.30567132830862,-142.29447125320706,-143.3191557015334,-148.6354212791764,0.7871632406599041,0.27617429060096554
2026,adult#009,14340,0,,222.5747758759751,-5.40986610744784,-12.302557175851007,13.40625,55.333333333333336,5793.0,0.9058950991311123,0.5555555555555556,156.49196403766302,6.1,6.7,74.6,24.0,6.9,73.0,0.0,155.97218589929585,158.64291889448901,155.96360020540098,158.6361452472284,156.29534192600534,158.6202029542833,-155.97218589929585,-155.96360020540098,-156.29534192600534,-222.5747758759751,0.6936709967283212,0.05378310740150948
2026,adult#009,15780,0,,184.37072303664107,0.11903445767575249,-5.913052138692365,4.3125,0.0,9033.8,2.711063385217689,0.5,158.48790715740168,6.1,6.7,74.6,24.0,6.9,73.0,0.0,138.17347002191,138.76385494646536,138.15561738479738,138.74805005181332,138.91240087568747,139.4912575487741,-138.17347002191,-138.15561738479738,-138.91240087568747,-184.37072303664107,0.004088005712441949,0.004225638373103583
2026,adult#009,17220,0,,192.63185378285547,-12.805688877002297,-32.84145007136959,7.947916666666668,14.972222222222223,5769.0,1.2818515761928273,0.45454545454545453,159.21212389907765,6.1,6.7,74.6,24.0,6.9,73.0,0.0,135.18876328869527,136.35576343196817,135.161408785688,136.33004153453132,137.1463401171979,138.1759414368999,-135.18876328869527,-135.161408785688,-137.1463401171979,-192.63185378285547,0.25316761253045655,0.02390119938193172
2026,adult#009,18660,0,,192.04697804924933,-22.944458501599655,-37.60644538842243,10.341666666666669,17.11111111111111,9841.0,0.33123182364466164,0.4166666666666667,162.37932499244377,6.1,6.7,74.6,24.0,6.9,73.0,0.0,131.9933581948472,133.7533796912194,131.9719730574963,133.73326432090664,135.19512684322012,136.67818836839177,-131.9933581948472,-131.9719730574963,-135.19512684322012,-192.04697804924933,0.30470177506483703,0.06479131297893755
2026,adult#010,11460,1,276.0,189.96609761134079,3.6258615448445823,-11.388380767815192,16.5625,67.5,5720.0,0.2664066467226176,0.2857142857142857,125.14052222866901,5.1,10.0,73.9,22.4,6.6,116.0,1.0,79.41380084819536,93.33491627132769,79.41162857609073,93.33355346413987,78.80787665475137,92.52563444892222,-72.41380084819536,-79.41162857609073,-78.80787665475137,-189.96609761134079,0.3725411374875993,0.4371371213821007
2026,adult#010,12900,1,280.0,223.2018326277376,-10.899616160065676,5.968114656730052,19.01875,64.27777777777779,11172.8,0.31094490140867226,0.375,125.0059574235128,5.1,10.0,73.9,22.4,6.6,116.0,1.0,73.53073903735194,87.01185530190875,73.52777326085229,87.00954842318262,73.3552105785687,86.67711772841847,-66.53073903735194,-73.52777326085229,-73.3552105785687,-223.2018326277376,0.20539569235312824,0.5299460829147271
2026,adult#010,14340,0,,219.60765524602877,9.865362004531647,21.608964366165566,10.139583333333334,43.11111111111111,13567.2,0.006123861441518663,0.4444444444444444,124.21687736965812,5.1,10.0,73.9,22.4,6.6,116.0,1.0,95.27639439376152,109.84992945144808,95.27470503111331,109.84952635300273,94.63626311706142,108.99039527956018,-88.27639439376152,-95.27470503111331,-94.63626311706142,-219.60765524602877,0.13247702068655848,0.17795655057210272
2026,adult#010,15780,1,164.0,156.1057285310838,-8.441024556663592,-27.724526819677834,14.795833333333334,33.0,13650.6,0.9371348060103397,0.4,125.63223789485353,5.1,10.0,73.9,22.4,6.6,116.0,1.0,68.40152192888962,80.43645329410492,68.39891443184281,80.43426956575289,68.01055196498423,79.90902816898658,-61.40152192888962,-68.39891443184281,-68.01055196498423,-156.1057285310838,0.8881002299693398,0.9738723827350828
2026,adult#010,17220,1,200.0,148.38636618751448,-4.265240136599658,-1.6301650109737125,11.624999999999998,40.888888888888886,13436.0,0.2603976014683056,0.45454545454545453,123.68654010846306,5.1,10.0,73.9,22.4,6.6,116.0,1.0,82.12354482963549,95.49090380103091,82.12214245247658,95.49032119490855,81.17145352883414,94.33253445923627,-75.12354482963549,-82.12214245247658,-81.17145352883414,-148.38636618751448,0.03787688762257648,0.5540760467231016
2026,adult#010,18660,0,,194.86776061111613,-20.44894522543359,-25.26997317335551,9.866666666666667,20.055555555555557,8667.6,0.0,0.5,122.5651907062326,5.1,10.0,73.9,22.4,6.6,116.0,1.0,83.79147304924089,96.71167098627441,83.78888365585006,96.70988031021686,83.51659582677051,96.29948632189229,-76.79147304924089,-83.78888365585006,-83.51659582677051,-194.86776061111613,0.13413824919516737,0.23977328014577348
2026,child#001,11460,0,,208.2459810768427,-13.210426392630438,-24.411814441373508,0.9562499999999999,20.666666666666664,10476.8,1.541314445416889,0.5714285714285714,102.87768577851156,29.7,55.3,34.6,10.2,6.0,119.0,0.0,99.60411314097404,103.71301872751997,100.20229362529192,104.54602523983935,98.56097256086714,102.7141789996432,-99.60411314097404,-100.20229362529192,-98.56097256086714,-208.2459810768427,0.012241751569260616,0.003837123427254002
2026,child#001,12900,0,,190.96072864156758,-23.46504917280234,-20.400329189470824,0.32916666666666666,10.88888888888889,5688.0,2.482478191512798,0.625,103.60264102610813,29.7,55.3,34.6,10.2,6.0,119.0,0.0,131.72874472645645,132.98754671899607,134.82595770376184,136.2089304104153,129.17451336978257,130.590772929338,-131.72874472645645,-134.82595770376184,-129.17451336978257,-190.96072864156758,0.029002793617127903,0.007800989747075257
2026,child#001,14340,0,,176.05749707258536,-17.86072747979324,-17.253344136726867,1.3916666666666666,32.69444444444444,14797.400000000001,0.5084836040755238,0.5555555555555556,107.74535994881971,29.7,55.3,34.6,10.2,6.0,119.0,0.0,61.600614217894325,66.67863296107785,61.56069368134541,66.78731750898277,67.00735189584024,72.07198078045778,-61.600614217894325,-61.56069368134541,-67.00735189584024,-176.05749707258536,0.47288347585093876,0.7519576465461687
2026,child#001,15780,1,36.0,118.48804853852718,-15.205345777601877,-56.79443463508042,1.3854166666666667,33.333333333333336,10466.8,1.4454376485730211,0.6,107.07782532187153,29.7,55.3,34.6,10.2,6.0,119.0,0.0,54.431409520806106,56.12306413904661,54.533536169177076,56.30200492284389,54.73761495560544,56.45803575528679,-54.431409520806106,-54.533536169177076,-54.73761495560544,-118.48804853852718,0.2586871135991832,0.9565695688186949
2026,child#001,17220,1,35.0,114.26183746625632,-48.818838699368726,-124.3664278620049,2.6166666666666667,31.666666666666668,5759.0,0.693001600409346,0.6363636363636364,106.25341080158772,29.7,55.3,34.6,10.2,6.0,119.0,0.0,27.83526595373248,30.14313970278499,27.751979493841187,30.12098778478255,30.205926811531153,32.59428883574333,-27.83526595373248,-27.751979493841187,-30.205926811531153,-114.26183746625632,0.9732463151612698,0.9384963863591353
2026,child#001,18660,0,,127.46081717065114,-19.410810396256082,-34.85579987245778,0.6812500000000001,6.805555555555556,9893.0,0.09381306486347718,0.6666666666666666,104.1742221716636,29.7,55.3,34.6,10.2,6.0,119.0,0.0,97.94294607871807,99.2511969171448,98.22103938198,99.6064105382373,100.17366837936831,101.34048279706398,-97.94294607871807,-98.22103938198,-100.17366837936831,-127.46081717065114,0.0561173897773103,0.018493005156121293
2026,child#002,11460,0,,106.74565618513637,6.187291067273776,11.171424386893307,0.5791666666666666,10.972222222222221,13891.0,0.0,0.7142857142857143,109.38898305552284,21.5,40.0,28.5,10.7,6.0,94.0,0.0,87.94231659621033,94.53825071805205,87.99035373573156,94.57763183708826,88.39596705669108,94.99149928924605,-87.94231659621033,-87.99035373573156,-88.39596705669108,-106.74565618513637,0.7457882298906522,0.11754500939309645
2026,child#002,12900,0,,158.52110681168398,7.818433065726481,12.639922880625392,0.16666666666666674,0.0,9707.8,1.3876214851679318,0.75,110.60727652175217,21.5,40.0,28.5,10.7,6.0,94.0,0.0,101.18078627624891,106.08649959184855,101.3227328344719,106.20512151574005,99.24043620257278,104.48226008430777,-101.18078627624891,-101.3227328344719,-99.24043620257278,-158.52110681168398,0.1588776909969697,0.011778357283332258
2026,child#002,14340,1,186.0,109.85270443798085,-20.016718081841518,-30.99776577574987,1.6041666666666667,22.22222222222222,11370.0,0.3848612179554083,0.7777777777777778,109.76598473439188,21.5,40.0,28.5,10.7,6.0,94.0,0.0,65.06091842809445,74.29758603121246,65.10919858904415,74.34115509381155,64.88714369975087,74.18098830223644,-65.06091842809445,-65.10919858904415,-64.88714369975087,-109.85270443798085,0.817453073480673,0.8990365538186265
2026,child#002,15780,0,,164.3542849462391,-18.379700414518737,-35.72539561750665,1.9374999999999998,29.02777777777778,8967.6,0.44783882323770197,0.8,106.97400738618595,21.5,40.0,28.5,10.7,6.0,94.0,0.0,67.92146307628332,79.22848026138558,67.96001711943221,79.27459353825589,67.6415185740805,78.96954170648533,-67.92146307628332,-67.96001711943221,-67.6415185740805,-164.3542849462391,0.937989300603204,0.843613511925368
2026,child#002,17220,0,,147.95952003909113,14.658426021061814,29.210415866121963,1.24375,18.166666666666668,9176.6,2.0514868797828836,0.7272727272727273,107.65645682529625,21.5,40.0,28.5,10.7,6.0,94.0,0.0,79.67748994820371,89.83933754315947,79.71402537698131,89.88459276635226,75.61243269656593,85.99967314015366,-79.67748994820371,-79.71402537698131,-75.61243269656593,-147.95952003909113,0.0746185530000851,0.06081959449835163
2026,child#003,12900,1,127.0,109.96062224369793,-42.107489982396984,-78.86404147455882,2.166666666666667,10.083333333333334,14611.0,0.0,1.0,107.88558020806005,22.0,36.3,41.2,7.3,6.1,41.0,1.0,64.71491712991246,66.1072388605842,64.71488372311399,66.10720443300512,64.29786415126581,65.68887875601712,-57.714917129912465,-64.71488372311399,-64.29786415126581,-109.96062224369793,0.9881436874949054,0.9936398717437822
2026,child#003,14340,0,,121.23201900495587,38.87407223710693,67.66757670339021,1.0666666666666669,26.05555555555556,5732.0,0.5,1.0,105.34298105997185,22.0,36.3,41.2,7.3,6.1,41.0,1.0,77.9380808731893,77.9504361060154,77.93818766299725,77.95054301171233,77.58047301177544,77.59313900739119,-70.9380808731893,-77.93818766299725,-77.58047301177544,-121.23201900495587,0.026355334956215865,0.13069456013750977
2026,child#003,15780,1,238.0,169.16889897855668,-25.018285826785245,-51.65104278061244,1.5374999999999999,19.25,5734.0,0.5,1.0,107.40277600613001,22.0,36.3,41.2,7.3,6.1,41.0,1.0,75.46865660748746,75.65872325878911,75.46874619080951,75.65881469284717,74.95411723773263,75.15320004880407,-68.46865660748746,-75.46874619080951,-74.95411723773263,-169.16889897855668,0.835840394087938,0.7332774568798909
2026,child#003,17220,1,193.0,222.46084472105332,-50.35564230365054,-111.79288222156885,2.1145833333333335,27.888888888888886,5584.0,0.0,1.0,108.06117582903585,22.0,36.3,41.2,7.3,6.1,41.0,1.0,73.69212244488901,74.37765673923246,73.69216951047478,74.37771914943049,73.29346113198817,73.95495628906052,-66.69212244488901,-73.69216951047478,-73.29346113198817,-222.46084472105332,0.9865413601895937,0.8671852054953065
2026,child#003,18660,1,34.0,104.3561781086484,-18.791006482482544,-35.760335586999346,1.8666666666666667,22.666666666666664,5622.0,2.38550216198463,1.0,109.27602484350895,22.0,36.3,41.2,7.3,6.1,41.0,1.0,74.07217712049696,74.41667229215827,74.0722119482204,74.4167192327032,73.06010068592164,73.53885116059521,-67.07217712049696,-74.0722119482204,-73.06010068592164,-104.3561781086484,0.840975113603698,0.8961040926564209
2026,child#004,11460,0,,140.77757725052152,-7.810975150684953,-22.386560015242367,0.7875000000000001,14.666666666666668,8989.6,0.18016730872350273,0.8571428571428571,107.02476976247364,25.9,51.0,35.5,11.6,5.7,111.0,0.0,76.56631546512482,82.18420165068692,76.47026345392004,82.15318262939803,77.0388993843674,82.76956041812714,-76.56631546512482,-76.47026345392004,-77.0388993843674,-140.77757725052152,0.12145642758565946,0.532841375727016
2026,child#004,12900,0,,94.82389470930349,3.061197728865281,13.911330965723081,0.31250000000000006,20.0,12267.4,0.0,0.75,106.24389704422917,25.9,51.0,35.5,11.6,5.7,111.0,0.0,95.44966790819905,95.44966790819905,95.4329314465435,95.4329314465435,95.36954591804486,95.36954591804486,-95.44966790819905,-95.4329314465435,-95.36954591804486,-94.82389470930349,0.2579334382792215,0.013974036531492144
2026,child#004,14340,1,28.0,86.35414057118047,-18.535435318798662,-28.84584329552365,1.4479166666666665,17.555555555555557,14050.2,1.501493598568925,0.6666666666666666,109.60955034777842,25.9,51.0,35.5,11.6,5.7,111.0,0.0,43.71664264472989,47.90218046770244,43.54819349655999,47.75512197223088,43.008730154873845,47.30257486752664,-43.71664264472989,-43.54819349655999,-43.008730154873845,-86.35414057118047,0.8584978003059824,0.9830553384046256
2026,child#004,15780,1,87.0,89.21730120899011,-6.217393482655311,-24.490386900800672,0.3666666666666667,0.0,5766.0,0.0,0.7,105.98654880355966,25.9,51.0,35.5,11.6,5.7,111.0,0.0,85.66567438466828,87.07162484475812,85.62810680880733,87.05164250882585,84.89445700150952,86.3547671864151,-85.66567438466828,-85.62810680880733,-84.89445700150952,-89.21730120899011,0.8171346882810712,0.10067968589889233
2026,child#004,17220,1,123.0,119.85438162090603,-2.671353249307316,-10.221536478503111,1.2291666666666667,19.333333333333332,10840.4,2.2753966106864,0.7272727272727273,104.39816140430986,25.9,51.0,35.5,11.6,5.7,111.0,0.0,60.015074795762104,64.79612468706533,59.78272487053318,64.60422497666357,56.63986819810262,61.53374211423666,-60.015074795762104,-59.78272487053318,-56.63986819810262,-119.85438162090603,0.08168845204076988,0.8705663019934092
2026,child#004,18660,1,111.0,244.71535046729488,33.7893608696518,80.5424730070244,1.7833333333333332,17.22222222222222,8306.6,3.7395297073162412,0.75,105.91096321749392,25.9,51.0,35.5,11.6,5.7,111.0,0.0,47.68858570006947,58.87659984242307,47.71430947115579,58.964107314980915,41.52196049778336,51.482901151616,-47.68858570006947,-47.71430947115579,-41.52196049778336,-244.71535046729488,0.6867153966448879,0.9439258528178752
2026,child#005,11460,1,110.0,207.69658207108722,-43.41312688953627,-62.9542043128252,3.5625,14.166666666666664,5808.0,0.0,0.8571428571428571,96.32161020848126,6.4,29.7,37.8,14.4,5.6,125.0,0.0,74.37247774126087,79.3713562430201,74.3724794331892,79.37135499562262,75.04266900048763,79.87428610742178,-74.37247774126087,-74.3724794331892,-75.04266900048763,-207.69658207108722,0.7753144414028328,0.9505076495452538
2026,child#005,12900,1,16.0,94.07753560398048,13.003476908435232,11.106120891016403,4.15,8.944444444444443,9236.4,1.9896233266090784,0.875,94.53582869378309,6.4,29.7,37.8,14.4,5.6,125.0,0.0,68.55087160898891,72.24068435092829,68.5508918671554,72.240699706498,68.06098107547903,71.8098659932936,-68.55087160898891,-68.5508918671554,-68.06098107547903,-94.07753560398048,0.1773650969220555,0.9094911844755202
2026,child#005,14340,1,197.0,105.81661989820347,-24.993208605746048,-2.52054264438911,10.291666666666668,53.33333333333332,10825.6,0.6451001873121065,0.8888888888888888,95.95284369314287,6.4,29.7,37.8,14.4,5.6,125.0,0.0,73.18088840981264,80.97221460753038,73.18090213672454,80.9722184283537,73.81640176392892,81.68371921977906,-73.18088840981264,-73.18090213672454,-73.81640176392892,-105.81661989820347,0.859972158211252,0.7662057964168297
2026,child#005,15780,1,196.0,227.17928664165174,34.1838251632561,50.7333912053233,0.0,16.666666666666664,5802.0,2.469730165364913,0.9,95.88748577663743,6.4,29.7,37.8,14.4,5.6,125.0,0.0,92.50455289361572,92.50477725765862,92.50456485445866,92.50478921664924,92.65291039922222,92.65315293729218,-92.50455289361572,-92.50456485445866,-92.65291039922222,-227.17928664165174,0.03751653710141652,0.3623332789691959
2026,child#005,17220,0,,73.25330629401142,-24.3186542158156,-39.03512808762689,1.7791666666666666,0.2777777777777768,8552.6,2.8857195270839266,0.9090909090909091,99.27096539834865,6.4,29.7,37.8,14.4,5.6,125.0,0.0,77.38796157886797,77.38796157886797,77.38796245699201,77.38796245699201,77.3541369764148,77.3541369764148,-77.38796157886797,-77.38796245699201,-77.3541369764148,-73.25330629401142,0.5886565925228257,0.8252240874290727
2026,child#005,18660,1,289.0,70.20497616635623,-7.636649986556407,-2.750267823111855,8.883333333333333,28.111111111111114,5672.0,0.0,0.9166666666666666,97.71161689014929,6.4,29.7,37.8,14.4,5.6,125.0,0.0,59.39447776496223,62.434539744687115,59.39448853220566,62.43454370451825,60.22168821606353,63.09419881766547,-59.39447776496223,-59.39448853220566,-60.22168821606353,-70.20497616635623,0.9088159112110343,0.9178031418574657
2026,child#006,11460,1,179.0,120.96985652805435,-5.589270754633816,-1.2387515531014373,0.7874999999999999,0.0,14317.600000000002,0.7848006226815611,0.8571428571428571,118.9882686720852,15.9,46.5,41.0,10.3,5.7,106.0,1.0,97.14311059851815,98.64591268460366,84.00939480122928,88.62165385036583,96.28045685395229,97.74816844509343,-90.14311059851815,-84.00939480122928,-96.28045685395229,-120.96985652805435,0.39227482837503164,0.14213962421626303
2026,child#006,12900,1,294.0,338.9177619787732,22.881227016514572,81.80775098283794,2.625,21.555555555555554,9468.0,0.6871341640421322,0.875,118.1354467638568,15.9,46.5,41.0,10.3,5.7,106.0,1.0,58.665573197664706,70.77111390542582,53.158914809017865,64.0123138242598,59.87545202718387,71.92542711229014,-51.665573197664706,-53.158914809017865,-59.87545202718387,-338.9177619787732,0.432912056693497,0.9406093582294426
2026,child#006,14340,1,196.0,140.1967727962361,-18.01719065354243,-15.054263646154965,0.8895833333333333,0.2499999999999991,11962.6,0.22357932329989794,0.8888888888888888,119.30340911064212,15.9,46.5,41.0,10.3,5.7,106.0,1.0,100.9414185430987,102.72345323484163,83.9043285809558,89.28223940363033,100.50901516317955,102.21198042325018,-93.9414185430987,-83.9043285809558,-100.50901516317955,-140.1967727962361,0.44751391833702153,0.2168612323663621
2026,child#006,15780,1,165.0,109.49389371226773,-18.367638307514767,-26.34498538669375,1.1166666666666667,2.527777777777776,10141.8,0.5821101538093032,0.9,116.93007782596808,15.9,46.5,41.0,10.3,5.7,106.0,1.0,83.49742481026982,85.37068813185263,72.09931516276966,76.90702498245558,83.24575755620711,85.06061718689851,-76.49742481026982,-72.09931516276966,-83.24575755620711,-109.49389371226773,0.7077655216542253,0.7121752846365562
2026,child#006,17220,1,189.0,110.04942874363748,-15.37402390796251,-25.22587455080044,0.7874999999999999,0.8333333333333359,10853.2,1.0024730776765542,0.9090909090909091,116.64352147037049,15.9,46.5,41.0,10.3,5.7,106.0,1.0,90.05019809388797,91.45733148374956,83.08970319775636,87.28308426165033,88.94708594313843,90.31816178617125,-83.05019809388797,-83.08970319775636,-88.94708594313843,-110.04942874363748,0.3101701661902586,0.30518361041126496
2026,child#006,18660,0,,171.7233658282506,-22.79993496798437,-25.77155708581668,0.5166666666666666,12.444444444444443,8311.2,2.9496764170678835,0.9166666666666666,116.120143659534,15.9,46.5,41.0,10.3,5.7,106.0,1.0,111.80460750163473,113.64747918727019,104.44857077104874,110.74048095402101,109.90078734977304,111.87604702462303,-104.80460750163473,-104.44857077104874,-109.90078734977304,-171.7233658282506,0.07012754255714729,0.10600507290342706
2026,child#007,11460,0,,106.11974599111427,-8.356823594001753,-15.552119882699145,3.329166666666667,12.277777777777777,9629.2,0.0,0.2857142857142857,107.44339643675309,7.5,30.6,45.5,11.3,5.6,123.0,0.0,87.42401185286266,91.83744312459889,81.44602955502667,87.0183524095516,91.95820402658038,94.90426193934678,-87.42401185286266,-81.44602955502667,-91.95820402658038,-106.11974599111427,0.06396936731313078,0.006056874276392603
2026,child#007,12900,1,168.0,90.48939575130765,-9.551181282339357,-20.367445564239276,3.0000000000000004,6.111111111111114,10036.2,0.0,0.375,105.26459455412952,7.5,30.6,45.5,11.3,5.6,123.0,0.0,77.94906978844708,80.70176111312426,74.21700486669242,78.01864870011488,81.0101146041575,82.64247281998601,-77.94906978844708,-74.21700486669242,-81.0101146041575,-90.48939575130765,0.1480177167789404,0.02527553558450967
2026,child#007,14340,0,,119.19525142091294,-24.41728989455075,-10.78847730505035,2.4375000000000004,13.611111111111109,10545.0,0.0,0.4444444444444444,103.75057618382465,7.5,30.6,45.5,11.3,5.6,123.0,0.0,93.2711914163499,98.97403276847722,90.94790910991935,97.7227687574937,99.30708913366088,103.25168699195808,-93.2711914163499,-90.94790910991935,-99.30708913366088,-119.19525142091294,0.03666213280234177,0.001917337849680535
2026,child#007,15780,1,95.0,99.88678052661928,-7.277353463491281,-11.260895817856508,5.468749999999999,25.277777777777782,5821.0,2.9110251776541656,0.4,103.64714350477132,7.5,30.6,45.5,11.3,5.6,123.0,0.0,98.5105974469905,99.52652046972815,96.81969058672848,98.85532359540197,74.30158998882311,78.8215977011373,-98.5105974469905,-96.81969058672848,-74.30158998882311,-99.88678052661928,0.5304371211100475,0.010462906454243909
2026,child#007,17220,0,,141.44690832409742,-4.875215033613131,-1.778601187438312,3.3916666666666666,19.555555555555557,5744.0,0.0,0.36363636363636365,102.66500237935124,7.5,30.6,45.5,11.3,5.6,123.0,0.0,87.53235244264201,95.79408564525617,83.99170107267916,93.3035146568402,96.08741607809345,102.26664563418903,-87.53235244264201,-83.99170107267916,-96.08741607809345,-141.44690832409742,0.003909762430130106,0.0005450469410826569
2026,child#007,18660,0,,104.24080663707328,-10.015617968885522,7.614841996794198,3.8729166666666663,24.222222222222225,5891.0,0.5,0.3333333333333333,102.33029686193572,7.5,30.6,45.5,11.3,5.6,123.0,0.0,84.08089175467606,92.91405312504564,82.546175172982,92.26223321674104,83.86016912735315,90.99521174997975,-84.08089175467606,-82.546175172982,-83.86016912735315,-104.24080663707328,0.03562809372316281,0.00158551591063006
2026,child#008,11460,1,208.0,331.1486876542918,-23.93081443385421,-47.62861207115816,2.0625,18.916666666666668,9848.079999999998,0.5040018621856079,1.0,123.73848053162496,13.5,28.4,23.7,7.6,7.8,111.0,0.0,62.12010433956592,70.7749214859219,62.10600557867364,70.75853597045821,62.567926200480514,71.2235164603463,-62.12010433956592,-62.10600557867364,-62.567926200480514,-331.1486876542918,0.9543404052504302,0.9666165506964132
2026,child#008,12900,1,117.0,173.30574443869514,-1.6689580822920789,7.682947855060888,0.0,2.666666666666666,10800.4,0.0,1.0,125.58667093625316,13.5,28.4,23.7,7.6,7.8,111.0,0.0,71.22868995848101,76.95874838325983,71.21789728879035,76.94473676304784,71.57642152524367,77.30090621127569,-71.22868995848101,-71.21789728879035,-71.57642152524367,-173.30574443869514,0.14691363862996729,0.6825042364516423
2026,child#008,14340,1,118.0,256.7715791497495,-37.21966891792073,-63.9704073907356,2.979166666666667,4.555555555555555,5697.0,2.8111609370626365,1.0,127.21834673046939,13.5,28.4,23.7,7.6,7.8,111.0,0.0,56.160446052983225,64.47346756916049,56.143256001387314,64.45403456652897,52.25008742435885,60.48332327811417,-56.160446052983225,-56.143256001387314,-52.25008742435885,-256.7715791497495,0.9824443055614461,0.9952150807815456
2026,child#008,15780,1,166.0,254.93760880306633,-13.841653094595927,-43.813737955586305,1.0416666666666665,19.861111111111114,12285.2,1.0,1.0,126.36149195320937,13.5,28.4,23.7,7.6,7.8,111.0,0.0,59.19025823102099,67.65897603122393,59.18350287851486,67.64983057255647,58.045042219078276,66.50573252093919,-59.19025823102099,-59.18350287851486,-58.045042219078276,-254.93760880306633,0.23013241734713005,0.9851247441593753
2026,child#008,17220,1,236.0,341.2403806315526,-21.588516092262296,27.053392248222053,3.1125,42.833333333333336,9420.6,1.0968848530048314,1.0,130.8545851357153,13.5,28.4,23.7,7.6,7.8,111.0,0.0,74.86046711307635,87.71114594048231,74.84708912775808,87.69904027797271,74.08425790566538,86.81181903117506,-74.86046711307635,-74.84708912775808,-74.08425790566538,-341.2403806315526,0.943989514513766,0.4346520310285712
2026,child#008,18660,1,212.0,416.06862746219116,-19.07630956963726,-2.651807623042828,3.75,17.77777777777778,8676.400000000001,0.46338743345428135,1.0,131.5425159768929,13.5,28.4,23.7,7.6,7.8,111.0,0.0,58.69891364088119,70.05560692135917,58.68489950825467,70.04237340399523,59.73271600111059,71.03062748919073,-58.69891364088119,-58.68489950825467,-59.73271600111059,-416.06862746219116,0.935789141178063,0.9001119861176528
2026,child#009,11460,0,,101.52839264705553,-22.8013413672483,-46.05781417314792,1.1333333333333333,6.388888888888888,5786.0,0.0,0.5714285714285714,109.18071160540505,27.9,40.1,35.5,10.3,5.7,112.0,0.0,47.28056675645083,52.51764820946217,47.49641400129772,52.75368142773185,48.46207293100107,53.73014678844603,-47.28056675645083,-47.49641400129772,-48.46207293100107,-101.52839264705553,0.17277559521326066,0.9398536363997636
2026,child#009,12900,0,,215.29083109925887,-5.615476526965551,1.0544072170221455,0.0,7.222222222222224,9415.0,0.0,0.625,109.84379439150749,27.9,40.1,35.5,10.3,5.7,112.0,0.0,135.93662677067522,136.34111008400103,138.4566137440019,138.86814406868558,135.00196537854416,135.38980025875767,-135.93662677067522,-138.4566137440019,-135.00196537854416,-215.29083109925887,0.12909440980391315,0.00408621089640491
2026,child#009,14340,0,,116.66161093103517,-24.89934457511862,-47.911907265043794,1.0083333333333333,18.63888888888889,5571.0,3.1683864283105603,0.5555555555555556,114.12936004769398,27.9,40.1,35.5,10.3,5.7,112.0,0.0,65.10349965373919,71.30155145625032,65.00826995479137,71.19638371779543,60.74110161316905,66.91274603076143,-65.10349965373919,-65.00826995479137,-60.74110161316905,-116.66161093103517,0.014771467548302908,0.23782664071437862
2026,child#009,15780,1,72.0,92.83348981729203,2.4366085242064486,4.618643163576763,0.6166666666666667,4.277777777777775,10514.2,0.0,0.6,112.08675290947095,27.9,40.1,35.5,10.3,5.7,112.0,0.0,62.0963413216053,65.30939604668276,62.24770047780014,65.45422568458503,62.88374243388862,65.98564801566987,-62.0963413216053,-62.24770047780014,-62.88374243388862,-92.83348981729203,0.41923736947073487,0.8720548951373475
2026,child#009,17220,0,,96.57951646268165,-11.986890556692828,-30.96543727368153,0.7375,11.277777777777777,11678.4,0.5,0.6363636363636364,111.53187918365074,27.9,40.1,35.5,10.3,5.7,112.0,0.0,63.13371489348765,67.64270968221139,63.27917588332816,67.77836740560214,63.496245108979295,67.97066979220472,-63.13371489348765,-63.27917588332816,-63.496245108979295,-96.57951646268165,0.09999471058342499,0.9532334838514471
2026,child#009,18660,0,,210.58710007037357,16.428552693130314,7.80618391770787,0.0,12.083333333333332,15421.400000000001,2.9340763525506732,0.6666666666666666,110.20449115336898,27.9,40.1,35.5,10.3,5.7,112.0,0.0,140.74442691830131,140.75388374270847,143.1292619184029,143.13863907498734,139.8681539939187,139.8787533866658,-140.74442691830131,-143.1292619184029,-139.8681539939187,-210.58710007037357,0.15876075404672865,0.05422462659181758
2026,child#010,11460,0,,99.96811933262444,-11.52635825075437,-21.00411923979354,0.6875,9.722222222222223,10975.2,0.5160232090820909,1.0,108.44376186959347,14.3,23.6,35.2,8.5,6.7,85.0,1.0,72.76398764359828,75.48033776778425,73.10092745069181,75.83306158529496,72.45881250974831,75.07165600625059,-65.76398764359828,-73.10092745069181,-72.45881250974831,-99.96811933262444,0.22518815798758038,0.931455681939224
2026,child#010,12900,1,198.0,281.9526112413461,21.542774288613998,62.64213477581609,3.1687499999999997,39.361111111111114,13605.8,1.0,0.875,108.90791577464432,14.3,23.6,35.2,8.5,6.7,85.0,1.0,61.69654650453031,72.83862255951775,61.82046402871147,73.10626794805063,61.174752078511595,72.16383689819278,-54.69654650453031,-61.82046402871147,-61.174752078511595,-281.9526112413461,0.9013700480544871,0.8989602209665286
2026,child#010,14340,0,,192.71948207396653,35.41027480208251,48.82369016280916,2.75,29.72222222222222,5716.0,0.0,0.7777777777777778,110.51516800843429,14.3,23.6,35.2,8.5,6.7,85.0,1.0,68.91908946896466,81.89700206837423,69.28020649659965,82.48126362312819,71.51217649181356,84.42643459215563,-61.91908946896466,-69.28020649659965,-71.51217649181356,-192.71948207396653,0.2184836618483939,0.30404342271672685
2026,child#010,15780,0,,190.90131415213537,-20.37836363493608,-32.50893175511365,1.4375,12.222222222222223,9399.0,0.17090894770660459,0.7,114.7727349936509,14.3,23.6,35.2,8.5,6.7,85.0,1.0,80.61692355218396,87.41532383141148,81.16486971495972,88.08037271381693,82.0790130412756,88.74218972863291,-73.61692355218396,-81.16486971495972,-82.0790130412756,-190.90131415213537,0.6088537234440229,0.2621265881054965
2026,child#010,17220,0,,236.71204784344476,-3.121624481542682,-8.058132510610903,1.46875,15.749999999999998,9265.0,0.8210140055776991,0.6363636363636364,115.8665182487001,14.3,23.6,35.2,8.5,6.7,85.0,1.0,89.03651271234727,97.6212684973397,89.72733202082115,98.50006532450165,89.03084129908663,97.48196821839406,-82.03651271234727,-89.72733202082115,-89.03084129908663,-236.71204784344476,0.36912652637926857,0.04895512293007311
2026,child#010,18660,1,121.0,299.41923541581883,-13.743050037479748,12.937459936005837,4.583333333333334,25.0,10860.599999999999,0.36198654610075476,0.5833333333333334,116.8708012600974,14.3,23.6,35.2,8.5,6.7,85.0,1.0,36.95328627446781,45.80036951685596,37.02694371172246,45.951913280053546,38.31820802812102,47.357591237122556,-29.953286274467807,-37.02694371172246,-38.31820802812102,-299.41923541581883,0.8655723953363119,0.9346946689536669
2027,adolescent#001,11460,0,,126.54869189384345,-2.5438687435656675,10.202922970119232,3.416666666666667,40.44444444444444,5812.0,0.0,0.42857142857142855,116.7890269514481,14.1,11.3,68.7,23.3,5.5,70.0,1.0,85.36738728253056,94.03460767478465,85.52754054179923,94.47286258750079,85.76982007856506,94.43581254892426,-78.36738728253056,-85.52754054179923,-85.76982007856506,-126.54869189384345,0.0007749708968910335,0.0016283466493669067
2027,adolescent#001,12900,0,,117.02460566889549,12.547367346353411,1.7758986365140288,3.1166666666666667,33.777777777777786,12366.0,0.0,0.375,116.4854143933195,14.1,11.3,68.7,23.3,5.5,70.0,1.0,83.64059883542157,91.86568500524879,83.84148083649613,92.31912587995949,84.05979281225679,92.28717704322118,-76.64059883542157,-83.84148083649613,-84.05979281225679,-117.02460566889549,0.003453264797428606,0.019554693747285662
2027,adolescent#001,14340,0,,132.58573173807167,-0.7638079438340526,9.473943318968793,1.7166666666666668,13.138888888888891,14700.0,1.0,0.3333333333333333,116.32282071553492,14.1,11.3,68.7,23.3,5.5,70.0,1.0,95.48706222364522,102.0393101019925,96.1391856510589,102.97097510556199,94.13229608255472,100.81736970938192,-88.48706222364522,-96.1391856510589,-94.13229608255472,-132.58573173807167,0.03240122812250531,0.02680305878378124
2027,adolescent#001,15780,0,,167.19031621338885,-16.523123524812206,-1.7993708171372589,0.0,25.500000000000004,5642.0,0.0,0.3,117.27220742373261,14.1,11.3,68.7,23.3,5.5,70.0,1.0,139.1629637570321,140.56604746647008,141.73352993518233,143.2870133092826,139.42162049464005,140.86830791629342,-132.1629637570321,-141.73352993518233,-139.42162049464005,-167.19031621338885,0.001925221364922514,0.0006661592651891442
2027,adolescent#001,17220,0,,169.78084833965937,7.758190575730794,17.645329328903728,5.468750000000001,47.22222222222222,5780.0,2.9421883612913344,0.2727272727272727,121.14843538415184,14.1,11.3,68.7,23.3,5.5,70.0,1.0,77.21414359437533,86.48549231265018,77.28569337390061,86.78344443890583,71.35042065133956,80.65415777717351,-70.21414359437533,-77.28569337390061,-71.35042065133956,-169.78084833965937,0.021793030289934928,0.06603734390155296
2027,adolescent#001,18660,1,36.0,85.66875054354647,-6.989085529869996,-24.16793669309402,4.141666666666666,12.222222222222223,5812.0,0.0,0.25,121.59059726185073,14.1,11.3,68.7,23.3,5.5,70.0,1.0,59.848771119527036,67.40815855122972,59.136315961552555,66.78543036937927,59.95774167355239,67.52878509969916,-52.848771119527036,-59.136315961552555,-59.95774167355239,-85.66875054354647,0.2814215201269271,0.784483221704913
2027,adolescent#002,11460,1,274.0,222.38261482308852,-20.220857561650263,-41.184607804367914,11.641666666666667,47.16666666666667,11063.599999999999,0.0,0.5714285714285714,135.590110978279,5.4,12.7,51.0,26.1,7.0,118.0,0.0,101.636203748476,102.22617678746485,101.63227744900749,102.22187235232703,102.92498565583871,103.47592228492913,-101.636203748476,-101.63227744900749,-102.92498565583871,-222.38261482308852,0.10499617034621249,0.022093982454977703
2027,adolescent#002,12900,0,,249.20844199479524,7.287415654847052,11.534915003240997,3.2458333333333336,9.166666666666668,9562.2,3.3029128851493375,0.625,135.3238826725119,5.4,12.7,51.0,26.1,7.0,118.0,0.0,99.45843034368845,99.55876896081065,99.45425791261452,99.55451049822018,100.68960486688657,100.80704320634104,-99.45843034368845,-99.45425791261452,-100.68960486688657,-249.20844199479524,0.010383027385824311,0.022713222681992346
2027,adolescent#002,14340,0,,221.8876935634772,-4.895318175280579,-19.993305507854387,5.55625,20.47222222222222,5558.0,0.0,0.5555555555555556,139.32677440517583,5.4,12.7,51.0,26.1,7.0,118.0,0.0,98.96874388881464,99.2644675531903,98.96515630360561,99.26067724472755,100.46236172999193,100.73564145913983,-98.96874388881464,-98.96515630360561,-100.46236172999193,-221.8876935634772,0.04369776706736871,0.004330921658585149
2027,adolescent#002,15780,1,215.0,126.22496801831292,-16.85812802435953,-36.59166128288933,6.516666666666666,17.777777777777782,5700.0,0.5,0.5,138.25731361429337,5.4,12.7,51.0,26.1,7.0,118.0,0.0,99.09388897649023,99.29486755550921,99.0904339633093,99.2912670718965,100.30061929132374,100.48352353745568,-99.09388897649023,-99.0904339633093,-100.30061929132374,-126.22496801831292,0.06534549359778404,0.02239219055350485
2027,adolescent#002,17220,1,270.0,235.51105330893742,-1.0303189724203037,-5.210996314186673,9.170833333333334,24.555555555555554,10861.6,0.0,0.5454545454545454,136.78277088992596,5.4,12.7,51.0,26.1,7.0,118.0,0.0,98.1251030772755,98.61556141404317,98.12484075584483,98.61234978529586,99.57454538177618,100.05939769108801,-98.1251030772755,-98.12484075584483,-99.57454538177618,-235.51105330893742,0.004761460463141776,0.00498184517517445
2027,adolescent#002,18660,1,275.0,219.35892880997014,1.81773744503829,-17.128502754869004,8.666666666666668,29.166666666666664,12091.8,0.0,0.5833333333333334,136.1646662989347,5.4,12.7,51.0,26.1,7.0,118.0,0.0,99.32184898900788,99.75330270736663,99.31845301496475,99.74962595446192,100.77156802565578,101.17529060798755,-99.32184898900788,-99.31845301496475,-100.77156802565578,-219.35892880997014,0.14531528455108966,0.1020119904496702
2027,adolescent#003,11460,0,,121.79634401822422,-5.452598750526462,-18.870340015978755,1.970833333333333,15.166666666666671,13907.8,0.5,0.2857142857142857,158.09538886723274,19.2,40.1,44.8,14.1,6.5,98.0,0.0,75.74619839790954,80.3261358213431,75.37737642211906,80.32418856451832,74.91966105315325,79.55416639763084,-75.74619839790954,-75.37737642211906,-74.91966105315325,-121.79634401822422,0.6789031828348101,0.3120088878980884
2027,adolescent#003,12900,1,172.0,170.66582522541017,-11.02652255677242,-1.7291399732434911,4.116666666666666,61.33333333333333,5694.0,0.0,0.375,151.4247275900004,19.2,40.1,44.8,14.1,6.5,98.0,0.0,65.20535281672747,75.68892878061835,64.62287304055268,75.39069304252726,68.26725809872312,78.81143793148235,-65.20535281672747,-64.62287304055268,-68.26725809872312,-170.66582522541017,0.02658284226182379,0.03820053736986456
2027,adolescent#003,14340,0,,145.72841284570353,-5.2596677677294394,-6.1813006491756255,1.9833333333333334,29.55555555555556,5568.0,0.9865717593654804,0.4444444444444444,144.9217816206695,19.2,40.1,44.8,14.1,6.5,98.0,0.0,92.82522475773783,100.18890295781354,92.95512807444752,100.82711719437191,90.00602277921124,97.52385230661706,-92.82522475773783,-92.95512807444752,-90.00602277921124,-145.72841284570353,0.010103396802328295,0.00035556711576391516
2027,adolescent#003,15780,1,211.0,211.92868840865253,-8.456525101108099,-7.00855990583014,3.775,50.55555555555556,5754.0,0.8065663151757061,0.4,141.1834965430448,19.2,40.1,44.8,14.1,6.5,98.0,0.0,75.19785214207208,86.35122854013025,74.35546459091942,85.86662696553282,72.81704447076505,83.77855027743595,-75.19785214207208,-74.35546459091942,-72.81704447076505,-211.92868840865253,0.011086635191918978,0.022369524811641686
2027,adolescent#003,17220,1,64.0,185.60245383553223,-19.43788597429227,-54.735016927598565,6.075,62.0,9575.0,2.034967725535302,0.45454545454545453,140.0284894202803,19.2,40.1,44.8,14.1,6.5,98.0,0.0,50.296822625177285,59.69808679274534,50.23503168358721,59.848075031155744,43.33502278756846,51.87755154684166,-50.296822625177285,-50.23503168358721,-43.33502278756846,-185.60245383553223,0.8243555054456353,0.9841304010877853
2027,adolescent#003,18660,0,,299.21435837321195,-13.469425485958084,-26.778516461625372,2.0416666666666665,19.500000000000004,10811.8,0.0,0.5,135.14344090443092,19.2,40.1,44.8,14.1,6.5,98.0,0.0,107.22335372935498,117.48371348706621,106.41707029984917,117.39005597170876,108.55499742190467,118.4014821357552,-107.22335372935498,-106.41707029984917,-108.55499742190467,-299.21435837321195,0.5964581828984887,0.0017395844232673153
2027,adolescent#004,11460,0,,176.02784531124692,-10.366132281035732,-32.533103239420484,1.8625,13.111111111111109,8840.4,2.442813071734605,0.42857142857142855,158.8882122522357,13.0,16.8,49.6,19.6,7.5,56.0,1.0,106.69595008857605,110.7652660442953,106.70888483759506,110.78186921397581,104.59043812820089,109.0673582074495,-99.69595008857605,-106.70888483759506,-104.59043812820089,-176.02784531124692,0.047440851784866636,0.0031281339349616124
2027,adolescent#004,12900,0,,183.3893374539023,-1.644567779361978,-11.517628957510254,1.5750000000000002,30.333333333333332,8606.8,0.6418904053834957,0.375,155.6760067552477,13.0,16.8,49.6,19.6,7.5,56.0,1.0,125.45733682475095,128.6743160258176,125.46269736248655,128.68372881376632,125.04721039742755,128.40481661775857,-118.45733682475095,-125.46269736248655,-125.04721039742755,-183.3893374539023,0.0020575986186236834,0.0010940066381084934
2027,adolescent#004,14340,1,238.0,275.82290544770535,9.734647860461962,36.842805171423464,9.391666666666666,50.05555555555556,5766.0,1.949306033785188,0.3333333333333333,152.54195412081262,13.0,16.8,49.6,19.6,7.5,56.0,1.0,67.39699366994336,80.73369678311583,67.38517492883155,80.72374073135133,64.62614773880372,77.65598661297052,-60.396993669943356,-67.38517492883155,-64.62614773880372,-275.82290544770535,0.43292321885207147,0.39200923763740314
2027,adolescent#004,15780,1,164.0,261.7688692021219,-3.7221493659291696,-8.940850779119046,0.7833333333333334,0.5555555555555564,10981.4,1.9608327886999666,0.4,148.6278345389607,13.0,16.8,49.6,19.6,7.5,56.0,1.0,130.98718373259246,132.42960981498325,130.99402999786196,132.43861732138407,128.35595006118126,129.9469557897192,-123.98718373259246,-130.99402999786196,-128.35595006118126,-261.7688692021219,0.008058272195702917,0.004978215267285664
2027,adolescent#004,17220,0,,167.24831811112864,-0.06111235942461235,18.357197182964484,1.4583333333333335,11.805555555555555,5671.0,1.1166994786955868,0.45454545454545453,146.43369901174023,13.0,16.8,49.6,19.6,7.5,56.0,1.0,108.37294969009432,112.55976969074355,108.38714301625238,112.57682025630926,108.21839726071447,112.51859636916197,-101.37294969009432,-108.38714301625238,-108.21839726071447,-167.24831811112864,0.00201133766084543,0.0018434776909892823
2027,adolescent#004,18660,1,246.0,196.31749916689665,-13.101800741593195,-16.97720409866963,5.137499999999999,45.75000000000001,10936.2,2.4595735003985455,0.4166666666666667,144.785478604571,13.0,16.8,49.6,19.6,7.5,56.0,1.0,105.7907632122542,113.92859664011486,105.78144520978611,113.92593991913105,101.21658895411645,109.97726952752954,-98.7907632122542,-105.78144520978611,-101.21658895411645,-196.31749916689665,0.7947690559110127,0.06111192786168777
2027,adolescent#005,11460,0,,370.2651826683685,13.611607963621452,24.680028879631493,0.5729166666666665,17.694444444444446,10930.800000000001,0.8588590876403428,0.0,147.41692572228473,10.7,25.0,47.1,15.8,7.7,121.0,0.0,193.50867488179742,205.40844243315794,190.84765194159056,200.30112307794283,183.10248791962698,196.06951136329494,-193.50867488179742,-190.84765194159056,-183.10248791962698,-370.2651826683685,0.0064833264095499055,0.00865143281817824
2027,adolescent#005,12900,1,108.0,161.10362966995427,-26.080684313860303,-36.575703495323324,3.3666666666666663,24.333333333333332,8851.8,0.5,0.0,161.1692504188993,10.7,25.0,47.1,15.8,7.7,121.0,0.0,64.99175237371816,75.24366814896024,64.92040239779455,74.546446816348,61.95473785320252,72.13027445216417,-64.99175237371816,-64.92040239779455,-61.95473785320252,-161.10362966995427,0.026985844725975903,0.45003263203385485
2027,adolescent#005,14340,0,,238.574295864494,-24.452088299956756,-20.932179797997094,3.9187499999999997,21.666666666666668,11963.8,0.0,0.1111111111111111,153.93397198719214,10.7,25.0,47.1,15.8,7.7,121.0,0.0,66.99715205235793,79.04962864360355,67.3691801718754,78.83574235851779,65.92733864712383,78.0017933852009,-66.99715205235793,-67.3691801718754,-65.92733864712383,-238.574295864494,0.10692589841296761,0.30475779166075184
2027,adolescent#005,15780,0,,295.2418839412931,38.66874857975495,92.35710044984253,5.15625,29.02777777777778,10427.4,0.3135464934249814,0.2,148.3252886689309,10.7,25.0,47.1,15.8,7.7,121.0,0.0,72.23511704668357,91.78205569657652,71.46950865029014,90.5006411638205,72.38164462008992,91.64021127855389,-72.23511704668357,-71.46950865029014,-72.38164462008992,-295.2418839412931,0.1949576755032793,0.28826426753896395
2027,adolescent#005,17220,0,,291.39230442665263,16.284081853425334,61.734131677737906,2.4499999999999997,17.333333333333336,9464.4,0.100186280602367,0.18181818181818182,150.39441041472762,10.7,25.0,47.1,15.8,7.7,121.0,0.0,111.21262665196735,128.48512034801635,109.85659943952659,126.00190038000811,110.15501424426193,127.28653998093905,-111.21262665196735,-109.85659943952659,-110.15501424426193,-291.39230442665263,0.002414310148900026,0.004301267998621509
2027,adolescent#005,18660,0,,167.05563025344549,-20.43784404248285,-40.90258659649905,2.2312499999999997,1.1666666666666703,5718.0,0.0,0.16666666666666666,152.9406654846883,10.7,25.0,47.1,15.8,7.7,121.0,0.0,70.372483825588,78.94035444563352,70.3955958917829,78.37052845684077,68.93001338965531,77.60946773672167,-70.372483825588,-70.3955958917829,-68.93001338965531,-167.05563025344549,0.0094410325187323,0.3486689623392702
2027,adolescent#006,11460,0,,141.20460850258115,-21.907134341955384,-66.4025770792702,7.466666666666667,32.11111111111111,8810.4,1.0262880086474162,0.42857142857142855,133.98761318059846,6.7,22.2,45.4,20.0,6.8,80.0,0.0,108.96876205522257,113.7248382882209,108.94369828674941,113.69351379998022,107.59137970000137,112.6824528648072,-108.96876205522257,-108.94369828674941,-107.59137970000137,-141.20460850258115,0.5816683325434695,0.015862850202242124
2027,adolescent#006,12900,0,,136.13138670827487,-33.42010404899182,-33.03380998493665,7.2041666666666675,38.52777777777778,10669.8,0.5,0.375,134.43460664009643,6.7,22.2,45.4,20.0,6.8,80.0,0.0,113.78447728962628,118.87859534570467,113.73733510272768,118.8255672662226,114.40644291445079,119.79802918947436,-113.78447728962628,-113.73733510272768,-114.40644291445079,-136.13138670827487,0.47834852595711214,0.040714386930721984
2027,adolescent#006,14340,0,,73.06064594682111,12.633717363910641,0.8536719888023043,9.641666666666667,54.888888888888886,10902.6,0.0,0.3333333333333333,133.45531140645352,6.7,22.2,45.4,20.0,6.8,80.0,0.0,72.19299900094455,72.19299900094455,72.1829324166746,72.1829324166746,72.2098554170587,72.2098554170587,-72.19299900094455,-72.1829324166746,-72.2098554170587,-73.06064594682111,0.26410070119337536,0.2339423033961646
2027,adolescent#006,15780,0,,223.41378513308413,-22.22561462781698,-8.752232127391977,12.012500000000001,50.666666666666664,12137.6,2.318997643930677,0.3,133.72352294351612,6.7,22.2,45.4,20.0,6.8,80.0,0.0,81.51343924462611,92.61471191412018,81.49715526397598,92.59278863676941,76.32094897281185,87.22621062105054,-81.51343924462611,-81.49715526397598,-76.32094897281185,-223.41378513308413,0.6889676865644713,0.3405583247003195
2027,adolescent#006,17220,0,,105.53515189903369,-40.525103747231796,-78.36358941062251,11.333333333333332,30.666666666666664,5697.0,0.15881786030884815,0.2727272727272727,132.68342619093426,6.7,22.2,45.4,20.0,6.8,80.0,0.0,75.9730395136166,80.31623658241182,75.94043932533879,80.27781542134356,77.65342045293606,82.28221598326687,-75.9730395136166,-75.94043932533879,-77.65342045293606,-105.53515189903369,0.7932719983242242,0.2683946822812404
2027,adolescent#006,18660,0,,74.7927837349198,-5.343688275148494,-44.0546383564174,5.775,11.999999999999996,11099.0,2.9254448838007185,0.3333333333333333,131.29257019286112,6.7,22.2,45.4,20.0,6.8,80.0,0.0,73.14235457635887,73.34335335741032,73.13621400198072,73.3372123212627,71.29150745786322,71.70231059350579,-73.14235457635887,-73.13621400198072,-71.29150745786322,-74.7927837349198,0.7661243356047054,0.8746846669490309
2027,adolescent#007,11460,0,,345.04765560953877,59.00797640003714,134.8434882666721,7.1312500000000005,47.138888888888886,10652.76,1.6746633153746293,0.7142857142857143,182.51887421801993,6.5,11.3,37.9,22.0,8.0,118.0,0.0,80.2171686693145,85.29947784994434,80.1750279996829,85.25267350687014,80.22915796642089,85.3208490757114,-80.2171686693145,-80.1750279996829,-80.22915796642089,-345.04765560953877,0.2100857807671174,0.8314151591014397
2027,adolescent#007,12900,0,,311.9736514311556,-17.99207558477798,-6.51228140398598,1.0083333333333333,0.0,9416.2,1.7985332673944612,0.625,182.0858086043529,6.5,11.3,37.9,22.0,8.0,118.0,0.0,75.35872326241314,76.53532333739284,75.31699047383627,76.49298015152881,75.38953772575124,76.56873560105744,-75.35872326241314,-75.31699047383627,-75.38953772575124,-311.9736514311556,0.009829815571299383,0.6528444969811814
2027,adolescent#007,14340,0,,341.4878929512761,-18.865336488329888,-29.91437506468543,5.624999999999999,21.333333333333336,5712.0,0.4249686580503047,0.5555555555555556,177.43238275478208,6.5,11.3,37.9,22.0,8.0,118.0,0.0,74.22212497730548,77.139205585068,74.18474662355949,77.0996381544906,74.23759103432384,77.16030097552769,-74.22212497730548,-74.18474662355949,-74.23759103432384,-341.4878929512761,0.07727641757133875,0.7363503510027513
2027,adolescent#007,15780,0,,276.7624462897657,-23.262498740578053,-33.509110023757785,2.45,8.444444444444446,14714.2,1.5269739725994524,0.6,178.04216637175867,6.5,11.3,37.9,22.0,8.0,118.0,0.0,76.45730377653135,78.00855563709153,76.41612806984354,77.9662211278885,76.48357905093214,78.03707991657993,-76.45730377653135,-76.41612806984354,-76.48357905093214,-276.7624462897657,0.21990537936593868,0.8701321911257057
2027,adolescent#007,17220,0,,345.35018563190033,4.070988992910145,24.885318846085966,4.433333333333334,8.61111111111111,5763.0,0.0,0.5454545454545454,175.89472006444032,6.5,11.3,37.9,22.0,8.0,118.0,0.0,70.6008519310858,73.01050404738814,70.5642247331301,72.9714179636598,70.63826440934105,73.05426895353749,-70.6008519310858,-70.5642247331301,-70.63826440934105,-345.35018563190033,0.0027401987646161062,0.7951181969305067
2027,adolescent#007,18660,1,155.0,180.39015741540436,-16.000468010815297,-52.137898098458066,8.1375,24.750000000000004,12462.2,1.8480332394043044,0.5833333333333334,173.13592217047628,6.5,11.3,37.9,22.0,8.0,118.0,0.0,70.40748536599631,73.30810514834846,70.37802925819214,73.27781239491291,70.3952628718652,73.2980638873656,-70.40748536599631,-70.37802925819214,-70.3952628718652,-180.39015741540436,0.1929680417095383,0.9794168043361412
2027,adolescent#008,11460,0,,107.62589563553873,35.51760126276878,23.31137674585399,0.0,63.11111111111111,12435.2,2.25646849004353,0.42857142857142855,161.8178881605953,3.5,11.5,41.2,13.2,7.5,61.0,0.0,108.35310729012586,108.35310729012586,108.35316780109218,108.35316780109218,108.14454993253858,108.14454993253858,-108.35310729012586,-108.35316780109218,-108.14454993253858,-107.62589563553873,0.0025138838480261937,0.015136179975908864
2027,adolescent#008,12900,0,,241.62017972973456,-13.680139280280201,-29.005905675336862,5.941666666666666,9.77777777777778,9547.6,0.30119615778757414,0.375,184.19855898905647,3.5,11.5,41.2,13.2,7.5,61.0,0.0,106.10248176108044,112.22962193672754,106.10084844031213,112.2265191358901,105.24517340523795,111.67811376111834,-106.10248176108044,-106.10084844031213,-105.24517340523795,-241.62017972973456,0.27430783188638286,0.03136653519363736
2027,adolescent#008,14340,0,,279.12633572269294,-11.415831086463356,-30.25344375256884,7.90625,21.249999999999996,10130.2,0.703955145324711,0.3333333333333333,181.67659490568093,3.5,11.5,41.2,13.2,7.5,61.0,0.0,104.98632758454936,112.53496180968347,104.98267792311589,112.53065350644883,104.17800565056771,112.00097144386554,-104.98632758454936,-104.98267792311589,-104.17800565056771,-279.12633572269294,0.28214824959874013,0.032074812296360104
2027,adolescent#008,15780,0,,340.56192115611236,-5.780707498042602,1.465615079532597,15.9125,41.52777777777777,13438.0,1.2031854084493245,0.3,177.60924608659514,3.5,11.5,41.2,13.2,7.5,61.0,0.0,88.62180635691183,98.58035354216787,88.61895367793628,98.57708111384156,86.82122354717049,96.95724000794527,-88.62180635691183,-88.61895367793628,-86.82122354717049,-340.56192115611236,0.489391122116641,0.16418349813490968
2027,adolescent#008,17220,0,,249.3121741090339,-23.684914906943845,-41.02481790157532,6.5625,23.75,11094.8,0.1904190566306827,0.2727272727272727,175.65555169000947,3.5,11.5,41.2,13.2,7.5,61.0,0.0,107.20165136613112,114.15462765707395,107.19957332611769,114.15112021101103,105.69663174602113,113.02271125521635,-107.20165136613112,-107.19957332611769,-105.69663174602113,-249.3121741090339,0.06291822485102617,0.016748615362723852
2027,adolescent#008,18660,0,,365.45181352210096,-29.70961832156155,-59.516712404700286,6.0,12.888888888888888,5857.0,0.0,0.25,173.78967044206016,3.5,11.5,41.2,13.2,7.5,61.0,0.0,115.40732200468369,121.43405147033019,115.4058994198043,121.43194961623155,114.9187949992912,121.25795754040462,-115.40732200468369,-115.4058994198043,-114.9187949992912,-365.45181352210096,0.17999228562785258,0.009102852974948644
2027,adolescent#009,11460,1,134.0,138.17857802834158,-6.474992340507413,-20.805191962252195,1.325,0.0,8637.0,0.5,0.14285714285714285,131.20359500569387,19.6,18.2,43.9,12.2,6.6,120.0,0.0,80.7590877225895,87.88772844531326,80.6891657539153,87.90163858310976,79.85280143055711,87.1556493478542,-80.7590877225895,-80.6891657539153,-79.85280143055711,-138.17857802834158,0.030619534988556126,0.05166482862178569
2027,adolescent#009,12900,1,209.0,178.4598513919901,-4.200648832518482,-6.990075147961932,3.4,48.555555555555564,8614.0,0.0,0.25,127.70136538759559,19.6,18.2,43.9,12.2,6.6,120.0,0.0,79.91039008311414,90.24259795186843,79.82365332317362,90.19298043126187,80.11722285785099,90.41995743821683,-79.91039008311414,-79.82365332317362,-80.11722285785099,-178.4598513919901,0.005663968422410966,0.0023561742327132666
2027,adolescent#009,14340,0,,190.76799722760452,8.301047293485738,15.004636374719553,3.78125,52.49999999999999,5841.0,0.0,0.3333333333333333,125.30311787925474,19.6,18.2,43.9,12.2,6.6,120.0,0.0,81.01882981002434,91.97538934906106,80.99371033142317,91.96985835924134,81.34257420464672,92.2256666856947,-81.01882981002434,-80.99371033142317,-81.34257420464672,-190.76799722760452,0.005525967995819941,0.0014268293261868645
2027,adolescent#009,15780,0,,167.0253846176113,-7.477411006779107,-15.670814578674367,1.2979166666666666,8.055555555555555,11512.4,0.0,0.3,125.19062309432461,19.6,18.2,43.9,12.2,6.6,120.0,0.0,93.54993289005144,100.80477252803688,93.52807284342796,100.8660077722011,93.38526246041435,100.70220402343955,-93.54993289005144,-93.52807284342796,-93.38526246041435,-167.0253846176113,0.006918820933563473,0.0005439112025101588
2027,adolescent#009,17220,1,168.0,219.97054315166412,-9.22596751123524,-12.624521650106288,4.520833333333333,39.72222222222223,5775.0,0.0,0.2727272727272727,124.72227682989993,19.6,18.2,43.9,12.2,6.6,120.0,0.0,65.28997380144432,75.37612755769388,65.3255265223017,75.43039570287212,65.81800081123548,75.88388972035844,-65.28997380144432,-65.3255265223017,-65.81800081123548,-219.97054315166412,0.10537976746884206,0.16957775165022884
2027,adolescent#009,18660,0,,111.60325435335567,-1.7980648916610846,13.991667885660945,0.5,0.0,5690.0,0.9936546138010387,0.3333333333333333,123.30128929798188,19.6,18.2,43.9,12.2,6.6,120.0,0.0,81.93389528783776,84.54656740993343,82.02414112611544,84.67998635076543,81.2741843905091,84.25954352057644,-81.93389528783776,-82.02414112611544,-81.2741843905091,-111.60325435335567,0.031905655090345986,0.010392246741017299
2027,adolescent#010,12900,0,,125.36097955823509,-0.7069122522042619,-14.493881284951769,3.1875,28.33333333333333,5868.0,0.10513113457959822,0.125,190.53601778759793,17.5,37.5,47.4,17.6,7.5,101.0,0.0,111.871921729401,124.86011659778751,111.92588751988161,124.89249459611685,124.59579916103337,125.06403569119169,-111.871921729401,-111.92588751988161,-124.59579916103337,-125.36097955823509,0.04705755430746023,0.002914590673413923
2027,adolescent#010,14340,0,,210.49645909039523,12.778579188564805,16.438825610280702,0.5625,0.0,9762.400000000001,2.10968224729248,0.2222222222222222,180.93144387828124,17.5,37.5,47.4,17.6,7.5,101.0,0.0,173.9322453611863,180.06286483267823,173.91761814069451,180.0248328737315,165.54379387732288,167.56123786261278,-173.9322453611863,-173.91761814069451,-165.54379387732288,-210.49645909039523,0.009356570381844129,0.006814775187499454
2027,adolescent#010,15780,0,,219.91713357958804,2.171139146351493,8.441994176276836,2.375,14.583333333333332,5692.0,2.6175549413607335,0.2,182.71478395595958,17.5,37.5,47.4,17.6,7.5,101.0,0.0,146.78459085704213,158.73342037617346,146.80446850216865,158.73187629491437,145.54943851805936,151.94981546340065,-146.78459085704213,-146.80446850216865,-145.54943851805936,-219.91713357958804,0.007387888679022891,0.0014378103688925282
2027,adolescent#010,17220,0,,224.38761364033445,26.827300596147325,42.31406416193235,2.9583333333333335,41.00000000000001,5683.0,3.43915141650898,0.18181818181818182,181.88252835603672,17.5,37.5,47.4,17.6,7.5,101.0,0.0,177.36579068003914,191.61868567521873,177.3600673926025,191.59157231070358,156.90449579679577,166.24881048288208,-177.36579068003914,-177.3600673926025,-156.90449579679577,-224.38761364033445,0.007229241675039643,0.0019211408747561833
2027,adolescent#010,18660,0,,167.77545840270292,3.057122786703019,1.3405977451784281,3.0250000000000004,32.0,10402.4,1.7155438601559103,0.16666666666666666,188.02044115039052,17.5,37.5,47.4,17.6,7.5,101.0,0.0,134.26534255609525,148.03114092326877,134.2720658394891,148.02071494331398,134.85447916152827,143.19735701273515,-134.26534255609525,-134.2720658394891,-134.85447916152827,-167.77545840270292,0.002013125232698012,0.0004594256249774735
2027,adult#001,11460,0,,222.31504342163043,-6.331816548979219,20.68941492762505,8.864583333333334,44.861111111111114,5838.0,0.6801688336401526,0.42857142857142855,128.22021367946516,7.7,7.1,102.3,27.5,6.4,72.0,0.0,90.62385820079727,102.58946416424446,90.9866870567402,102.90701205596675,94.01563381788542,105.56600284960639,-90.62385820079727,-90.9866870567402,-94.01563381788542,-222.31504342163043,0.038937728294947384,0.010697671718139786
2027,adult#001,12900,0,,140.51284716220786,-1.2462602152034492,-10.667567388074588,2.93125,3.111111111111109,10054.8,0.0,0.375,128.7705168860498,7.7,7.1,102.3,27.5,6.4,72.0,0.0,84.18832793702072,91.75857278510375,84.55054728234403,92.07274924555242,90.49497009765696,97.2742061570351,-84.18832793702072,-84.55054728234403,-90.49497009765696,-140.51284716220786,0.0012615037113832932,0.013296806164230537
2027,adult#001,14340,0,,189.6041089711529,-4.370470221873717,14.535945089505475,3.9312500000000004,18.416666666666668,15543.400000000001,0.9469326333861083,0.4444444444444444,126.13124704662187,7.7,7.1,102.3,27.5,6.4,72.0,0.0,107.25384056975662,116.18675915118791,107.42698247474763,116.30477733344249,106.90334255770924,115.46258851861319,-107.25384056975662,-107.42698247474763,-106.90334255770924,-189.6041089711529,0.03354076047348273,0.016843880958488218
2027,adult#001,15780,0,,157.31415962458615,-16.74463041294399,-18.987895627001024,4.472916666666666,22.08333333333333,12045.6,1.4905004281982057,0.4,126.07613146863616,7.7,7.1,102.3,27.5,6.4,72.0,0.0,98.45872323380158,107.00965230649437,98.49025055021843,107.00269483433055,94.10634562697498,102.65481674690557,-98.45872323380158,-98.49025055021843,-94.10634562697498,-157.31415962458615,0.350339347191367,0.06367572283616203
2027,adult#001,17220,1,267.0,162.69443174059117,-20.218293997874497,-20.26691765773296,3.5749999999999993,0.0,11295.199999999999,1.2814580226794678,0.45454545454545453,124.2998047346618,7.7,7.1,102.3,27.5,6.4,72.0,0.0,96.02169287855482,104.23515823685555,96.13313981403881,104.31067545377294,93.67545922765521,101.82078602592102,-96.02169287855482,-96.13313981403881,-93.67545922765521,-162.69443174059117,0.03432329621627007,0.006700230160853644
2027,adult#001,18660,0,,168.9044107218486,8.955735052286599,16.81959083413676,3.0562500000000004,22.527777777777775,10335.8,0.1288270150418258,0.4166666666666667,122.95172183747921,7.7,7.1,102.3,27.5,6.4,72.0,0.0,114.66163513223775,122.99739822275222,114.93470343340775,123.19021938931942,119.78269672597932,127.07008558397976,-114.66163513223775,-114.93470343340775,-119.78269672597932,-168.9044107218486,0.0009212064110732713,0.0020718803303789294
2027,adult#002,11460,0,,142.5632508129409,11.357290409734475,12.821405367350707,1.2375,0.0,9466.8,1.8387239799730786,0.5714285714285714,116.34009283287823,10.2,7.5,111.1,34.7,6.3,129.0,0.0,89.23285428287952,90.10649855049562,89.23230406053754,90.10588545944418,88.93263394911261,89.83374926647318,-89.23285428287952,-89.23230406053754,-88.93263394911261,-142.5632508129409,0.005341728652894074,0.010864471901893822
2027,adult#002,12900,0,,162.5932279800104,-3.851008802516816,11.62425081110672,5.779166666666667,45.388888888888886,14678.2,1.7814760007378272,0.625,112.98127711182578,10.2,7.5,111.1,34.7,6.3,129.0,0.0,94.37374955428774,97.57583285699238,94.37353561837618,97.57556196295836,92.96535299216171,96.18431923434248,-94.37374955428774,-94.37353561837618,-92.96535299216171,-162.5932279800104,0.43283289992125246,0.19230228474442163
2027,adult#002,14340,0,,172.496870615189,-10.354793954049228,-25.88863451674908,6.041666666666666,15.166666666666671,9085.4,3.724702404135123,0.5555555555555556,113.9704587146204,10.2,7.5,111.1,34.7,6.3,129.0,0.0,87.20927744072908,89.55871953912298,87.20892571191985,89.55830164213381,84.89276515532418,87.3688840770298,-87.20927744072908,-87.20892571191985,-84.89276515532418,-172.496870615189,0.7864491084518155,0.27040871056965293
2027,adult#002,15780,0,,125.08956811017794,-2.6417447404669474,-3.9245160638849086,1.4249999999999998,0.0,11097.4,2.61791044648683,0.6,112.80627894262516,10.2,7.5,111.1,34.7,6.3,129.0,0.0,88.0843185360674,88.80906540283027,88.08366123997726,88.80835540189149,87.66838336836378,88.4418770256256,-88.0843185360674,-88.08366123997726,-87.66838336836378,-125.08956811017794,0.0034529972637598223,0.02929620786147468
2027,adult#002,17220,0,,202.70118267873207,8.72166463438333,2.7808948765287766,0.0,16.5,5765.0,0.5,0.6363636363636364,110.30727538401129,10.2,7.5,111.1,34.7,6.3,129.0,0.0,113.10168797579713,113.12849392133165,113.10105125238259,113.12785148399453,112.60622965235738,112.63179153782681,-113.10168797579713,-113.10105125238259,-112.60622965235738,-202.70118267873207,0.005586407571057085,0.003263676601753819
2027,adult#002,18660,0,,166.9102202864301,9.90039275386411,8.869237182038319,4.55,13.999999999999996,11046.2,1.776247602628132,0.5833333333333334,112.99936585111654,10.2,7.5,111.1,34.7,6.3,129.0,0.0,89.38930540818025,91.30740129807273,89.38902178900885,91.30704361441676,88.54332877384964,90.4846200915675,-89.38930540818025,-89.38902178900885,-88.54332877384964,-166.9102202864301,0.05447300082599404,0.10983250234392733
2027,adult#003,11460,0,,160.04994070590726,-6.957235098483466,-10.492001399527737,4.843749999999999,14.666666666666668,5774.0,0.25967531683352085,0.14285714285714285,132.74728334592297,9.0,21.5,81.6,40.1,6.5,108.0,1.0,101.51855283590896,109.40251155637682,100.9791035291232,108.74922678703462,105.84590622589653,113.12113673772245,-94.51855283590896,-100.9791035291232,-105.84590622589653,-160.04994070590726,0.013041007906948872,0.004093887551512121
2027,adult#003,12900,0,,131.20223828257892,-4.979171874378409,-6.224071043545649,2.0124999999999997,0.0,8705.6,0.10548273216589887,0.125,132.07681013683813,9.0,21.5,81.6,40.1,6.5,108.0,1.0,114.45198799684935,119.47527857261942,115.1454500849452,120.13149455857813,118.12380583117589,122.40413167067362,-107.45198799684935,-115.1454500849452,-118.12380583117589,-131.20223828257892,0.0009298696530117116,0.0007047498843746886
2027,adult#003,14340,0,,185.3873201598832,-11.264757497910352,-28.844563136492155,6.300000000000001,34.833333333333336,5610.0,0.0,0.1111111111111111,134.1119456677591,9.0,21.5,81.6,40.1,6.5,108.0,1.0,100.47790756190486,110.99263379335932,99.52834458746837,109.88689865576464,106.42581158705406,116.29032495894353,-93.47790756190486,-99.52834458746837,-106.42581158705406,-185.3873201598832,0.5115390650836704,0.007021450531565036
2027,adult#003,15780,0,,191.34366571801402,-9.471946908431448,-1.932119356746142,6.125,43.49999999999999,5773.0,0.5,0.1,135.95215846378485,9.0,21.5,81.6,40.1,6.5,108.0,1.0,108.45059749308778,120.31025981921267,107.46398226630095,119.15650881769211,110.79847812731653,121.7537075246137,-101.45059749308778,-107.46398226630095,-110.79847812731653,-191.34366571801402,0.029334078157133167,0.001687218317609889
2027,adult#003,17220,0,,81.8479782436309,-13.441351611827812,-26.068207330048224,5.374999999999999,18.05555555555556,5743.0,2.8486544837365617,0.09090909090909091,135.69810279298775,9.0,21.5,81.6,40.1,6.5,108.0,1.0,85.5028172849244,85.5028172849244,85.38284880297519,85.38284880297519,84.98512569305554,84.98512569305554,-78.5028172849244,-85.38284880297519,-84.98512569305554,-81.8479782436309,0.7689187457016718,0.5599737001088906
2027,adult#003,18660,0,,145.8265005275779,-4.311236430999372,-13.808242093486626,8.395833333333332,60.69444444444444,5598.0,0.0,0.08333333333333333,133.37682059068388,9.0,21.5,81.6,40.1,6.5,108.0,1.0,96.91515749647856,109.62436829355838,95.59718144152446,108.09456879884311,102.54820242687254,114.71738681128575,-89.91515749647856,-95.59718144152446,-102.54820242687254,-145.8265005275779,0.22617275387295663,0.00800159302990825
2027,adult#004,11460,0,,200.98850426386122,-22.36834361434407,-51.888765020838946,3.16875,28.5,5582.0,0.0,0.42857142857142855,106.9417720908403,16.9,43.0,63.0,20.8,5.7,59.0,0.0,110.3873647512845,113.15626360477573,110.90341969366746,114.3307888480636,109.33503030356536,111.88590437033963,-110.3873647512845,-110.90341969366746,-109.33503030356536,-200.98850426386122,0.07238420417692476,0.0024473019672430307
2027,adult#004,12900,0,,167.15401181198717,-22.190621304672135,-43.10074302800655,3.441666666666667,37.05555555555555,5797.0,0.0018090862611694902,0.375,109.514377674569,16.9,43.0,63.0,20.8,5.7,59.0,0.0,93.34256780977076,95.95323984344917,92.76654743798538,95.81853078593981,93.297808600992,95.8188659231902,-93.34256780977076,-92.76654743798538,-93.297808600992,-167.15401181198717,0.07666586120617375,0.009497449745691689
2027,adult#004,14340,0,,133.79473224056574,-17.780761377616273,-46.127360340837384,2.95,32.22222222222222,5887.0,0.0,0.3333333333333333,108.3943377021792,16.9,43.0,63.0,20.8,5.7,59.0,0.0,85.92494012199707,87.9259187629585,85.405887657053,87.71574901737313,86.07091125949324,88.01290108042869,-85.92494012199707,-85.405887657053,-86.07091125949324,-133.79473224056574,0.12274475490926193,0.030795512854665055
2027,adult#004,15780,0,,122.50036860014326,-11.2740041808636,5.044574725621359,0.5062500000000002,0.0,8433.0,0.0,0.4,107.22939573270028,16.9,43.0,63.0,20.8,5.7,59.0,0.0,123.02738571588077,123.16010337606889,125.16257785258786,125.16257785258786,119.69803959161531,119.81145565416766,-123.02738571588077,-125.16257785258786,-119.69803959161531,-122.50036860014326,0.007394957580594043,0.001346056209790266
2027,adult#004,17220,0,,163.10847469396413,-7.312141552897373,-24.233275110180557,2.220833333333333,13.444444444444446,5707.0,0.0,0.36363636363636365,107.42382855070386,16.9,43.0,63.0,20.8,5.7,59.0,0.0,119.17030950673941,120.19114467146929,121.68329676753653,123.06933050002485,116.68831034500259,117.59986865115104,-119.17030950673941,-121.68329676753653,-116.68831034500259,-163.10847469396413,0.07738285555596758,0.0028980333546501902
2027,adult#004,18660,0,,221.14735437433228,-0.13423523994688935,-3.240056751141651,3.208333333333333,40.0,12030.2,0.0,0.3333333333333333,107.60092883225711,16.9,43.0,63.0,20.8,5.7,59.0,0.0,102.2980652416766,106.56218220624237,102.90043851142923,107.95511043864008,101.60675007656945,105.56094966981372,-102.2980652416766,-102.90043851142923,-101.60675007656945,-221.14735437433228,0.01384667714884811,0.0018750879396413605
2027,adult#005,11460,0,,176.30665523522964,14.857786378099718,35.58102762813394,11.48125,38.638888888888886,5774.0,2.2629898393613175,0.5714285714285714,111.68862069615145,4.5,6.5,94.1,23.7,5.6,73.0,0.0,95.14208084300473,108.08856133524586,95.14176827936296,108.08756014882877,83.88801021675336,96.09538872269961,-95.14208084300473,-95.14176827936296,-83.88801021675336,-176.30665523522964,0.06623719819587347,0.02795902309233028
2027,adult#005,12900,0,,272.91202165776565,25.61561725798694,73.87238947961447,20.604166666666668,48.66666666666667,10003.0,0.08531930860603953,0.5,115.44246079301945,4.5,6.5,94.1,23.7,5.6,73.0,0.0,62.976769664212334,73.95742485752378,62.9778731002487,73.95833866877452,68.35541656017683,79.79352726504942,-62.976769664212334,-62.9778731002487,-68.35541656017683,-272.91202165776565,0.5343011167182018,0.6802968895668733
2027,adult#005,14340,0,,156.76105108847565,-14.676628102672936,-24.710588410885606,7.275,16.44444444444445,10978.2,0.0,0.4444444444444444,121.24921742063725,4.5,6.5,94.1,23.7,5.6,73.0,0.0,80.39769117467009,91.97839953048691,80.39787370770014,91.9779699260686,85.9989538327813,97.2848525891303,-80.39769117467009,-80.39787370770014,-85.9989538327813,-156.76105108847565,0.42274982417989393,0.1554697461788164
2027,adult#005,15780,0,,153.73671172365698,-1.7237468841510406,-13.900734481333757,11.783333333333331,28.472222222222218,14174.599999999999,2.301811366892088,0.4,122.40170029908556,4.5,6.5,94.1,23.7,5.6,73.0,0.0,83.53634142644958,95.92879527751205,83.53408691956585,95.92566883583372,70.00722815235986,80.89132889016356,-83.53634142644958,-83.53408691956585,-70.00722815235986,-153.73671172365698,0.6695234566690541,0.8278086950254419
2027,adult#005,17220,1,176.0,109.52712498917107,-34.73188658355865,-47.975957514231126,15.066666666666666,42.694444444444436,5673.0,2.4031431876620744,0.36363636363636365,121.67125980489473,4.5,6.5,94.1,23.7,5.6,73.0,0.0,76.8333166933804,89.10687085237322,76.83069026365192,89.10338414296746,62.493715952131424,72.9768538859595,-76.8333166933804,-76.83069026365192,-62.493715952131424,-109.52712498917107,0.9284997954404532,0.5168837576092635
2027,adult#005,18660,1,180.0,152.2190240903953,1.905805914966379,-18.859648793182288,13.216666666666667,9.333333333333327,5771.0,1.7139982276387498,0.4166666666666667,119.01946880801052,4.5,6.5,94.1,23.7,5.6,73.0,0.0,67.38873127347131,78.17841326733432,67.38814604859516,78.17727686733392,60.57374266229888,70.37390422734862,-67.38873127347131,-67.38814604859516,-60.57374266229888,-152.2190240903953,0.903287412011229,0.7894910920625197
2027,adult#006,11460,0,,159.57630539138594,21.675118828132725,37.4433545640978,5.279166666666667,53.777777777777786,9169.4,0.12949285150923018,0.0,232.26673865919093,11.5,22.6,66.1,35.1,8.3,101.0,1.0,150.07393601128518,157.63191486806596,150.0985926767783,157.63236614141533,148.39245171525187,157.68106203473613,-143.07393601128518,-150.0985926767783,-148.39245171525187,-159.57630539138594,0.015923771714190346,0.013141421316949557
2027,adult#006,12900,0,,177.37721951608862,9.118060303982816,27.08825957982907,4.5,39.666666666666664,5700.0,1.31805593114741,0.0,223.81063755204187,11.5,22.6,66.1,35.1,8.3,101.0,1.0,138.3768633954154,152.98829957742112,138.35835115642232,152.968585184364,135.1667503514023,149.78424801409668,-131.3768633954154,-138.35835115642232,-135.1667503514023,-177.37721951608862,0.008914649936413301,0.00918111710666018
2027,adult#006,14340,0,,208.47888730956475,-10.400800919095303,-29.538325399367835,2.9375000000000004,1.7777777777777803,8664.88,2.405118529316278,0.0,213.7219831425341,11.5,22.6,66.1,35.1,8.3,101.0,1.0,141.99875785427903,152.86162978854594,141.94867045811895,152.81231826840386,138.48588922504604,149.46324880013037,-134.99875785427903,-141.94867045811895,-138.48588922504604,-208.47888730956475,0.010145216767474244,0.004188742880906028
2027,adult#006,15780,0,,294.72942710596664,2.8616588223842427,9.000580706132666,4.875,11.666666666666664,10652.199999999999,2.298521111956301,0.0,208.16960190208846,11.5,22.6,66.1,35.1,8.3,101.0,1.0,143.3668553589581,159.84038194212215,143.3123563615701,159.79081863379344,140.53351564048378,157.20739166924233,-136.3668553589581,-143.3123563615701,-140.53351564048378,-294.72942710596664,0.0319763191465916,0.018983485168736342
2027,adult#006,17220,0,,319.93900370549164,-3.6175930892196106,-20.437110434951876,2.75,0.0,5776.0,0.38797726370735486,0.0,206.60060928585145,11.5,22.6,66.1,35.1,8.3,101.0,1.0,168.66656772775076,181.28772296043454,168.69582822199595,181.31359650081976,167.36951377508797,180.10542627537637,-161.66656772775076,-168.69582822199595,-167.36951377508797,-319.93900370549164,0.004080762289199585,0.0065838364242721045
2027,adult#006,18660,0,,242.0958697823574,55.002261225360854,78.3392717514053,5.9375,44.44444444444444,13498.6,1.0879390296451854,0.0,204.95415098358532,11.5,22.6,66.1,35.1,8.3,101.0,1.0,141.99613268499166,160.04622961416254,141.98715152560987,160.03881115364118,139.57473393646893,157.70510314008249,-134.99613268499166,-141.98715152560987,-139.57473393646893,-242.0958697823574,0.5990452002107756,0.25043918420332606
2027,adult#007,11460,1,111.0,123.41201551535217,18.43497989023193,48.38114315232407,11.3,166.22222222222223,5786.0,0.5,1.0,78.84092664131357,18.4,29.0,91.2,38.4,4.3,44.0,1.0,35.64383503217255,41.64856468035242,35.646061041377095,41.65088935938035,36.40923898751016,42.446670998310886,-28.643835032172547,-35.646061041377095,-36.40923898751016,-123.41201551535217,0.6712314021021413,0.9695383187503942
2027,adult#007,12900,1,106.0,137.82695981438934,-13.591704555501764,-16.722736767880264,2.833333333333333,23.0,5847.0,0.0,1.0,78.6906529934572,18.4,29.0,91.2,38.4,4.3,44.0,1.0,49.739775407994415,54.4629553994692,49.748740516401156,54.47043464560343,53.373969492126975,57.604314934599685,-42.739775407994415,-49.748740516401156,-53.373969492126975,-137.82695981438934,0.8690020591796588,0.9864550533785705
2027,adult#007,14340,1,224.0,151.42172182480886,6.765712555772296,15.945938826974299,3.125,54.583333333333336,11739.8,0.5261719878011917,1.0,79.15778023003976,18.4,29.0,91.2,38.4,4.3,44.0,1.0,56.021573205027984,60.86428659951864,56.02668673677555,60.86781985282712,57.6493467453415,62.06347936917625,-49.021573205027984,-56.02668673677555,-57.6493467453415,-151.42172182480886,0.1684813102517186,0.9488885241748998
2027,adult#007,15780,1,178.0,115.99581029973794,9.348574323948668,21.53735829134692,3.6,72.33333333333333,9514.6,0.08994819357607664,1.0,80.55625769237102,18.4,29.0,91.2,38.4,4.3,44.0,1.0,55.33002802150999,60.5839926252718,55.335419172594044,60.58804493051643,57.60577316542338,62.3995590044769,-48.33002802150999,-55.335419172594044,-57.60577316542338,-115.99581029973794,0.28318718912874974,0.9710935974610181
2027,adult#007,17220,1,111.0,114.57701814667335,-19.946213634140534,-41.86500609392762,3.1562499999999996,28.472222222222218,5903.0,3.4288464409526958,1.0,82.11473948078888,18.4,29.0,91.2,38.4,4.3,44.0,1.0,56.071411773088414,60.38142835548321,56.07067422478651,60.379361331892945,52.39553991554977,56.64523080801993,-49.071411773088414,-56.07067422478651,-52.39553991554977,-114.57701814667335,0.6680917142848045,0.992365046432881
2027,adult#008,11460,0,,93.33868982547267,-5.45842711163678,-22.54136953618446,3.2,3.666666666666666,8860.8,0.012976175856434402,0.0,119.25951325996641,15.3,15.0,102.8,24.3,6.4,85.0,0.0,77.31866186824139,78.84708491389785,77.3186119899317,78.84737673323484,77.11046519383811,78.78259362234577,-77.31866186824139,-77.3186119899317,-77.11046519383811,-93.33868982547267,0.16095165260160285,0.4029753604016201
2027,adult#008,12900,0,,124.88421342821651,-3.5066427902000186,-17.28909526699782,2.5375000000000005,11.250000000000002,5816.0,0.18698052230050255,0.0,116.84116493375517,15.3,15.0,102.8,24.3,6.4,85.0,0.0,101.12980309683513,103.60968580015677,101.12856260701282,103.60900734035441,100.04371292830157,102.87754335739672,-101.12980309683513,-101.12856260701282,-100.04371292830157,-124.88421342821651,0.013669207995137767,0.004058108415483003
2027,adult#008,14340,0,,183.83424649314637,-4.115111468733943,-19.46500440706768,4.633333333333333,28.52777777777778,10533.0,1.7561640241055976,0.0,118.63732469993533,15.3,15.0,102.8,24.3,6.4,85.0,0.0,103.9605705753677,110.64982536942918,103.95816123970954,110.64818772886191,98.44947440577793,105.63521933747795,-103.9605705753677,-103.95816123970954,-98.44947440577793,-183.83424649314637,0.4097118792926438,0.03066462363346928
2027,adult#008,15780,0,,164.12572739368082,-1.9459715567736282,-0.3441833469110236,3.2958333333333334,29.44444444444444,9048.0,2.848501024262669,0.0,121.09718370772698,15.3,15.0,102.8,24.3,6.4,85.0,0.0,114.0583501007562,118.45842038087507,114.0570473165581,118.45789401745171,107.24826808198615,112.39666579993981,-114.0583501007562,-114.0570473165581,-107.24826808198615,-164.12572739368082,0.0005721772649792034,0.0007379280290404868
2027,adult#008,17220,0,,117.2883614158844,-5.620440232397314,-25.88734850587622,3.4062500000000004,31.30555555555556,10378.8,0.22276838931861764,0.0,123.16472728574144,15.3,15.0,102.8,24.3,6.4,85.0,0.0,93.14272612859693,96.4196055410554,93.14262501736586,96.42016688749058,92.39729216898817,96.0251528209206,-93.14272612859693,-93.14262501736586,-92.39729216898817,-117.2883614158844,0.047878670002307014,0.06068563831031851
2027,adult#008,18660,0,,97.52991565965404,-4.367660064336519,-15.526557469761698,2.727083333333333,12.75,5909.0,0.05128490422487175,0.0,123.7626285460383,15.3,15.0,102.8,24.3,6.4,85.0,0.0,85.14367130182309,86.51187661794081,85.14393912244074,86.51254452364972,84.8062120724982,86.41783016853097,-85.14367130182309,-85.14393912244074,-84.8062120724982,-97.52991565965404,0.11080764525432181,0.11848756232622926
2027,adult#009,11460,0,,123.79684978983293,10.251437086761257,31.90599978826613,7.375,39.0,11719.8,0.5,0.2857142857142857,170.37969326940038,6.1,6.8,74.6,24.1,7.0,88.0,0.0,121.85796688169084,121.85796688169084,121.85828020016399,121.85828020016399,121.65976553946534,121.65976553946534,-121.85796688169084,-121.85828020016399,-121.65976553946534,-123.79684978983293,0.030803251919206815,0.06722157293532487
2027,adult#009,12900,0,,93.48358151032141,5.66993620008202,-7.3160339132454055,7.0687500000000005,17.250000000000004,10962.599999999999,0.0,0.25,165.97583755841796,6.1,6.8,74.6,24.1,7.0,88.0,0.0,94.45212214742888,94.45212214742888,94.45150942180368,94.45150942180368,94.3125984127952,94.3125984127952,-94.45212214742888,-94.45150942180368,-94.3125984127952,-93.48358151032141,0.17690904950595776,0.03163673436685765
2027,adult#009,14340,0,,187.59032678833572,13.013816784665778,47.33865884068197,12.325,69.66666666666666,9721.0,0.0,0.3333333333333333,159.42198502464936,6.1,6.8,74.6,24.1,7.0,88.0,0.0,144.53339873570533,147.63820384785888,144.52754156028698,147.63635474755282,147.56232585892238,149.9980323398507,-144.53339873570533,-144.52754156028698,-147.56232585892238,-187.59032678833572,0.22782841374785096,0.02410728176255416
2027,adult#009,15780,0,,144.9387535510681,-3.676543764094845,-8.050294657917846,2.7312500000000006,0.0,9240.4,0.821728083503829,0.3,163.4488116252708,6.1,6.8,74.6,24.1,7.0,88.0,0.0,121.7299378536972,121.97378074227002,121.71748348481738,121.96188842874733,125.45414181387828,125.6602399837556,-121.7299378536972,-121.71748348481738,-125.45414181387828,-144.9387535510681,0.001548077431530895,0.0013305576004405191
2027,adult#009,17220,0,,145.3934458532896,-2.313783393482794,-16.41823939998423,3.28125,4.583333333333336,11243.400000000001,0.0,0.2727272727272727,164.14136089919904,6.1,6.8,74.6,24.1,7.0,88.0,0.0,115.20049761350471,115.51727384935977,115.18169180778293,115.4991328532887,120.22444335585607,120.4618045176042,-115.20049761350471,-115.18169180778293,-120.22444335585607,-145.3934458532896,0.007047510732180801,0.00245429182918243
2027,adult#009,18660,0,,224.63026848431764,-8.544206906240248,25.454316259762862,15.399999999999999,42.0,5887.0,0.0,0.25,163.64178956833916,6.1,6.8,74.6,24.1,7.0,88.0,0.0,121.77362131393426,124.36870327032956,121.75245493809525,124.35069628031395,127.92653683098132,130.0925784975502,-121.77362131393426,-121.75245493809525,-127.92653683098132,-224.63026848431764,0.4704489326323634,0.007184636655111026
2027,adult#010,11460,1,166.0,135.04435870000117,-6.30807287628943,-23.68648055028291,12.016666666666667,33.44444444444445,5609.0,0.0,0.7142857142857143,113.85451103231605,5.1,8.3,73.9,28.6,6.3,117.0,1.0,63.6599847529513,71.88385500631809,63.6684886093461,71.91166164742776,63.88443597709748,71.92260692517644,-56.6599847529513,-63.6684886093461,-63.88443597709748,-135.04435870000117,0.929242828766069,0.9001447670113784
2027,adult#010,12900,1,163.0,184.14308790173123,-14.165641993967512,-46.578255388986264,23.333333333333336,52.49999999999999,9216.8,0.0,0.75,110.81530966772016,5.1,8.3,73.9,28.6,6.3,117.0,1.0,50.17801013605274,58.853011050983135,50.22088550943495,58.90499106939248,50.19862610672443,58.896994292919274,-43.17801013605274,-50.22088550943495,-50.19862610672443,-184.14308790173123,0.9124884335945587,0.9837479051288327
2027,adult#010,14340,0,,183.5213851654795,-8.657600859996194,-5.079023025604613,8.1125,28.638888888888886,10755.2,0.8091999091200375,0.7777777777777778,108.65609964352713,5.1,8.3,73.9,28.6,6.3,117.0,1.0,87.24655713273555,95.42512068123071,87.30658308551014,95.51518869836612,85.96441893943694,94.05988370441982,-80.24655713273555,-87.30658308551014,-85.96441893943694,-183.5213851654795,0.0600679117097459,0.17830911493483698
2027,adult#010,15780,1,295.0,219.52921050887826,5.340165066315251,11.538153717094644,16.04375,65.72222222222221,5778.0,1.558026638161226,0.7,110.85282626034015,5.1,8.3,73.9,28.6,6.3,117.0,1.0,74.34331818571106,84.4697026571195,74.39459118326774,84.53629934984625,70.77324183852674,80.89867342348023,-67.34331818571106,-74.39459118326774,-70.77324183852674,-219.52921050887826,0.641440954550182,0.5306323570958573
2027,adult#010,17220,0,,162.47260049008088,-6.315111475299261,-26.173583642638164,10.845833333333333,44.91666666666667,12972.8,0.0,0.7272727272727273,111.13122040149962,5.1,8.3,73.9,28.6,6.3,117.0,1.0,74.91529453965333,83.96746818204468,74.93123288050676,84.00541388908431,75.52267603353565,84.44256188909115,-67.91529453965333,-74.93123288050676,-75.52267603353565,-162.47260049008088,0.7925336453011087,0.9434493967830919
2027,adult#010,18660,0,,259.73989446155457,-5.842869174211501,6.312463216637411,22.895833333333332,80.83333333333333,5825.0,4.988055837485386,0.75,111.63400384515892,5.1,8.3,73.9,28.6,6.3,117.0,1.0,71.23952543344716,81.80551773725227,71.35322410060431,81.9311754833467,58.40330037308951,68.40801304168848,-64.23952543344716,-71.35322410060431,-58.40330037308951,-259.73989446155457,0.6262661531322539,0.6259675491483233
2027,child#001,11460,0,,131.33749369775856,-10.306901251715203,-33.45921790376616,0.8166666666666667,15.833333333333336,5701.0,0.0,0.42857142857142855,114.77680140764157,31.7,54.6,34.6,9.8,6.2,105.0,0.0,80.16424272613918,82.62551472642194,80.16407853118685,82.62547365613247,80.17079685135569,82.7083240237533,-80.16424272613918,-80.16407853118685,-80.17079685135569,-131.33749369775856,0.02353658243593405,0.03421088895881111
2027,child#001,12900,0,,130.68660137806972,-35.36926672841523,-53.703499658317924,0.83125,16.22222222222222,10527.6,0.5,0.375,112.18693151592765,31.7,54.6,34.6,9.8,6.2,105.0,0.0,79.12117828811591,82.85509698415248,79.12097458360032,82.85502463267537,78.72301493247369,82.57219785988707,-79.12117828811591,-79.12097458360032,-78.72301493247369,-130.68660137806972,0.020734084060008706,0.10948338549696494
2027,child#001,14340,1,28.0,120.63078121927272,-23.788360470065143,-59.69291971748778,1.7937499999999997,14.0,5730.0,0.0,0.3333333333333333,114.7481145344698,31.7,54.6,34.6,9.8,6.2,105.0,0.0,53.0050910768776,57.02128531160676,53.00431320616216,57.02059559765674,53.1806407018217,57.293367957284055,-53.0050910768776,-53.00431320616216,-53.1806407018217,-120.63078121927272,0.8781182302780587,0.9402419388925026
2027,child#001,15780,0,,88.14258477574556,-4.664312500330425,-47.406915348884226,0.825,14.083333333333334,9150.400000000001,0.0,0.4,111.87836020875486,31.7,54.6,34.6,9.8,6.2,105.0,0.0,53.9462937739131,54.94575432456135,53.94618526369694,54.94569107399904,53.56232212074259,54.567516614089584,-53.9462937739131,-53.94618526369694,-53.56232212074259,-88.14258477574556,0.2359282021168063,0.9144463610404964
2027,child#001,17220,0,,79.44850574444335,-5.323885117928199,-15.456372542876224,0.31875000000000003,0.0,12185.6,0.0,0.36363636363636365,113.41409955763521,31.7,54.6,34.6,9.8,6.2,105.0,0.0,71.64350914678735,71.81975052918726,71.64387787608551,71.82012771367663,71.08674776602537,71.27221497958436,-71.64350914678735,-71.64387787608551,-71.08674776602537,-79.44850574444335,0.6003438285590298,0.6812858031087989
2027,child#001,18660,1,41.0,109.023960156823,-30.635264330026757,-63.177313740338775,1.375,14.0,10429.6,1.3638194232361593,0.3333333333333333,117.15003684836039,31.7,54.6,34.6,9.8,6.2,105.0,0.0,58.39234065142708,62.01451993615068,58.391859838981055,62.01414073813454,56.53816829630973,60.288929379694494,-58.39234065142708,-58.391859838981055,-56.53816829630973,-109.023960156823,0.649818702034726,0.9586992526592635
2027,child#002,11460,1,52.0,170.091298730398,-26.198968251796686,-56.68374458180648,2.916666666666667,0.0,10019.4,0.29472529262015446,0.5714285714285714,119.39052153209505,19.3,35.3,28.5,8.1,7.1,111.0,0.0,40.26014871370213,48.078978081435565,40.260065126089465,48.07887468789092,41.06190497483829,48.81978889460629,-40.26014871370213,-40.260065126089465,-41.06190497483829,-170.091298730398,0.9451616076674014,0.9779404387074476
2027,child#002,12900,0,,125.8178586571605,8.860882154145642,-1.6372905745427175,0.5374999999999999,4.333333333333335,5753.0,0.0,0.625,115.61282066543964,19.3,35.3,28.5,8.1,7.1,111.0,0.0,104.11733082160325,107.61739633816505,104.11709799841705,107.6171557896576,103.97907845624785,107.46434791784753,-104.11733082160325,-104.11709799841705,-103.97907845624785,-125.8178586571605,0.2578210013910238,0.0029009735408423924
2027,child#002,14340,1,255.0,214.0468957635756,-6.581586451328661,7.903125974761764,2.785416666666667,25.472222222222225,13530.2,0.0,0.5555555555555556,117.43841763468328,19.3,35.3,28.5,8.1,7.1,111.0,0.0,70.15721433352928,83.63734385074308,70.15717669688736,83.63727465356438,70.69677486882836,83.74679563889734,-70.15721433352928,-70.15717669688736,-70.69677486882836,-214.0468957635756,0.6403455611933937,0.11905725023978905
2027,child#002,15780,1,52.0,124.24688629085779,8.011533702544057,-12.325126292137668,4.035416666666666,49.44444444444444,10102.0,3.0454860552508674,0.6,119.75477719713369,19.3,35.3,28.5,8.1,7.1,111.0,0.0,69.83133596620598,81.1833885744328,69.83136560176527,81.1833951744263,61.85182095782444,72.36655973710931,-69.83133596620598,-69.83136560176527,-61.85182095782444,-124.24688629085779,0.7043040146561166,0.7147493830729732
2027,child#002,17220,1,129.0,90.00613423614342,-1.1693858242079216,0.8853779803019961,2.0,18.999999999999996,9420.8,0.0,0.6363636363636364,117.14454721482161,19.3,35.3,28.5,8.1,7.1,111.0,0.0,69.49919050493787,75.01016163280674,69.49918514342096,75.01017149135411,70.07074163818524,75.49071878447127,-69.49919050493787,-69.49918514342096,-70.07074163818524,-90.00613423614342,0.9328280261331849,0.3530009193670344
2027,child#002,18660,1,160.0,122.27439732719435,-4.846263648802818,-5.902422964347579,1.15,9.77777777777778,12488.0,0.0,0.6666666666666666,115.57683325684313,19.3,35.3,28.5,8.1,7.1,111.0,0.0,90.12620378435088,95.69729825534343,90.1260917919164,95.69718113777247,90.38895581652689,95.94394437209718,-90.12620378435088,-90.1260917919164,-90.38895581652689,-122.27439732719435,0.19689166031551253,0.012682038211145186
2027,child#003,11460,1,328.0,232.69163001413003,51.67238624862057,110.61468255425878,1.3,22.944444444444443,15332.8,1.27042368582768,0.7142857142857143,123.23475618027636,23.5,32.5,41.2,8.3,6.3,101.0,0.0,100.30804476474749,102.14824277727234,100.30814298994832,102.14834572201688,99.64309353590308,101.4794873131531,-100.30804476474749,-100.30814298994832,-99.64309353590308,-232.69163001413003,0.286728603951467,0.048589674558189376
2027,child#003,12900,1,217.0,144.5940106066721,-25.663384724936947,-47.27129702735894,2.1833333333333336,27.611111111111114,11854.6,0.0,0.75,123.57965876782197,23.5,32.5,41.2,8.3,6.3,101.0,0.0,98.75119857100304,99.41815605360432,98.75123433232265,99.41820363626749,98.82348159995705,99.39286143002448,-98.75119857100304,-98.75123433232265,-98.82348159995705,-144.5940106066721,0.8384674647444689,0.02494446616688719
2027,child#003,14340,0,,288.8815181186828,97.98205665279346,186.7766837355531,1.6,53.00000000000001,11863.4,2.1366947186954643,0.7777777777777778,123.69394202287302,23.5,32.5,41.2,8.3,6.3,101.0,0.0,107.84314045843772,108.39851139394064,107.84325815789198,108.39862776322728,107.01215194184145,107.5771065948504,-107.84314045843772,-107.84325815789198,-107.01215194184145,-288.8815181186828,0.3813893666823253,0.026346051069018092
2027,child#003,15780,0,,198.18602368727431,-22.86599256974648,-42.71096041689242,1.05,18.0,9982.0,2.990517231333639,0.7,131.85239828089834,23.5,32.5,41.2,8.3,6.3,101.0,0.0,102.82089928330596,103.02304179551601,102.82099819495964,103.02314090414828,101.97814279611258,102.199290884049,-102.82089928330596,-102.82099819495964,-101.97814279611258,-198.18602368727431,0.062346397566667294,0.017448100382844504
2027,child#003,17220,1,186.0,159.07987148657472,-36.884266028380324,-90.18613038029227,2.245833333333333,20.277777777777775,11475.599999999999,0.4553899160296382,0.7272727272727273,132.10244840857806,23.5,32.5,41.2,8.3,6.3,101.0,0.0,87.28110276047931,90.1060164731057,87.28105127580693,90.10596331689024,88.22489708098074,90.95885785487346,-87.28110276047931,-87.28105127580693,-88.22489708098074,-159.07987148657472,0.8807734129799364,0.33780663660593074
2027,child#003,18660,1,134.0,106.44985322564884,-12.486040457970134,-14.047109063857178,0.7749999999999999,0.8333333333333359,14316.0,0.8685579108518953,0.75,128.33010069909523,23.5,32.5,41.2,8.3,6.3,101.0,0.0,85.45651993383588,85.65585886514992,85.45650541127193,85.65584324634028,84.91096226460455,85.10776520131299,-85.45651993383588,-85.45650541127193,-84.91096226460455,-106.44985322564884,0.5820206539355851,0.4769188779087008
2027,child#004,11460,1,103.0,204.23928137929659,-22.972294505793258,-8.708453619723883,1.55,21.333333333333332,5767.0,0.8015486560477978,0.5714285714285714,125.51715565152958,28.4,52.0,35.5,11.0,6.7,122.0,1.0,67.62894431533847,78.71741396550927,67.62906612981456,78.7175131780427,57.207542100467045,67.41898344796746,-60.62894431533847,-67.62906612981456,-57.207542100467045,-204.23928137929659,0.4696031506925119,0.3253386067762282
2027,child#004,12900,1,140.0,103.41899616712186,-16.015136007483804,-22.066844723338633,0.8875,18.222222222222225,5708.0,0.0,0.625,126.32608655473462,28.4,52.0,35.5,11.0,6.7,122.0,1.0,72.66437321293566,76.52953097188583,72.66438198503562,76.52949439507955,73.94533652059921,77.75678061349885,-65.66437321293566,-72.66438198503562,-73.94533652059921,-103.41899616712186,0.6971169332068912,0.6529745841051142
2027,child#004,14340,0,,158.4407444655414,4.698833274756481,6.180641996882798,1.4333333333333333,34.22222222222222,13823.2,0.29014093753839454,0.6666666666666666,124.20938345627458,28.4,52.0,35.5,11.0,6.7,122.0,1.0,73.59172568585288,83.08764617602583,73.59178165575382,83.08765398756415,70.98366146208127,80.26945916163575,-66.59172568585288,-73.59178165575382,-70.98366146208127,-158.4407444655414,0.489072097681024,0.428941176432939
2027,child#004,15780,0,,84.64702958102228,-6.108760554316277,-8.385546318500758,0.9583333333333333,12.222222222222223,10193.8,0.0,0.7,121.24748771161221,28.4,52.0,35.5,11.0,6.7,122.0,1.0,58.99203033140789,60.75962660703536,58.99206784371628,60.75963820328317,59.24406710012287,60.93923950937779,-51.99203033140789,-58.99206784371628,-59.24406710012287,-84.64702958102228,0.8221112691696224,0.9764897326240093
2027,child#004,17220,1,75.0,118.99059200354297,-13.27687516589124,-31.87963546615272,1.354166666666667,13.611111111111109,14821.8,3.0850134233581397,0.7272727272727273,120.17826487565004,28.4,52.0,35.5,11.0,6.7,122.0,1.0,88.1377656466718,91.05230235023465,88.13780580523695,91.05230124389212,61.10402686593449,64.9984538990535,-81.1377656466718,-88.13780580523695,-61.10402686593449,-118.99059200354297,0.7066215489062532,0.6397026059508569
2027,child#004,18660,0,,90.68943818935848,-6.577036688411852,-11.487996871020854,0.8166666666666667,10.555555555555557,12047.0,0.0,0.75,119.52945912237118,28.4,52.0,35.5,11.0,6.7,122.0,1.0,71.42878873765885,72.88989188345019,71.42887637295496,72.88995326878101,71.83998336277766,73.25896436598475,-64.42878873765885,-71.42887637295496,-71.83998336277766,-90.68943818935848,0.5438044870876224,0.8779483228646323
2027,child#005,11460,0,,133.1748724938069,-9.085962155188412,0.6494303231431218,4.270833333333333,19.166666666666668,15085.199999999999,0.07991987469375772,0.14285714285714285,138.6710474760641,5.9,31.8,37.8,11.6,5.5,131.0,1.0,123.19375783837225,125.68588709944612,122.91998685064289,125.45995027584729,123.80054065453962,125.92749666497788,-116.19375783837225,-122.91998685064289,-123.80054065453962,-133.1748724938069,0.12797740871066884,0.010177233687461673
2027,child#005,12900,0,,81.963526946484,-6.778012304777761,1.7713575968258652,3.8999999999999995,12.444444444444445,5688.0,2.932312067884162,0.125,135.4942714856486,5.9,31.8,37.8,11.6,5.5,131.0,1.0,68.29127988412293,69.75212409327504,68.32394736298139,69.78115464320759,66.1741508859912,68.04735706659758,-61.29127988412293,-68.32394736298139,-66.1741508859912,-81.963526946484,0.0939227423732908,0.3867730024371213
2027,child#005,14340,0,,137.49380666759367,11.077680780751038,1.7525469437447043,1.25,2.0833333333333344,9274.8,1.0,0.2222222222222222,143.0501548305698,5.9,31.8,37.8,11.6,5.5,131.0,1.0,116.17010001860672,117.98018694466631,116.91950558931553,118.73977834745625,115.8083445813048,117.51706070854658,-109.17010001860672,-116.91950558931553,-115.8083445813048,-137.49380666759367,0.017073073633595028,0.002446098933748729
2027,child#005,15780,0,,79.02077595740927,2.8324288152532944,-19.461773669540932,3.1875000000000004,8.166666666666664,5856.0,0.014769821474393652,0.2,141.6515651055534,5.9,31.8,37.8,11.6,5.5,131.0,1.0,65.07534965696335,66.38092754355733,65.09105489553822,66.3893433109476,65.49076457445767,66.69606236236159,-58.075349656963354,-65.09105489553822,-65.49076457445767,-79.02077595740927,0.30186402604714074,0.8657870390632874
2027,child#005,17220,1,224.0,81.11895404638943,-6.428125621801726,3.0624098082970193,8.325000000000001,49.94444444444445,9640.4,1.036342300045657,0.2727272727272727,141.9468338551177,5.9,31.8,37.8,11.6,5.5,131.0,1.0,75.08227928267095,78.71539894691243,74.91941975184587,78.58923845722363,72.51882200782741,76.3478783022443,-68.08227928267095,-74.91941975184587,-72.51882200782741,-81.11895404638943,0.4325630261506449,0.117374066181414
2027,child#005,18660,0,,108.99796620133178,7.151952911808465,11.164308398845549,1.9229166666666664,2.1388888888888893,9629.8,0.0,0.3333333333333333,139.23297352783652,5.9,31.8,37.8,11.6,5.5,131.0,1.0,96.66574064502876,98.87722611587094,96.80790009024463,98.98350124875061,97.14012901989685,99.0837852916006,-89.66574064502876,-96.80790009024463,-97.14012901989685,-108.99796620133178,0.040123631060705066,0.0018368819711128805
2027,child#006,11460,1,208.0,201.43514734383513,-42.756814413869165,-52.1342023463541,2.5687499999999996,21.38888888888889,5958.0,0.0,0.7142857142857143,112.9942598484284,17.4,51.1,41.0,9.8,6.2,95.0,1.0,66.52280877289914,72.55907202659468,54.405853520703914,63.04483279183617,70.98045473147236,76.69487911721706,-59.52280877289914,-54.405853520703914,-70.98045473147236,-201.43514734383513,0.9139905673560961,0.9098650916907067
2027,child#006,12900,0,,199.858587229943,-26.824001763687136,-21.194458166505797,1.0583333333333333,20.72222222222222,9680.4,0.0,0.75,115.87275039672352,17.4,51.1,41.0,9.8,6.2,95.0,1.0,107.63997076660036,111.17684627470376,92.47707952470726,101.92710847030992,108.63726303349851,111.74615319694259,-100.63997076660036,-92.47707952470726,-108.63726303349851,-199.858587229943,0.13747726632312618,0.006143558472571721
2027,child#006,14340,1,183.0,140.55931151961278,-24.392825051559328,-50.69685215339982,1.8666666666666667,15.888888888888888,5891.0,0.31275248255250787,0.6666666666666666,117.5121475944438,17.4,51.1,41.0,9.8,6.2,95.0,1.0,74.8212750388814,78.48584107391028,64.92190196085207,73.41263553739076,76.41740483216013,79.77621591595765,-67.8212750388814,-64.92190196085207,-76.41740483216013,-140.55931151961278,0.9160980123588472,0.8938162922251247
2027,child#006,15780,1,147.0,106.26984251640721,-26.03994419707672,-49.869437856713034,1.2833333333333332,4.25,11289.4,0.8187977514542784,0.7,119.33892494896975,17.4,51.1,41.0,9.8,6.2,95.0,1.0,78.18944208103846,79.87359892994253,68.32637403794047,74.68786284741151,77.39716766638549,78.96202245293935,-71.18944208103846,-68.32637403794047,-77.39716766638549,-106.26984251640721,0.7191480623688808,0.6128483520627469
2027,child#006,17220,0,,278.1456106544458,-46.23113572341214,-70.98214299320551,1.71875,18.61111111111111,11579.599999999999,0.3653604167578024,0.7272727272727273,119.97951553369491,17.4,51.1,41.0,9.8,6.2,95.0,1.0,83.38565942469225,91.08209825331767,73.83120458787431,84.13111629441771,84.98651352332838,92.09668034676783,-76.38565942469225,-73.83120458787431,-84.98651352332838,-278.1456106544458,0.9620670399186634,0.6372598734205611
2027,child#006,18660,0,,95.8005243346312,0.282250369424645,1.3316038494624962,2.725,43.888888888888886,11818.6,0.8837563188406756,0.75,120.50743369691075,17.4,51.1,41.0,9.8,6.2,95.0,1.0,78.91948708037525,92.15909615746115,78.72009918008794,90.5206623306452,77.534582526644,90.40740826997634,-71.91948708037525,-78.72009918008794,-77.534582526644,-95.8005243346312,0.5702070654220519,0.03896626657688886
2027,child#007,11460,0,,132.29645138445,-13.299898637966663,-14.56619137597238,2.3625000000000003,14.0,9885.2,0.0,0.2857142857142857,116.72185689093006,10.1,19.1,45.5,10.9,6.2,70.0,1.0,94.12900361105733,103.88872264608005,94.37717366033864,103.9979587497127,95.64174964872412,105.37758489556354,-87.12900361105733,-94.37717366033864,-95.64174964872412,-132.29645138445,0.0590184769069809,0.0010071094113413561
2027,child#007,12900,0,,189.51669828739995,0.5193755336511572,6.425239498339039,1.25,8.333333333333334,15279.8,3.423279463284711,0.25,118.25962331259464,10.1,19.1,45.5,10.9,6.2,70.0,1.0,124.1740096652126,129.79517848088915,126.54161573972291,132.25406792011464,120.69841459623831,126.80386955822327,-117.1740096652126,-126.54161573972291,-120.69841459623831,-189.51669828739995,0.03433626277107485,0.00916583945328956
2027,child#007,14340,0,,145.29379057656462,0.922281757189694,-3.1089340230055313,0.78125,3.7500000000000018,9104.0,0.2843518024994651,0.2222222222222222,121.71229594939035,10.1,19.1,45.5,10.9,6.2,70.0,1.0,129.79982219610764,133.41182681334288,131.35353309174272,135.00029118259812,130.2453788975188,133.82465675463095,-122.79982219610764,-131.35353309174272,-130.2453788975188,-145.29379057656462,0.003284290595178393,0.0008173696559027893
2027,child#007,15780,0,,132.21766590086838,-10.161911094176645,-10.37391854341135,1.8166666666666669,11.305555555555555,12400.6,1.0975363403058473,0.2,124.85709994894555,10.1,19.1,45.5,10.9,6.2,70.0,1.0,112.08582751839108,119.43284150268384,111.93784136197428,118.98368769333048,111.52573383581444,118.91478628662625,-105.08582751839108,-111.93784136197428,-111.52573383581444,-132.21766590086838,0.011995272040832538,0.0038312563582649974
2027,child#007,17220,1,178.0,108.92365196230713,-7.148182605778288,-21.347811485386956,3.4875,10.083333333333334,5730.0,1.4619081028654133,0.18181818181818182,127.6400418514539,10.1,19.1,45.5,10.9,6.2,70.0,1.0,74.97852597433558,81.5571337582047,74.7221252426265,81.06920120860208,73.82852198230232,80.44751307948638,-67.97852597433558,-74.7221252426265,-73.82852198230232,-108.92365196230713,0.010965103666354356,0.24362526577361707
2027,child#007,18660,0,,125.27520630662406,-18.29704609619148,-25.477280203228418,0.9875000000000002,3.166666666666665,5742.0,0.5,0.25,124.25392428363887,10.1,19.1,45.5,10.9,6.2,70.0,1.0,111.24113379534958,115.26018428826634,112.13066961344157,115.88954566171644,111.52230655726947,115.52628513181244,-104.24113379534958,-112.13066961344157,-111.52230655726947,-125.27520630662406,0.019223189622572103,0.0016348241277575335
2027,child#008,11460,1,119.0,275.49082018678547,-54.924354035526676,-103.74559667657672,5.3125,25.000000000000004,5734.0,0.0,1.0,135.19258618752946,12.5,25.6,23.7,7.0,8.2,127.0,0.0,42.46225455117299,49.38850156510853,42.4623873523622,49.388619091107884,42.89046487989554,49.795320750609726,-42.46225455117299,-42.4623873523622,-42.89046487989554,-275.49082018678547,0.9802257890955381,0.9569884969430694
2027,child#008,12900,1,99.0,237.63180368198832,-14.31213062252175,-38.14668808366744,4.25,18.33333333333333,5769.0,2.0500565603643306,1.0,134.45623923464237,12.5,25.6,23.7,7.0,8.2,127.0,0.0,46.707402571746854,53.33487707552585,46.70751361611728,53.33496944788494,46.87259601093318,53.48949365408959,-46.707402571746854,-46.70751361611728,-46.87259601093318,-237.63180368198832,0.9272266273600062,0.9756080247620922
2027,child#008,14340,1,135.0,217.95835033990159,-25.391211921364885,-45.17989301634486,3.527083333333333,26.055555555555557,5751.0,1.2298276480026367,1.0,135.81745249321955,12.5,25.6,23.7,7.0,8.2,127.0,0.0,55.328911985632516,62.39094075453073,55.32893149910609,62.39092923174283,55.27085426806566,62.28641579402471,-55.328911985632516,-55.32893149910609,-55.27085426806566,-217.95835033990159,0.9014351562610743,0.9696152278593289
2027,child#008,15780,0,,308.86308760857,-8.74128077916157,-13.32813145794313,1.7,16.888888888888893,5873.0,1.0677794356894887,1.0,138.06499800607406,12.5,25.6,23.7,7.0,8.2,127.0,0.0,78.63780620982446,84.13539273350332,78.63773707426807,84.13528650368013,78.22959710369018,83.69011162709373,-78.63780620982446,-78.63773707426807,-78.22959710369018,-308.86308760857,0.7307022740478976,0.37269558092505023
2027,child#008,17220,1,209.0,454.29540661864417,115.25113177722807,258.4206106414838,5.958333333333333,30.250000000000004,5753.0,1.7463141009544767,0.9090909090909091,139.274209332096,12.5,25.6,23.7,7.0,8.2,127.0,0.0,43.59756552869705,51.62055655016974,43.59777863899875,51.62074334342648,43.729674123114805,51.62800593338769,-43.59756552869705,-43.59777863899875,-43.729674123114805,-454.29540661864417,0.9498358645734666,0.9693629013259119
2027,child#008,18660,1,104.0,216.09233809300926,0.5255357407464203,-31.942217402989456,3.1333333333333337,10.38888888888889,11529.24,0.4786956376798974,0.9166666666666666,146.09012410197576,12.5,25.6,23.7,7.0,8.2,127.0,0.0,49.91382611588308,56.27206960565254,49.91391115804936,56.27213439538716,49.92340608351657,56.24940387688819,-49.91382611588308,-49.91391115804936,-49.92340608351657,-216.09233809300926,0.6865528001712995,0.9890142288192482
2027,child#009,11460,1,86.0,161.21059184830585,-33.94509988808514,-39.000307875383015,3.1333333333333333,21.77777777777778,10909.6,1.0515656439591385,0.5714285714285714,121.37478807191245,21.0,36.7,35.5,7.6,6.1,123.0,0.0,38.14925435063937,45.096345281905094,38.11830290328485,45.06425880510682,35.473021007435,41.95186955717348,-38.14925435063937,-38.11830290328485,-35.473021007435,-161.21059184830585,0.7481787061140204,0.9270894084186607
2027,child#009,12900,0,,76.31494207734893,12.043198230534998,2.5483605882082117,1.2395833333333333,20.555555555555554,5827.0,0.0,0.625,119.55172975492934,21.0,36.7,35.5,7.6,6.1,123.0,0.0,68.35861050700004,70.17130687053492,68.3687844362225,70.16489595074277,72.43065919530473,72.45633441075219,-68.35861050700004,-68.3687844362225,-72.43065919530473,-76.31494207734893,0.573677436294824,0.3623522063458088
2027,child#009,14340,1,0.0,74.35772296897868,-21.07259081151092,-41.975351626975325,1.7937499999999997,10.5,9128.0,0.28998570413972047,0.6666666666666666,119.15862444226575,21.0,36.7,35.5,7.6,6.1,123.0,0.0,46.73394917354739,51.3419579459442,46.716087804799216,51.315718037131234,49.27900420090776,51.963328459916546,-46.73394917354739,-46.716087804799216,-49.27900420090776,-74.35772296897868,0.9397061214204762,0.9902182338267825
2027,child#009,15780,1,149.0,186.17553735548142,36.33554869632914,30.881565351191995,0.0,21.805555555555557,12999.0,0.0,0.7,116.86485618739823,21.0,36.7,35.5,7.6,6.1,123.0,0.0,159.44237797573217,159.44282036443818,159.47486689990768,159.47530703691788,162.662122807782,162.66214612795721,-159.44237797573217,-159.47486689990768,-162.662122807782,-186.17553735548142,0.06077485520438247,0.02991375420351419
2027,child#009,17220,1,103.0,120.93455615010757,-33.52377112552827,-68.88253647418333,2.5166666666666666,37.916666666666664,5874.0,0.0,0.7272727272727273,116.14060809414677,21.0,36.7,35.5,7.6,6.1,123.0,0.0,45.44947786974391,52.39568817125203,45.436849945827674,52.37984414131951,43.575664477287205,48.64017222737864,-45.44947786974391,-45.436849945827674,-43.575664477287205,-120.93455615010757,0.9855056727232363,0.973267331694362
2027,child#009,18660,0,,116.07561767970773,3.614946787322012,-5.74683559195276,0.48124999999999996,3.7777777777777777,5700.0,0.06600482418654341,0.75,114.8847480034679,21.0,36.7,35.5,7.6,6.1,123.0,0.0,89.46736968379109,93.08710605023111,89.51621474125037,93.12649746875395,99.892082927688,101.19972540406673,-89.46736968379109,-89.51621474125037,-99.892082927688,-116.07561767970773,0.21061654941395916,0.018099807098217995
2027,child#010,11460,0,,239.63120656612932,-24.88746022907418,-37.88659587739937,1.1458333333333335,22.500000000000004,9461.6,1.7244838660335429,0.42857142857142855,120.93581776019536,21.8,26.4,35.2,7.6,6.4,94.0,0.0,110.09818583488897,116.20478296213663,110.096944667386,116.20512064524647,109.59543820250538,115.83165009802377,-110.09818583488897,-110.096944667386,-109.59543820250538,-239.63120656612932,0.05827571716507996,0.0021433247847035966
2027,child#010,12900,1,98.0,253.68214080987062,3.5931966536955144,-13.622011076236987,5.370833333333333,5.333333333333332,11445.4,0.0,0.375,124.63527684266094,21.8,26.4,35.2,7.6,6.4,94.0,0.0,41.387493467940686,50.69966466313503,41.38850293328404,50.700893231994776,41.77239843771114,51.11878289160321,-41.387493467940686,-41.38850293328404,-41.77239843771114,-253.68214080987062,0.9377724603988228,0.9670362333639553
2027,child#010,14340,0,,358.9511432018233,58.26757757968488,140.68801294122147,4.2625,59.83333333333333,11751.0,2.570026095506865,0.4444444444444444,123.90665421570559,21.8,26.4,35.2,7.6,6.4,94.0,0.0,63.342124153683805,76.05594117789539,63.3394173692372,76.05339529723078,62.66995065352581,75.28968933818821,-63.342124153683805,-63.3394173692372,-62.66995065352581,-358.9511432018233,0.4615892874621898,0.2223613095674545
2027,child#010,15780,0,,190.7712911230806,-2.3816060863672135,-16.914158653222188,0.38958333333333317,8.250000000000002,9432.0,4.037882006772854,0.4,126.16058338812857,21.8,26.4,35.2,7.6,6.4,94.0,0.0,122.56294789411872,126.22776550270885,122.56215834368577,126.22853498490997,121.9690674580287,125.788973129364,-122.56294789411872,-122.56215834368577,-121.9690674580287,-190.7712911230806,0.013388226259311117,0.0013123565546971875
2027,child#010,17220,0,,206.20755813587272,-5.17618109339179,-37.44866997645613,0.8687499999999999,8.166666666666668,5610.0,0.6517145851873849,0.36363636363636365,125.7857978687195,21.8,26.4,35.2,7.6,6.4,94.0,0.0,117.38977924786253,122.82997207113618,117.39286350488558,122.83443273045053,117.44768669322323,122.97485709384824,-117.38977924786253,-117.39286350488558,-117.44768669322323,-206.20755813587272,0.016826386168807685,0.0012129219443629752
2027,child#010,18660,0,,100.42486945003549,-7.141189504322085,-7.914817568427253,0.3833333333333333,0.0,12995.8,0.0,0.3333333333333333,125.7932054077814,21.8,26.4,35.2,7.6,6.4,94.0,0.0,88.04865635541118,88.58132999182298,88.05197985961382,88.58476044256301,88.21816000632313,88.77012866265073,-88.04865635541118,-88.05197985961382,-88.21816000632313,-100.42486945003549,0.39166575120721336,0.025589215537540372
2028,adolescent#001,11460,0,,108.98634722754663,-10.189604117807448,10.026562385524358,2.870833333333333,21.72222222222222,14791.599999999999,0.0,0.42857142857142855,125.29060151043646,13.2,14.4,68.7,23.2,6.1,97.0,0.0,83.4375009827864,90.00752795160554,83.33825772278216,90.38609725332235,83.2402427804623,89.94564388487976,-83.4375009827864,-83.33825772278216,-83.2402427804623,-108.98634722754663,0.0434611135054631,0.01734012094146335
2028,adolescent#001,12900,0,,109.82033836444649,-24.34042371848895,-11.023498850648934,0.0,27.444444444444446,9975.8,0.5359706328104563,0.5,123.97053616087044,13.2,14.4,68.7,23.2,6.1,97.0,0.0,116.26306034417694,116.26306034417694,116.0879343391265,116.0879343391265,116.18732902290476,116.18732902290476,-116.26306034417694,-116.0879343391265,-116.18732902290476,-109.82033836444649,0.00311030741624637,0.004244959233132805
2028,adolescent#001,14340,0,,111.51893571318385,-1.5398224410116939,-7.028344713504822,0.84375,0.0,5703.0,0.0,0.4444444444444444,125.31940192439843,13.2,14.4,68.7,23.2,6.1,97.0,0.0,95.27455490471367,99.01225602552137,95.48371242389969,99.68474996101594,94.71712564727765,98.63206681609073,-95.27455490471367,-95.48371242389969,-94.71712564727765,-111.51893571318385,0.0072705895340632746,0.0014203974968927475
2028,adolescent#001,15780,0,,151.4792030279908,4.578219015695595,7.577502456151109,3.4791666666666665,38.638888888888886,11796.8,0.0,0.4,124.6930091019157,13.2,14.4,68.7,23.2,6.1,97.0,0.0,91.62764805849574,99.54727919687548,91.99169046312548,100.37424507532037,91.50273385907335,99.43609462766618,-91.62764805849574,-91.99169046312548,-91.50273385907335,-151.4792030279908,0.0008753294524696002,0.0007366835027714719
2028,adolescent#001,17220,0,,103.31413627973896,4.149833308730379,-1.882792157721454,2.5208333333333335,22.22222222222222,5696.0,0.4130701831312438,0.36363636363636365,125.93743343923914,13.2,14.4,68.7,23.2,6.1,97.0,0.0,84.95392098971995,91.21587479800228,84.56901316530657,91.32068301941479,83.97009685554477,90.45025192843757,-84.95392098971995,-84.56901316530657,-83.97009685554477,-103.31413627973896,0.005733671036480105,0.0024742266032823277
2028,adolescent#001,18660,0,,133.96734940207284,0.9201792373495152,-2.385427324337769,4.345833333333333,44.5,9681.6,0.0,0.3333333333333333,124.68990123581183,13.2,14.4,68.7,23.2,6.1,97.0,0.0,81.26457542549376,89.71206733494263,80.94046782598006,89.78247193916268,81.15250061866183,89.6373833844687,-81.26457542549376,-80.94046782598006,-81.15250061866183,-133.96734940207284,0.000918459027007321,0.013297459163371045
2028,adolescent#002,11460,0,,229.64268046055426,-0.5808807211568592,-7.347035003349788,9.235416666666666,27.666666666666668,5713.0,0.7421591149370519,0.2857142857142857,183.62068630950483,4.4,11.2,51.0,20.8,8.4,129.0,0.0,123.62688505237604,131.43533444380003,128.10894733704447,132.23972329537676,120.32289743217596,129.41872498943187,-123.62688505237604,-128.10894733704447,-120.32289743217596,-229.64268046055426,0.0032857510096835547,0.0015684375357487247
2028,adolescent#002,12900,0,,232.45968149309942,-7.12446178959641,-1.9440309730356944,6.800000000000001,19.999999999999996,13819.2,0.5,0.25,177.66812262618808,4.4,11.2,51.0,20.8,8.4,129.0,0.0,132.90541831713506,138.44204370637001,133.31435695497305,135.5566548950615,130.53354930025858,137.48621594797916,-132.90541831713506,-133.31435695497305,-130.53354930025858,-232.45968149309942,0.016698006553341846,0.015834116905551854
2028,adolescent#002,14340,0,,238.01753838545721,-13.282811481963847,-7.209980048858881,6.4125,19.250000000000004,13530.4,2.9088645263729545,0.2222222222222222,175.25434364035334,4.4,11.2,51.0,20.8,8.4,129.0,0.0,135.44569005826418,139.8385005307897,133.95840160897436,135.7481994249204,130.78979197880741,137.4106830108656,-135.44569005826418,-133.95840160897436,-130.78979197880741,-238.01753838545721,0.03227375525062148,0.042529714949142844
2028,adolescent#002,15780,0,,253.8146265850014,10.12461717439865,5.209639881423158,6.25,20.416666666666668,10205.8,0.38774127512164913,0.2,175.78379530217526,4.4,11.2,51.0,20.8,8.4,129.0,0.0,132.82506438255876,138.05162684664904,132.86833249532896,135.31158892675703,131.84011922583517,138.13565890745636,-132.82506438255876,-132.86833249532896,-131.84011922583517,-253.8146265850014,0.0022935019584215213,0.005061201627217309
2028,adolescent#002,17220,0,,226.3075258467805,-9.355639497313518,8.269167722240667,5.666666666666666,19.000000000000004,9264.400000000001,0.15305720303323866,0.18181818181818182,174.26538179790984,4.4,11.2,51.0,20.8,8.4,129.0,0.0,131.336257794901,136.63667127932052,131.10203536255062,133.73230258044165,131.2584402939239,137.50293433546517,-131.336257794901,-131.10203536255062,-131.2584402939239,-226.3075258467805,0.001065267357391862,0.001263905331554767
2028,adolescent#002,18660,1,278.0,243.9882806467924,-5.7670930688206,-23.977930651666412,9.595833333333333,25.333333333333336,5644.0,1.169770143923711,0.16666666666666666,173.96102570759078,4.4,11.2,51.0,20.8,8.4,129.0,0.0,121.76482701568088,130.50815903840456,130.22086937173194,133.66625418899787,113.88350193033392,124.62182858572679,-121.76482701568088,-130.22086937173194,-113.88350193033392,-243.9882806467924,0.03336109193342559,0.0040617834765345594
2028,adolescent#003,11460,0,,135.7094300665343,42.63463078671562,55.057742674561354,1.8583333333333334,29.555555555555557,8632.8,0.0,0.5714285714285714,113.14135863088346,20.0,40.0,44.8,18.2,5.6,129.0,0.0,73.5422707894478,83.36515178902668,73.68090822237075,84.05659937721245,74.52408514354177,84.48904306611169,-73.5422707894478,-73.68090822237075,-74.52408514354177,-135.7094300665343,0.009721451826497172,0.05049303154673964
2028,adolescent#003,12900,0,,177.62053272433917,-3.0612741691300016,-1.5084346796072339,1.1,16.0,8731.4,0.0,0.625,113.33294115890428,20.0,40.0,44.8,18.2,5.6,129.0,0.0,83.93753534466161,92.58562900437565,84.52298521093306,93.80086456043264,85.08425955378907,93.84243295283221,-83.93753534466161,-84.52298521093306,-85.08425955378907,-177.62053272433917,0.020864639198374623,0.006654530193704544
2028,adolescent#003,14340,0,,175.90982595614204,22.142832697512517,65.20642674752513,1.1125,19.666666666666668,16402.8,0.0,0.6666666666666666,112.56432196776888,20.0,40.0,44.8,18.2,5.6,129.0,0.0,88.8924878019773,97.15318638129719,90.17769254800103,99.17853419996948,89.88307200448813,98.22581765491441,-88.8924878019773,-90.17769254800103,-89.88307200448813,-175.90982595614204,0.07531479267371463,0.053293181967367785
2028,adolescent#003,15780,1,126.0,115.76188058809453,-10.7540862429085,-31.49748772297272,1.7208333333333334,10.88888888888889,9220.8,0.0,0.6,114.54143895239247,20.0,40.0,44.8,18.2,5.6,129.0,0.0,62.781090432451364,71.46757634003784,62.28751952876735,71.21887418240738,63.828694344302946,72.69071207117456,-62.781090432451364,-62.28751952876735,-63.828694344302946,-115.76188058809453,0.29376503632474477,0.9038911773912375
2028,adolescent#003,17220,0,,164.01355472676224,-22.64294276918028,-25.58177933544755,1.1520833333333336,5.277777777777776,5656.0,1.5,0.6363636363636364,112.32012963554929,20.0,40.0,44.8,18.2,5.6,129.0,0.0,69.14973969739282,77.60591874756228,68.8311659313298,77.64355367165334,66.85777635286581,75.45365745592585,-69.14973969739282,-68.8311659313298,-66.85777635286581,-164.01355472676224,0.08451041772172371,0.691434906074211
2028,adolescent#003,18660,0,,275.0175850350159,-4.689488971297408,14.629875114668891,0.8916666666666666,11.749999999999998,11853.0,0.0,0.5833333333333334,111.62676109041153,20.0,40.0,44.8,18.2,5.6,129.0,0.0,91.30646793151148,99.34708940678078,92.72648560838208,101.58917580435543,92.3706258982765,100.47572777448889,-91.30646793151148,-92.72648560838208,-92.3706258982765,-275.0175850350159,0.03582905226992861,0.007177326510355408
2028,adolescent#004,11460,0,,152.38312884809326,0.01454857732701953,-14.705097468052884,1.7,5.999999999999994,16189.2,1.897424171847673,0.14285714285714285,161.5961118991583,17.3,24.1,49.6,17.1,7.7,117.0,1.0,114.57306487132905,116.83696967973609,114.57118445766685,116.83439141143303,115.13304977929833,117.87779802944083,-107.57306487132905,-114.57118445766685,-115.13304977929833,-152.38312884809326,0.10225799035089955,0.018218646241750056
2028,adolescent#004,12900,0,,193.21949782614703,-16.537773809446378,-13.066020450357883,1.9479166666666665,9.722222222222218,5720.0,0.0,0.125,155.69835987603986,17.3,24.1,49.6,17.1,7.7,117.0,1.0,118.37240640539562,121.28577898383219,118.37159892413995,121.28424742935212,117.24330973818482,120.58677262869136,-111.37240640539562,-118.37159892413995,-117.24330973818482,-193.21949782614703,0.012378251314028305,0.0007092493765331867
2028,adolescent#004,14340,0,,170.27582570077743,10.611518725666315,28.612089429679088,2.245833333333333,36.55555555555555,5552.0,0.7410739967094253,0.1111111111111111,152.6877390246267,17.3,24.1,49.6,17.1,7.7,117.0,1.0,129.66163451778618,135.32359331351398,129.66044796430495,135.3214846627034,128.15647479627117,134.1873747495235,-122.66163451778618,-129.66044796430495,-128.15647479627117,-170.27582570077743,0.0037246388037075005,0.0013186477721261172
2028,adolescent#004,15780,0,,221.59238052340928,-9.614289537348725,-36.40468678567234,2.5249999999999995,20.499999999999996,8306.6,2.417097887590632,0.1,151.05908036233708,17.3,24.1,49.6,17.1,7.7,117.0,1.0,122.72465735522249,126.98507908691141,122.72425950087609,126.98376411448595,120.66885539344202,125.37637748352154,-115.72465735522249,-122.72425950087609,-120.66885539344202,-221.59238052340928,0.016981660184810916,0.0026002551074360493
2028,adolescent#004,17220,0,,243.32040739225408,7.406189123701296,31.390960866591882,4.175,44.583333333333336,9646.4,0.6444949622572551,0.09090909090909091,151.53047029556527,17.3,24.1,49.6,17.1,7.7,117.0,1.0,120.69412517346039,130.09492867742068,120.69438740842014,130.09414443618252,118.34197152908425,127.72930103696788,-113.69412517346039,-120.69438740842014,-118.34197152908425,-243.32040739225408,0.0031298447123408357,0.0031007551900647037
2028,adolescent#004,18660,0,,251.23343781573553,20.64046642740732,40.68254803952098,3.3687500000000004,47.58333333333333,9811.6,1.843607864317673,0.08333333333333333,153.99349414604177,17.3,24.1,49.6,17.1,7.7,117.0,1.0,133.4702338913063,141.80880629490824,133.47025732244683,141.8076195498749,130.1326114748261,138.752130562033,-126.4702338913063,-133.47025732244683,-130.1326114748261,-251.23343781573553,0.0036959308758524553,0.0054003375822623415
2028,adolescent#005,11460,0,,224.7630698386331,-16.556611267518463,-11.453612815159147,0.9750000000000001,6.750000000000001,5766.0,0.0,0.14285714285714285,164.0598610677009,15.3,25.8,47.1,16.0,8.1,101.0,1.0,113.43713835260647,119.6764687050131,113.43440687842099,119.67163179731799,113.44021442201387,118.53469225131148,-106.43713835260647,-113.43440687842099,-113.44021442201387,-224.7630698386331,0.004181343760776741,0.001806280694613383
2028,adolescent#005,12900,0,,173.43319327531276,-8.135125405158561,-29.710406257356397,0.6874999999999998,0.0,9287.6,0.0,0.125,162.66449107496248,15.3,25.8,47.1,16.0,8.1,101.0,1.0,107.46068550424923,111.58923968786382,107.45435483536188,111.58057891760755,106.4000340750648,109.65896489177604,-100.46068550424923,-107.45435483536188,-106.4000340750648,-173.43319327531276,0.003915795680012983,0.001011850707183719
2028,adolescent#005,14340,0,,294.6033155168891,10.52703906014085,21.61966130427868,1.1041666666666665,15.333333333333332,8715.0,3.7603702471900213,0.1111111111111111,159.45157255171847,15.3,25.8,47.1,16.0,8.1,101.0,1.0,164.39171349864614,168.06684810900333,164.3631388082942,168.04119887706736,134.81087554773467,140.50605230044766,-157.39171349864614,-164.3631388082942,-134.81087554773467,-294.6033155168891,0.008883275263425305,0.021602995321262516
2028,adolescent#005,15780,0,,332.33775120982386,-1.9550976358538605,5.2489562074782725,1.8833333333333333,20.388888888888886,11075.4,1.1210755943952204,0.1,162.54392505391354,15.3,25.8,47.1,16.0,8.1,101.0,1.0,142.56606237640653,150.66691173094935,142.55033229907082,150.6517971665663,129.3699559563834,137.11454281919688,-135.56606237640653,-142.55033229907082,-129.3699559563834,-332.33775120982386,0.0017116305112657119,0.0009245595899594602
2028,adolescent#005,17220,0,,252.6579339519518,5.2751628729431275,17.52789411733687,1.2604166666666665,15.25,11945.6,0.7395986573170124,0.09090909090909091,163.99588449559837,15.3,25.8,47.1,16.0,8.1,101.0,1.0,137.4080269845284,143.57965928362353,137.39633916635555,143.56774521320244,129.20768398829455,134.86560233008547,-130.4080269845284,-137.39633916635555,-129.20768398829455,-252.6579339519518,0.017494688424290195,0.02372634221888766
2028,adolescent#005,18660,0,,171.0483626385439,-11.724447104519072,-19.418333526408247,2.666666666666667,16.111111111111118,8914.4,0.0,0.08333333333333333,164.67723918289167,15.3,25.8,47.1,16.0,8.1,101.0,1.0,87.51689717150906,95.53788551983891,87.50865990435288,95.52672904853654,91.53519261316119,98.56855368755333,-80.51689717150906,-87.50865990435288,-91.53519261316119,-171.0483626385439,0.03344328393967572,0.010082462290080892
2028,adolescent#006,11460,0,,95.13614876460352,-4.032514114484428,-30.53861887581965,5.558333333333333,19.55555555555556,5694.0,0.013349122822838844,0.14285714285714285,128.24560071713032,7.0,18.2,45.4,22.5,6.5,127.0,0.0,94.55875775148264,94.58268603332469,94.51832899148606,94.54652225949931,94.33371895256238,94.37810024052501,-94.55875775148264,-94.51832899148606,-94.33371895256238,-95.13614876460352,0.710689179988131,0.018723194392205628
2028,adolescent#006,12900,0,,85.80080266827285,-5.313732999893645,-19.311309394880297,5.2,17.999999999999996,11171.8,0.0,0.125,129.14930010330568,7.0,18.2,45.4,22.5,6.5,127.0,0.0,86.9884861589111,86.9884861589111,86.96898982029744,86.9742576227888,86.2522280656476,86.29613817801035,-86.9884861589111,-86.96898982029744,-86.2522280656476,-85.80080266827285,0.6904290987485875,0.08244645258675447
2028,adolescent#006,14340,0,,230.40545979733375,-13.0547383066353,-19.69835858375032,6.125,8.333333333333334,10898.4,0.0,0.1111111111111111,128.2201824280741,7.0,18.2,45.4,22.5,6.5,127.0,0.0,80.833931741456,90.81120279941472,81.04314383157501,91.05986604961558,84.86327168410993,94.77742057819468,-80.833931741456,-81.04314383157501,-84.86327168410993,-230.40545979733375,0.21185445323542057,0.19496405485040275
2028,adolescent#006,15780,0,,151.39765444487512,1.3558699384214492,35.28730612628334,8.9,55.72222222222222,11066.2,0.5,0.1,128.3403608250104,7.0,18.2,45.4,22.5,6.5,127.0,0.0,105.27945384819459,114.4351006975501,105.10592389708528,114.30874170650833,105.77194425170813,115.04551566018,-105.27945384819459,-105.10592389708528,-105.77194425170813,-151.39765444487512,0.004901352526816198,0.00466116941114628
2028,adolescent#006,17220,0,,107.62637152173372,-3.6346114441820276,1.2179679092804605,2.5500000000000003,0.0,5755.0,0.0,0.09090909090909091,128.132492499863,7.0,18.2,45.4,22.5,6.5,127.0,0.0,109.36855719670598,109.36855719670598,109.36254053626278,109.36254053626278,109.18344760632381,109.18344760632381,-109.36855719670598,-109.36254053626278,-109.18344760632381,-107.62637152173372,0.0014099591269035872,0.00043583572214161493
2028,adolescent#006,18660,1,133.0,171.91997778209208,-32.60160578532924,-67.75807050406183,15.31875,67.5,5964.0,0.0,0.16666666666666666,127.79011357029317,7.0,18.2,45.4,22.5,6.5,127.0,0.0,68.99461949520092,76.09863570199349,68.8474341613387,75.98138277330331,71.50668437180725,78.99484886588247,-68.99461949520092,-68.8474341613387,-71.50668437180725,-171.91997778209208,0.7920465634052567,0.8102078954754744
2028,adolescent#007,11460,1,207.0,264.9948160950375,-24.795074624894028,-30.861173383334176,3.30625,4.5000000000000036,5777.0,0.0,0.8571428571428571,163.5589232516645,8.6,11.6,37.9,19.6,7.3,113.0,1.0,79.75484520104547,80.60577376114271,79.75438192534563,80.60577848701995,79.13944052312569,80.02773376454573,-72.75484520104547,-79.75438192534563,-79.13944052312569,-264.9948160950375,0.37436128167721466,0.4841615979245519
2028,adolescent#007,12900,0,,347.0155672338709,81.14670630500501,170.55740314641608,5.737500000000001,54.91666666666666,5808.0,0.5,0.875,157.88314754329122,8.6,11.6,37.9,19.6,7.3,113.0,1.0,88.90356889813458,91.61333777014563,88.90164137857586,91.612330814578,87.69349750035356,90.47067031703835,-81.90356889813458,-88.90164137857586,-87.69349750035356,-347.0155672338709,0.32180371855335355,0.4922252956505645
2028,adolescent#007,14340,1,261.0,403.4905602997604,19.999601190342673,58.67923158401953,10.8125,53.02777777777778,5842.0,0.0,0.7777777777777778,169.2426818877361,8.6,11.6,37.9,19.6,7.3,113.0,1.0,72.98843389489178,77.37936108924563,72.98399801454408,77.37611845979079,72.3891701974872,76.7944518059194,-65.98843389489178,-72.98399801454408,-72.3891701974872,-403.4905602997604,0.3205097558826902,0.8084551833199421
2028,adolescent#007,15780,1,248.0,374.18314895619307,-16.91181734002049,-47.64775773902318,4.893750000000001,19.500000000000004,15134.2,3.3809862650001485,0.8,170.71644612905183,8.6,11.6,37.9,19.6,7.3,113.0,1.0,85.21684253883627,86.46323889951611,85.21452314593279,86.4617356816329,82.7535418957342,84.22263369538234,-78.21684253883627,-85.21452314593279,-82.7535418957342,-374.18314895619307,0.8049398403894108,0.8633247317445072
2028,adolescent#007,17220,1,202.0,241.28916500125533,31.33692249362062,64.27935964194884,10.79375,83.52777777777777,10863.6,0.0,0.8181818181818182,172.91781286345744,8.6,11.6,37.9,19.6,7.3,113.0,1.0,83.65289376025733,87.43093271131282,83.64852550964167,87.42768869090017,82.69534338298126,86.5146359339554,-76.65289376025733,-83.64852550964167,-82.69534338298126,-241.28916500125533,0.43457173098169316,0.6218792426534514
2028,adolescent#007,18660,1,305.0,269.6213002495772,71.43597135811936,97.89009813851257,10.966666666666667,67.55555555555556,9796.0,2.987263726259913,0.8333333333333334,171.56318679232092,8.6,11.6,37.9,19.6,7.3,113.0,1.0,84.33603054217664,88.7945288703661,84.32832488065274,88.78835155750687,80.1182678247039,84.89549302945545,-77.33603054217664,-84.32832488065274,-80.1182678247039,-269.6213002495772,0.6095285209713885,0.8377041662969898
2028,adolescent#008,11460,0,,261.2542832455099,-24.491613356673838,-25.409306495563044,4.354166666666667,0.0,5752.0,0.0,0.14285714285714285,181.39247845050338,4.7,14.6,41.2,13.3,7.9,102.0,1.0,111.97300970643741,117.74636453354887,111.97425823714838,117.74824293007318,113.332171335822,118.38382472797302,-104.97300970643741,-111.97425823714838,-113.332171335822,-261.2542832455099,0.03621946358142605,0.006360996656999098
2028,adolescent#008,12900,0,,285.16940999833446,-35.02013014004683,-48.5708981871486,9.25,17.0,5693.0,0.0,0.125,177.05633075233214,4.7,14.6,41.2,13.3,7.9,102.0,1.0,97.58183141412336,106.74791670901708,97.5819229534564,106.7486633813114,100.84457572203382,109.23997491289893,-90.58183141412336,-97.5819229534564,-100.84457572203382,-285.16940999833446,0.03216739724835355,0.002905636604911257
2028,adolescent#008,14340,0,,310.7916825750106,-2.8002536347195814,6.270750419284241,15.75,54.166666666666664,5609.0,0.0,0.1111111111111111,175.00828150190912,4.7,14.6,41.2,13.3,7.9,102.0,1.0,97.3183928544271,109.52129958833036,97.31965075717589,109.52290548909215,100.36598314148883,111.99115615019613,-90.3183928544271,-97.31965075717589,-100.36598314148883,-310.7916825750106,0.28498303972410277,0.0019349025964728783
2028,adolescent#008,15780,0,,216.61975273881248,-10.54286699556539,-18.45871395116913,5.833333333333333,20.22222222222222,11911.400000000001,0.0,0.1,172.23237311281815,4.7,14.6,41.2,13.3,7.9,102.0,1.0,113.85701830292282,121.20338855066916,113.85893020198048,121.20602056857713,115.26532042244405,121.76362279175844,-106.85701830292282,-113.85893020198048,-115.26532042244405,-216.61975273881248,0.06793768491717905,0.005675875452153748
2028,adolescent#008,17220,0,,346.9970514264339,6.046720333186215,32.26219826861211,16.25,54.83333333333333,11140.6,0.8438019195964808,0.09090909090909091,168.94251759519784,4.7,14.6,41.2,13.3,7.9,102.0,1.0,99.77082300947048,112.94517975621127,99.77193191848727,112.94640588678975,100.81573302738856,113.47992658695286,-92.77082300947048,-99.77193191848727,-100.81573302738856,-346.9970514264339,0.40795854354295963,0.028025546177762803
2028,adolescent#008,18660,0,,129.86379656964803,-10.697703810051593,-26.027387164088736,2.625,0.0,11246.199999999999,0.5928908605067953,0.08333333333333333,167.8893392501002,4.7,14.6,41.2,13.3,7.9,102.0,1.0,101.90528727371932,105.97350257925666,101.90864419502392,105.97759008989708,102.05927290083844,105.61677727149394,-94.90528727371932,-101.90864419502392,-102.05927290083844,-129.86379656964803,0.020765939949966877,0.006295023899183218
2028,adolescent#009,11460,0,,209.88120926844945,37.3174285035698,60.38911788860952,0.0,101.05555555555556,10012.8,2.6230181063019,0.2857142857142857,142.0231063823463,24.9,24.3,43.9,16.0,6.2,103.0,1.0,185.79266212041105,186.53658405003054,189.8866549285385,190.83078054360902,181.50403133141768,182.51773065100866,-178.79266212041105,-189.8866549285385,-181.50403133141768,-209.88120926844945,0.001774078474069555,0.004435559914819344
2028,adolescent#009,12900,0,,171.68713751060778,-7.930988076617751,-21.27939332313008,1.325,20.444444444444443,10395.400000000001,2.087368659371988,0.25,151.83312332345204,24.9,24.3,43.9,16.0,6.2,103.0,1.0,95.03926810590518,102.93191335403694,95.07170567925027,103.50869651217273,92.26742896703021,100.61415281958793,-88.03926810590518,-95.07170567925027,-92.26742896703021,-171.68713751060778,0.0120792499876105,0.0019497003932914115
2028,adolescent#009,14340,0,,198.37472197005832,17.39848291020789,28.742577705923793,1.0916666666666668,21.694444444444446,10133.6,0.6997641721497301,0.2222222222222222,147.5094151968684,24.9,24.3,43.9,16.0,6.2,103.0,1.0,101.03130215600683,108.61360164804734,101.59795032220718,109.81535619299873,101.13277000852702,108.85969133653666,-94.03130215600683,-101.59795032220718,-101.13277000852702,-198.37472197005832,0.002269225548399563,0.002166635388818343
2028,adolescent#009,15780,1,148.0,149.24365201172654,-2.348654086142716,-7.414533920395655,2.25,18.33333333333333,10343.2,1.185587584032354,0.2,146.2042864835882,24.9,24.3,43.9,16.0,6.2,103.0,1.0,69.30273151981451,77.85542350399751,68.80795477881165,77.62018271201835,69.51728401405292,78.31726033582342,-62.302731519814515,-68.80795477881165,-69.51728401405292,-149.24365201172654,0.0056891542749296226,0.13409770373915642
2028,adolescent#009,17220,0,,241.3700650988864,23.143779330275663,36.37126685802633,1.875,51.66666666666667,5796.0,1.391815888320405,0.2727272727272727,141.48167107193834,24.9,24.3,43.9,16.0,6.2,103.0,1.0,104.14585425440339,112.8809752124559,104.66698062448826,114.25374658550436,102.82045636180976,111.82019937477425,-97.14585425440339,-104.66698062448826,-102.82045636180976,-241.3700650988864,0.004065733422385999,0.0017722839790188598
2028,adolescent#009,18660,0,,218.15563838985028,-9.44796483183282,-8.216336594520328,3.24375,25.361111111111114,9779.4,2.0929808681629343,0.25,143.09980180749616,24.9,24.3,43.9,16.0,6.2,103.0,1.0,68.73857689225323,79.09357335893134,68.99902021785296,79.61385696921096,66.8584756534826,77.09355755309467,-61.738576892253235,-68.99902021785296,-66.8584756534826,-218.15563838985028,0.012772821173171937,0.19345022169058096
2028,adolescent#010,11460,0,,139.72340729563072,1.2108529445472413,-1.4285723800574601,1.2000000000000002,0.0,5722.0,0.5,0.14285714285714285,149.32158562409407,16.8,32.8,47.4,15.4,7.2,90.0,0.0,122.21802866387912,126.59191504121384,122.22886875652208,126.60281938112769,115.83918100220016,122.84661047943514,-122.21802866387912,-122.22886875652208,-115.83918100220016,-139.72340729563072,0.010848242509452736,0.0015702697776568363
2028,adolescent#010,14340,0,,210.01246831193262,3.5154006308016505,3.400649408155516,6.0625,59.55555555555556,5869.0,0.7385683361607871,0.3333333333333333,142.5210685080928,16.8,32.8,47.4,15.4,7.2,90.0,0.0,97.38493900391286,117.26122788856844,97.38051568487484,117.25944626692844,94.37950883247828,113.36027233945184,-97.38493900391286,-97.38051568487484,-94.37950883247828,-210.01246831193262,0.18887062659917198,0.0012809928022389386
2028,adolescent#010,15780,0,,192.24340705751308,18.566024909062037,35.18735639123133,2.0625,25.41666666666667,10255.2,0.1737571254038155,0.3,141.38988454616307,16.8,32.8,47.4,15.4,7.2,90.0,0.0,160.31171620918033,172.5361656304537,160.33052612949376,172.55734359105531,153.44276350265204,167.92471128105677,-160.31171620918033,-160.33052612949376,-153.44276350265204,-192.24340705751308,0.004521902746815227,0.0034101435381986202
2028,adolescent#010,17220,0,,188.23946211714096,-4.137251306331677,16.34701349725202,2.3625000000000003,28.333333333333332,5795.0,0.6434250783008153,0.2727272727272727,147.42076864665503,16.8,32.8,47.4,15.4,7.2,90.0,0.0,140.244165092785,155.40802534030502,140.2458212132046,155.41449052377556,134.10312897139204,149.98219684063295,-140.244165092785,-140.2458212132046,-134.10312897139204,-188.23946211714096,0.0028506714222004182,0.00033947487915118353
2028,adolescent#010,18660,0,,182.3808623011158,10.019885801601504,21.647445385932258,2.65,46.75000000000001,5725.0,0.38460093879007573,0.25,152.78109023277634,16.8,32.8,47.4,15.4,7.2,90.0,0.0,149.64764024298242,167.2943828689261,149.6555956592647,167.30676199103155,138.8151191744451,157.19478073154053,-149.64764024298242,-149.6555956592647,-138.8151191744451,-182.3808623011158,0.009388790334075664,0.0011219440594236287
2028,adult#001,11460,0,,197.47984046683774,10.345975066422852,51.17577241757539,3.7583333333333333,54.11111111111111,13343.4,0.32427334811288056,0.42857142857142855,117.87677590941264,12.9,9.8,102.3,28.3,6.5,25.0,0.0,99.20157460572987,108.61453551225733,99.26707867843534,108.92156073061737,97.08626106424659,106.17074320771228,-99.20157460572987,-99.26707867843534,-97.08626106424659,-197.47984046683774,0.04151111010005491,0.04805677898118848
2028,adult#001,12900,0,,179.08965132967768,-16.940234583823923,6.852666156166208,4.958333333333333,48.888888888888886,10593.8,1.8174582590014152,0.5,117.47282339820647,12.9,9.8,102.3,28.3,6.5,25.0,0.0,98.85359444749663,107.56376135692481,98.99292770471084,107.92619366274155,94.09170708931157,102.91129183413203,-98.85359444749663,-98.99292770471084,-94.09170708931157,-179.08965132967768,0.020826382038325125,0.0035547035320847263
2028,adult#001,14340,0,,118.4756728336632,-2.4552988318767746,-3.1780698199953576,2.0166666666666666,10.88888888888889,9502.0,0.8076175384669666,0.4444444444444444,116.50996816301485,12.9,9.8,102.3,28.3,6.5,25.0,0.0,94.64983613947494,98.78074286097394,94.87662418689902,99.07896926246875,94.43104272968768,98.95644398840115,-94.64983613947494,-94.87662418689902,-94.43104272968768,-118.4756728336632,0.0009378748752754323,0.0011435326433644419
2028,adult#001,15780,1,268.0,181.59786265481853,5.113660821303398,-1.876619905254671,5.729166666666666,28.19444444444444,5636.0,0.5,0.4,116.26223035855108,12.9,9.8,102.3,28.3,6.5,25.0,0.0,81.28068984094651,90.06397507465175,81.10879592700341,90.04858699577915,79.77802717381948,88.51782494199418,-81.28068984094651,-81.10879592700341,-79.77802717381948,-181.59786265481853,0.014283209119229222,0.041968481852968004
2028,adult#001,17220,0,,163.56395402587302,8.247381689891,33.43933857822455,0.0,65.41666666666667,11262.4,0.47032753775414804,0.45454545454545453,115.20000615602649,12.9,9.8,102.3,28.3,6.5,25.0,0.0,121.3003251203516,127.04067024847366,122.07587194290224,128.05532301002188,120.89988337014609,126.1904736703436,-121.3003251203516,-122.07587194290224,-120.89988337014609,-163.56395402587302,0.0005889260368007366,0.005959705601304845
2028,adult#001,18660,1,295.0,209.48283216660292,-7.3497019606755885,-19.41104229409936,6.125,6.750000000000006,5630.0,0.20467332961040174,0.4166666666666667,118.7668862747645,12.9,9.8,102.3,28.3,6.5,25.0,0.0,78.08284000647309,87.46715293807137,77.74134353785675,87.26641192050779,75.78374842219719,84.8734000583906,-78.08284000647309,-77.74134353785675,-75.78374842219719,-209.48283216660292,0.4434203199896116,0.5488898804319841
2028,adult#002,11460,0,,157.6190693867156,-8.622604496378557,-8.539100962654231,6.808333333333334,27.333333333333336,9385.2,1.4092342347682356,0.42857142857142855,129.22767713030552,6.7,10.5,111.1,30.1,6.0,96.0,0.0,88.26448961699042,97.83229034296728,87.93275724521568,97.78589467182343,87.49519405512969,97.21709471647289,-88.26448961699042,-87.93275724521568,-87.49519405512969,-157.6190693867156,0.00239954630661154,0.028904111127718485
2028,adult#002,12900,0,,162.6356758872863,1.8431930835219532,-23.665568739901886,5.364583333333334,20.305555555555557,9186.2,0.0,0.375,130.04115777428785,6.7,10.5,111.1,30.1,6.0,96.0,0.0,81.19409503538985,90.81337302118573,79.35486129079203,89.34452611178916,83.02979971633826,92.78432600754323,-81.19409503538985,-79.35486129079203,-83.02979971633826,-162.6356758872863,0.059615255190405905,0.09856498447930445
2028,adult#002,14340,0,,130.16763959994933,-15.940714879473546,-14.703889859719055,5.5125,19.000000000000004,9828.6,0.913742609083549,0.3333333333333333,128.33408668308832,6.7,10.5,111.1,30.1,6.0,96.0,0.0,81.79291970907828,91.14496001329849,80.89785323316262,90.70893166160363,81.88627431462312,91.43480379775639,-81.79291970907828,-80.89785323316262,-81.88627431462312,-130.16763959994933,0.08796879920184553,0.3334933693783758
2028,adult#002,15780,0,,109.34455372863903,-14.580509405970702,-4.467372121196618,0.0,80.0,5806.0,2.0263771093416105,0.4,125.70954811691524,6.7,10.5,111.1,30.1,6.0,96.0,0.0,113.53322037923549,113.53322037923549,113.54360992430097,113.54360992430097,113.58410596364632,113.58410596364632,-113.53322037923549,-113.54360992430097,-113.58410596364632,-109.34455372863903,0.000417666616415374,0.0004619848587355337
2028,adult#002,17220,0,,141.12554134144486,3.4671931232818167,18.662606931745756,1.3708333333333331,0.0,5718.0,1.8368434477595503,0.36363636363636365,125.48628527043134,6.7,10.5,111.1,30.1,6.0,96.0,0.0,99.52532642371567,106.35578125504581,97.84590316404928,105.47122249337845,97.37021550776129,104.63795528199506,-99.52532642371567,-97.84590316404928,-97.37021550776129,-141.12554134144486,0.0005968256533027092,0.0014431320824138357
2028,adult#002,18660,1,303.0,118.64867833854396,16.015299324745655,11.570381377983892,23.175,146.0,14812.400000000001,1.0165625981573667,0.4166666666666667,122.59894713118676,6.7,10.5,111.1,30.1,6.0,96.0,0.0,64.33193049413838,75.38655977629635,64.43563440361564,75.44397042547534,64.67754717277413,75.76269094254552,-64.33193049413838,-64.43563440361564,-64.67754717277413,-118.64867833854396,0.29432872761884554,0.6777857819646915
2028,adult#003,11460,0,,165.84495991239092,-0.6605448185998171,1.3682109153649549,0.9750000000000001,0.0,5790.0,0.0,0.0,160.81114726279083,11.5,18.9,81.6,30.6,7.5,46.0,1.0,149.11610572321925,155.33075626751673,149.9171001752507,155.69438318320826,148.61905074462666,155.08579249617463,-142.11610572321925,-149.9171001752507,-148.61905074462666,-165.84495991239092,0.00217609804352706,0.002365793793941839
2028,adult#003,12900,0,,219.6067507254521,-5.597476120765407,5.589729594178351,5.914583333333333,47.55555555555556,11972.8,0.0,0.0,162.72248158628034,11.5,18.9,81.6,30.6,7.5,46.0,1.0,123.48451217627644,140.52571138295372,123.60982608858497,140.45648156451145,123.19914318427824,140.39065396146677,-116.48451217627644,-123.60982608858497,-123.19914318427824,-219.6067507254521,0.19914348515117847,0.0110897903221741
2028,adult#003,14340,0,,193.46991388192785,13.696336053212349,32.25523813077467,7.237500000000001,62.80555555555556,13547.800000000001,0.0,0.0,160.76302124522044,11.5,18.9,81.6,30.6,7.5,46.0,1.0,121.37968204043399,139.36244766166533,121.11672807596621,138.94435655644304,121.27713339795318,139.39546726780162,-114.37968204043399,-121.11672807596621,-121.27713339795318,-193.46991388192785,0.7229293759392775,0.18591895638567033
2028,adult#003,15780,0,,150.69425854481585,25.2766059467438,22.14220207531963,4.789583333333334,49.666666666666664,5832.0,0.5786099185049292,0.0,160.13311253462987,11.5,18.9,81.6,30.6,7.5,46.0,1.0,139.5678203721183,145.217766971608,139.44912694756067,145.14229382073609,139.443486740392,145.24534774831008,-132.5678203721183,-139.44912694756067,-139.443486740392,-150.69425854481585,0.01616451917962511,0.020308960530009062
2028,adult#003,17220,0,,173.25667801880982,18.94888457843453,21.281175197126004,2.1708333333333334,30.333333333333336,11360.4,2.006916336881247,0.0,163.60705291192355,11.5,18.9,81.6,30.6,7.5,46.0,1.0,140.68347165625238,152.4229535319134,142.5557231718653,153.9371062729005,139.59290945117112,151.51599040545477,-133.68347165625238,-142.5557231718653,-139.59290945117112,-173.25667801880982,0.002011319166876724,0.026942054801386443
2028,adult#003,18660,0,,138.64310423048647,7.867615009129906,-18.895565523209967,3.25,20.000000000000004,10927.8,0.0,0.0,164.9553625488973,11.5,18.9,81.6,30.6,7.5,46.0,1.0,132.53287438933748,134.34961317697088,131.75521336647745,133.95528186516262,132.53573486646542,134.22719141255894,-125.53287438933748,-131.75521336647745,-132.53573486646542,-138.64310423048647,0.016996832084756268,0.004045235224482183
2028,adult#004,11460,0,,168.0571710194162,-20.07404356161058,-33.06065578050769,3.3687500000000004,31.416666666666664,15114.2,1.5860666156614291,0.7142857142857143,98.72699349517573,13.5,47.4,63.0,21.9,6.5,63.0,0.0,82.8679261703144,89.71729919640954,82.86218604672425,89.82785095045855,77.74645788641197,85.06504744701368,-82.8679261703144,-82.86218604672425,-77.74645788641197,-168.0571710194162,0.7343755979483483,0.9051312617786963
2028,adult#004,12900,1,25.0,94.39410827335563,-12.411089449030683,-26.432181442994363,2.6,20.77777777777778,9055.36,0.0,0.75,97.3971152167969,13.5,47.4,63.0,21.9,6.5,63.0,0.0,66.7661132653419,68.89951241503928,66.83744906544709,69.0203530917617,66.71394917826387,69.13545015316592,-66.7661132653419,-66.83744906544709,-66.71394917826387,-94.39410827335563,0.8251583257119596,0.9837260666998459
2028,adult#004,14340,0,,116.18015467161217,-29.674380000509046,-45.56045773851736,2.6999999999999997,21.333333333333336,10395.4,0.5715650692430962,0.6666666666666666,96.88104778483292,13.5,47.4,63.0,21.9,6.5,63.0,0.0,80.00862727340967,83.1808595892659,79.9840911759246,83.23078373885221,78.41232394784994,82.05042348262631,-80.00862727340967,-79.9840911759246,-78.41232394784994,-116.18015467161217,0.5909274766611634,0.8142346438736563
2028,adult#004,15780,1,3.0,100.97401301413366,-3.046127138082227,-26.10933028703748,4.375,30.0,9587.8,1.8708313181660179,0.6,97.36809574457286,13.5,47.4,63.0,21.9,6.5,63.0,0.0,56.798081944719236,59.49950321172831,56.716404641317624,59.47368783163333,54.31662880352532,57.488176145830714,-56.798081944719236,-56.716404641317624,-54.31662880352532,-100.97401301413366,0.6678076345494881,0.9954498223834541
2028,adult#004,17220,1,208.0,282.364897657466,-21.872987188302773,-11.050726303132876,7.458333333333334,61.80555555555556,10643.2,3.476769998179127,0.6363636363636364,96.88031134109715,13.5,47.4,63.0,21.9,6.5,63.0,0.0,50.59093185947517,61.002756944618994,50.582748775128024,61.06409749078443,42.15845256431152,51.44447479856907,-50.59093185947517,-50.582748775128024,-42.15845256431152,-282.364897657466,0.9232655109907414,0.9946983165603568
2028,adult#004,18660,0,,174.59353503738015,-15.487818999258224,-20.135642725038252,4.491666666666666,46.99999999999999,5849.0,0.0,0.5833333333333334,97.6624461087422,13.5,47.4,63.0,21.9,6.5,63.0,0.0,67.17355384501356,75.03703224720381,67.07821319831334,75.038701728135,67.63873957919195,75.9877363793126,-67.17355384501356,-67.07821319831334,-67.63873957919195,-174.59353503738015,0.8439304216067698,0.9831596409292073
2028,adult#005,11460,0,,240.62696876451966,2.3738415614987787,29.402112565528654,8.941666666666666,39.111111111111114,5730.0,1.3935486531233732,0.14285714285714285,144.83322588983694,6.3,8.7,94.1,29.4,6.8,100.0,0.0,124.7906795671486,138.1665597061753,124.54352069019416,137.96439243356645,132.02168860345353,143.60565154124222,-124.7906795671486,-124.54352069019416,-132.02168860345353,-240.62696876451966,0.014501204646847048,0.006198628817822875
2028,adult#005,12900,0,,135.25366991816128,0.4292551601608352,-0.3735133552799823,1.7500000000000004,0.0,8962.0,1.0604415525212518,0.125,151.24509553021548,6.3,8.7,94.1,29.4,6.8,100.0,0.0,110.28803086660761,114.86346110348688,110.07015766460506,114.72801430218972,117.21697281885399,119.31275150801844,-110.28803086660761,-110.07015766460506,-117.21697281885399,-135.25366991816128,0.0010026769666428234,0.0005973965320987296
2028,adult#005,14340,0,,188.0558362839104,1.8437845414474907,30.138944072416166,8.9375,43.74999999999999,12352.0,1.288636078760657,0.1111111111111111,147.55109027457124,6.3,8.7,94.1,29.4,6.8,100.0,0.0,122.6406591261375,135.9098544966161,122.54422150468747,135.85468531969207,125.3534604644901,136.8470919984237,-122.6406591261375,-122.54422150468747,-125.3534604644901,-188.0558362839104,0.02085804463259424,0.04022109573359901
2028,adult#005,15780,0,,198.98678009446553,-21.95506866889997,-28.153301723169704,10.587499999999999,35.55555555555555,5689.0,1.2158756245133553,0.1,146.11943377670775,6.3,8.7,94.1,29.4,6.8,100.0,0.0,104.48967700165336,117.58449078687701,104.45506730619384,117.59704191414869,106.49411230025196,117.5139020554879,-104.48967700165336,-104.45506730619384,-106.49411230025196,-198.98678009446553,0.22183109258736922,0.014026762499987641
2028,adult#005,17220,0,,171.51401300015345,33.77542064594775,44.0005993638668,6.764583333333334,36.38888888888889,11526.4,2.45255944323251,0.09090909090909091,145.4377725629698,6.3,8.7,94.1,29.4,6.8,100.0,0.0,146.50774767772003,156.56598413672057,146.48372248597914,156.5775454145334,136.01561635129357,146.42759436565672,-146.50774767772003,-146.48372248597914,-136.01561635129357,-171.51401300015345,0.01662858014167991,0.04354424169459157
2028,adult#005,18660,0,,143.48668843498032,-11.631705145303698,-25.123386113624434,6.833333333333333,15.111111111111114,10754.4,1.7971431286039516,0.08333333333333333,149.64787113814245,6.3,8.7,94.1,29.4,6.8,100.0,0.0,103.95539807952397,111.90732917144585,103.77081180512195,111.80753946932256,103.97715899569315,109.24015084593422,-103.95539807952397,-103.77081180512195,-103.97715899569315,-143.48668843498032,0.20512496207559786,0.018687548934372356
2028,adult#006,11460,0,,189.61790584140817,-7.490464824960071,-13.02078128900186,2.0395833333333333,0.0,5684.0,1.2696366651872042,0.2857142857142857,149.1521985932771,8.8,17.9,66.1,42.9,6.6,47.0,0.0,92.92887912209278,103.1811436428208,93.02034239802711,103.33872997175868,91.0845476628541,101.3258156831791,-92.92887912209278,-93.02034239802711,-91.0845476628541,-189.61790584140817,0.002061571843777623,0.0013536262095175694
2028,adult#006,12900,1,136.0,179.6724346383496,-14.213716543519695,-20.824642535919224,7.812499999999999,26.249999999999996,5772.0,1.0,0.25,146.8482058882342,8.8,17.9,66.1,42.9,6.6,47.0,0.0,46.44217047149337,56.74496097850969,46.46048121865267,56.77746799338265,45.70429813877721,55.88048842105512,-46.44217047149337,-46.46048121865267,-45.70429813877721,-179.6724346383496,0.09090694269155966,0.9269318440483425
2028,adult#006,14340,1,172.0,161.64571905545714,7.628253383642402,6.1649022932323305,7.758333333333334,51.11111111111111,11175.2,0.6287691324296221,0.3333333333333333,142.4794425646774,8.8,17.9,66.1,42.9,6.6,47.0,0.0,55.64970825479965,67.8133261246402,55.62195169038114,67.79327013787126,55.712555688478176,67.86637433786666,-55.64970825479965,-55.62195169038114,-55.712555688478176,-161.64571905545714,0.020995720612388726,0.8634477767041192
2028,adult#006,15780,0,,199.2069831120515,1.4250828596931626,-1.1528024101630763,1.2979166666666666,4.833333333333333,5629.0,0.3009065782089584,0.4,139.1184726338051,8.8,17.9,66.1,42.9,6.6,47.0,0.0,114.55212645432098,123.9254625281346,114.69410259931554,124.14267524184949,115.03364129887312,124.23522811782466,-114.55212645432098,-114.69410259931554,-115.03364129887312,-199.2069831120515,0.0011346751871839011,0.0009250243147451857
2028,adult#006,17220,0,,184.1522350022934,-3.29677973301159,13.770333199017045,4.8125,23.75,9674.6,0.3373432745764129,0.36363636363636365,140.185612868228,8.8,17.9,66.1,42.9,6.6,47.0,0.0,67.45330825036764,79.58838753755438,67.470587447045,79.64203500328266,68.45157150485447,80.59729054380819,-67.45330825036764,-67.470587447045,-68.45157150485447,-184.1522350022934,0.002018113512936589,0.3188394956181346
2028,adult#006,18660,1,230.0,265.6016009838502,7.104816657962431,27.39960853783205,8.6,45.777777777777786,5787.0,0.6884875983638405,0.4166666666666667,137.84245305169856,8.8,17.9,66.1,42.9,6.6,47.0,0.0,62.28644332810826,78.04964672849971,62.3230471850411,78.0948142433381,62.53613892721993,78.32307505157745,-62.28644332810826,-62.3230471850411,-62.53613892721993,-265.6016009838502,0.03202541465707973,0.45293928465007716
2028,adult#007,11460,0,,161.3449366623821,-16.64468700074835,-11.593214203081914,2.583333333333333,43.166666666666664,5818.0,0.0,0.8571428571428571,93.48584438627753,20.7,22.7,91.2,35.7,5.7,74.0,0.0,75.76122934029694,85.40420903376774,75.3119514926907,85.11165511687769,78.63946324483615,88.11009356419198,-75.76122934029694,-75.3119514926907,-78.63946324483615,-161.3449366623821,0.32184896454281137,0.40763128242933266
2028,adult#007,12900,1,197.0,246.95341686564797,23.76032845945383,63.252679635052914,0.0,39.33333333333333,9043.0,1.2713755541987428,0.875,93.91232690843745,20.7,22.7,91.2,35.7,5.7,74.0,0.0,153.93598317192647,155.1591730683497,158.6773321349062,160.0188460747791,153.9458770439208,155.09737193260187,-153.93598317192647,-158.6773321349062,-153.9458770439208,-246.95341686564797,0.026563903521554556,0.1146859966476172
2028,adult#007,14340,1,170.0,267.6332745126754,-23.649083242643428,-25.516789553864328,4.375,12.333333333333336,9967.8,2.4391041874428483,0.8888888888888888,98.03826938687047,20.7,22.7,91.2,35.7,5.7,74.0,0.0,50.62912505173116,60.37159011157014,51.27919854547383,61.28588915182685,47.7460451904505,57.226840331286674,-50.62912505173116,-51.27919854547383,-47.7460451904505,-267.6332745126754,0.9061303654527584,0.9938097113711853
2028,adult#007,15780,0,,137.1243206416059,-13.155326257234805,-16.181749832771033,1.8229166666666665,27.083333333333336,5679.0,0.6606184895403047,0.9,99.82034178978611,20.7,22.7,91.2,35.7,5.7,74.0,0.0,82.94741764492849,91.14250009625991,83.25794203351296,91.62356178166016,83.9054170507164,91.87933625681406,-82.94741764492849,-83.25794203351296,-83.9054170507164,-137.1243206416059,0.5840798775888443,0.30208937297932437
2028,adult#007,17220,0,,139.8572417308327,0.9230664078641553,3.816840284790061,1.15,11.555555555555557,5826.0,0.0,0.8181818181818182,100.52051788208091,20.7,22.7,91.2,35.7,5.7,74.0,0.0,89.2392890871718,95.662109145072,89.95323820262965,96.51736950762705,91.38178820373152,97.46900059158186,-89.2392890871718,-89.95323820262965,-91.38178820373152,-139.8572417308327,0.033179402505437085,0.05902160759725246
2028,adult#007,18660,0,,169.52316222893577,-6.609689413330017,-8.012190628685232,0.4229166666666667,0.0,5681.0,2.2310318706903702,0.8333333333333334,100.19708777738771,20.7,22.7,91.2,35.7,5.7,74.0,0.0,108.403366723068,113.12786696745286,110.16333154451888,115.16988548997963,107.12904768566132,111.79075762378855,-108.403366723068,-110.16333154451888,-107.12904768566132,-169.52316222893577,0.02868762350544761,0.04929191308497708
2028,adult#008,11460,0,,124.29455572927503,-9.918366225829772,-10.041837826191994,1.2083333333333335,0.0,5673.0,0.0,0.14285714285714285,138.44536658986297,16.2,15.5,102.8,26.2,6.6,37.0,1.0,111.59463199796765,112.77829451082286,111.33192527259195,112.63708738697918,111.46093667473833,112.6933403166208,-104.59463199796765,-111.33192527259195,-111.46093667473833,-124.29455572927503,0.004191819543414074,0.001977020449806965
2028,adult#008,12900,0,,129.45049411396593,-7.442034188814773,1.603066323680082,2.025,20.000000000000004,5705.0,2.979818280372358,0.125,138.54262170982912,16.2,15.5,102.8,26.2,6.6,37.0,1.0,110.904721901441,113.32950589512957,110.68744157637119,113.28241609193054,107.69237807287342,110.47587209399974,-103.904721901441,-110.68744157637119,-107.69237807287342,-129.45049411396593,0.0041333475546306425,0.0017018374174508357
2028,adult#008,14340,0,,164.74205801496862,15.307698559966127,17.513998810837506,0.0,12.444444444444443,8996.32,0.0013906707270727736,0.1111111111111111,134.76298770860296,16.2,15.5,102.8,26.2,6.6,37.0,1.0,150.98393343681735,150.98431066418507,153.133379385307,153.13401461508005,151.58619986024866,151.5867366475467,-143.98393343681735,-153.133379385307,-151.58619986024866,-164.74205801496862,0.009468556654611776,0.019752978611688385
2028,adult#008,15780,0,,127.28145042211442,-16.354506363196023,-42.817620522638364,2.34375,5.000000000000002,10106.0,1.3604445667740546,0.1,139.06340991486687,16.2,15.5,102.8,26.2,6.6,37.0,1.0,103.64540052758765,105.87672366971506,102.78781915837182,105.23263383575859,101.9628444758421,104.40735220699098,-96.64540052758765,-102.78781915837182,-101.9628444758421,-127.28145042211442,0.04952897199584758,0.015155296005582667
2028,adult#008,17220,0,,131.09171512399516,2.1721047037827077,-8.518112543672544,0.0,16.944444444444446,11374.4,3.4035968360737665,0.09090909090909091,135.87905020144106,16.2,15.5,102.8,26.2,6.6,37.0,1.0,131.66980506646937,131.66980506646937,131.67356324866316,131.67356324866316,131.69159343497728,131.69159343497728,-124.66980506646937,-131.67356324866316,-131.69159343497728,-131.09171512399516,0.0043887794747888694,0.030842306617942822
2028,adult#008,18660,0,,139.36731610823347,-18.067335444676473,18.654077625266936,2.9333333333333336,41.888888888888886,5716.0,0.8826500868807008,0.08333333333333333,137.06101845429856,16.2,15.5,102.8,26.2,6.6,37.0,1.0,114.94500563779175,121.95821317476111,114.69712207984634,122.01263449333365,113.89908951180065,121.07978959808449,-107.94500563779175,-114.69712207984634,-113.89908951180065,-139.36731610823347,0.010195741312444174,0.002504137712224362
2028,adult#009,11460,1,462.0,270.7893125147245,0.08894215155947904,13.22239562397067,16.15,35.77777777777777,14736.2,1.9729228381118213,0.14285714285714285,181.87205743801655,6.5,6.9,74.6,26.1,7.9,59.0,0.0,123.14557639526383,125.35079208644044,123.15060298505576,125.3564049010124,122.4038628736625,124.3964116019237,-123.14557639526383,-123.15060298505576,-122.4038628736625,-270.7893125147245,0.5170103769873274,0.14341104396466
2028,adult#009,12900,1,423.0,248.5036359138286,12.271467680025438,16.890931154045546,6.645833333333334,38.05555555555556,10287.2,2.4262599965313862,0.25,179.9667245707368,6.5,6.9,74.6,26.1,7.9,59.0,0.0,142.235342055582,143.79287369822376,142.24762303016348,143.80537696070496,138.5133894387504,139.95787438329964,-142.235342055582,-142.24762303016348,-138.5133894387504,-248.5036359138286,0.029518463789166817,0.014472395573849193
2028,adult#009,14340,0,,154.96339713872663,-3.968465078488549,5.259939905452029,4.25,21.111111111111114,10654.6,3.693599478571148,0.3333333333333333,187.2736921046298,6.5,6.9,74.6,26.1,7.9,59.0,0.0,124.57505985345243,125.22542028297595,124.57877223588886,125.22911530561288,123.9958675814252,124.67142188587829,-124.57505985345243,-124.57877223588886,-123.9958675814252,-154.96339713872663,0.0013320164145223018,0.0010872284187930343
2028,adult#009,15780,0,,110.68094391904451,1.382003752177937,-3.770610563129466,3.416666666666667,7.944444444444445,9705.2,1.9126091559454723,0.3,180.41191876628235,6.5,6.9,74.6,26.1,7.9,59.0,0.0,111.22977110456412,111.22977110456412,111.22954475606802,111.22954475606802,111.20730693289043,111.20730693289043,-111.22977110456412,-111.22954475606802,-111.20730693289043,-110.68094391904451,0.001544596049821486,0.0018435378940040116
2028,adult#009,17220,0,,178.9180840337038,-13.923933287498443,-34.5086056624545,10.25,40.00000000000001,10118.4,2.955804486256155,0.2727272727272727,174.46226421800895,6.5,6.9,74.6,26.1,7.9,59.0,0.0,139.72731536388616,141.26701984181565,139.73569456688773,141.2753084518684,136.59438996873675,138.1141918391718,-139.72731536388616,-139.73569456688773,-136.59438996873675,-178.9180840337038,0.21693525787499385,0.11011195192365712
2028,adult#009,18660,0,,157.10283014846698,-8.533778465572084,-4.778462807902002,6.822916666666668,42.38888888888889,13949.4,0.27383109320764376,0.25,173.62383598184707,6.5,6.9,74.6,26.1,7.9,59.0,0.0,138.22629088882073,139.5426682288874,138.2345483584843,139.55085308322055,136.43578321685422,137.6229115317775,-138.22629088882073,-138.2345483584843,-136.43578321685422,-157.10283014846698,0.07320937949217682,0.04220237542972198
2028,adult#010,11460,0,,198.45348968204766,-12.059680674095091,-23.223473310820822,3.0999999999999996,6.416666666666667,5666.0,0.7865478516658699,0.14285714285714285,135.69541118433582,4.3,8.2,73.9,20.9,6.9,101.0,1.0,143.0615363377214,148.47755283638094,143.06042234045492,148.47723269728976,143.09362469869376,147.56637386647702,-136.0615363377214,-143.06042234045492,-143.09362469869376,-198.45348968204766,0.027028968944401145,0.0034514536055640197
2028,adult#010,12900,0,,159.82846100177844,-19.00642656335023,-40.83283450616716,2.3249999999999997,0.0,9181.4,2.1557328909140194,0.125,142.1639075079405,4.3,8.2,73.9,20.9,6.9,101.0,1.0,118.49572958339596,123.6201411407505,118.49290220700661,123.61824535377757,118.72972585061558,123.39741334755469,-111.49572958339596,-118.49290220700661,-118.72972585061558,-159.82846100177844,0.011785228453998703,0.00503441224248795
2028,adult#010,14340,0,,261.784555751621,33.854527805992205,74.04056091160373,15.666666666666666,24.444444444444446,10599.0,0.6704992460071324,0.1111111111111111,141.38535856771563,4.3,8.2,73.9,20.9,6.9,101.0,1.0,96.55613835361095,110.86471523044098,96.55583461573944,110.86377815539849,101.39609344716698,115.17651358115553,-89.55613835361095,-96.55583461573944,-101.39609344716698,-261.784555751621,0.46352385596464385,0.047480530788394544
2028,adult#010,15780,0,,229.89042048187036,12.837264511748629,40.86742361081039,10.375,39.52777777777778,10961.0,2.71822932567194,0.1,144.8799571368074,4.3,8.2,73.9,20.9,6.9,101.0,1.0,123.01786290874765,135.1367307651757,123.01394291061357,135.13290832441604,118.1915187473282,129.88425681858467,-116.01786290874765,-123.01394291061357,-118.1915187473282,-229.89042048187036,0.056176607913373526,0.03549367336073901
2028,adult#010,17220,0,,222.6949922175092,-6.635544838509105,-0.8492295686359626,9.84375,36.25,9401.8,1.0,0.09090909090909091,147.21592609250456,4.3,8.2,73.9,20.9,6.9,101.0,1.0,110.81566516846155,122.11362581742544,110.81278380643849,122.11110365245771,113.16063199468799,123.44922347386202,-103.81566516846155,-110.81278380643849,-113.16063199468799,-222.6949922175092,0.005274475239991523,0.0011809031504885505
2028,adult#010,18660,0,,159.32322821806747,7.530836237773599,2.7896042351175083,4.46875,19.694444444444446,8965.8,0.4967806441304363,0.08333333333333333,147.61113999380225,4.3,8.2,73.9,20.9,6.9,101.0,1.0,115.56027317077013,123.21805920583209,115.5561785271911,123.21473096614065,118.63680506660948,125.20768288453979,-108.56027317077013,-115.5561785271911,-118.63680506660948,-159.32322821806747,0.0017099107207689532,0.0020387648433216493
2028,child#001,11460,1,48.0,198.4236677606035,-58.12406869551762,-85.03338865947319,3.0166666666666666,22.75,10323.4,1.5886892328028743,0.5714285714285714,134.5167581556663,30.6,34.4,34.6,8.0,6.6,136.0,1.0,42.25103123311959,48.91935012466194,42.25100510739311,48.919320746022045,40.70104732805632,47.23513501055847,-35.25103123311959,-42.25100510739311,-40.70104732805632,-198.4236677606035,0.9625127926688587,0.973175643330225
2028,child#001,12900,0,,157.64219897469874,-7.548020170461797,-32.17351052222676,0.8062499999999999,13.416666666666666,8827.8,0.7348493553992528,0.625,128.92447508467396,30.6,34.4,34.6,8.0,6.6,136.0,1.0,106.03123148544947,109.40191135534768,106.03111700891631,109.40180951850375,105.2384378861236,108.62579451506522,-99.03123148544947,-106.03111700891631,-105.2384378861236,-157.64219897469874,0.031176961162881805,0.00525460351353021
2028,child#001,14340,0,,105.46850354897646,-20.708868322117468,-31.431995552191296,0.13333333333333336,1.8888888888888915,5727.0,0.0,0.5555555555555556,129.05375347075164,30.6,34.4,34.6,8.0,6.6,136.0,1.0,109.10622045157605,109.10622045157605,109.10622328026162,109.10622328026162,109.01019280223363,109.01019280223363,-102.10622045157605,-109.10622328026162,-109.01019280223363,-105.46850354897646,0.25696232772340416,0.0021852887145527356
2028,child#001,15780,0,,273.8674885963445,-6.652624838616305,11.097110023559821,0.6625,13.750000000000002,13492.0,0.5,0.5,132.9312560057602,30.6,34.4,34.6,8.0,6.6,136.0,1.0,141.8917336541109,148.68613572456613,141.89146637568012,148.68588141541082,141.24145981508318,148.0537170185608,-134.8917336541109,-141.89146637568012,-141.24145981508318,-273.8674885963445,0.5199987291358731,0.0314173515272265
2028,child#001,17220,1,46.0,106.71504074332033,-37.27794118576496,-79.84529677692628,1.6625,24.333333333333332,13006.0,2.6091211477893417,0.45454545454545453,139.78165991670548,30.6,34.4,34.6,8.0,6.6,136.0,1.0,62.65820714453932,65.53731617574284,62.6581798427743,65.53729873213211,60.51661038904764,63.43118701355459,-55.65820714453932,-62.6581798427743,-60.51661038904764,-106.71504074332033,0.972048302618729,0.9260295556319631
2028,child#001,18660,1,56.0,122.83438994361937,-32.10775295362323,-63.34835374341263,1.25,27.5,5593.0,0.0,0.5,137.48057958577613,30.6,34.4,34.6,8.0,6.6,136.0,1.0,70.36759216321822,74.09891111482538,70.3675934847999,74.09892513651553,70.12682167804377,73.86611606686148,-63.36759216321822,-70.3675934847999,-70.12682167804377,-122.83438994361937,0.4461901830134932,0.3795691610595307
2028,child#002,11460,1,176.0,107.23304539813287,-16.439724285671304,-23.08261088618903,1.5125,15.25,13075.599999999999,0.0,0.8571428571428571,104.63798826338119,19.9,43.8,28.5,10.8,5.8,115.0,0.0,59.058185901229926,66.03660135979375,59.049371721656144,66.03402782337449,60.084460473037225,68.15341418635687,-59.058185901229926,-59.049371721656144,-60.084460473037225,-107.23304539813287,0.9924663783965072,0.9947288194700368
2028,child#002,14340,1,137.0,115.43813316197952,-14.017166479590173,-22.327023609004158,2.6062499999999997,30.72222222222222,10690.2,0.0,0.8888888888888888,99.82689399799038,19.9,43.8,28.5,10.8,5.8,115.0,0.0,51.5965281992342,59.68957594512957,51.57847266782395,59.67400294744579,52.19315348471698,60.65584970199387,-51.5965281992342,-51.57847266782395,-52.19315348471698,-115.43813316197952,0.9916663472266262,0.9889178950010571
2028,child#002,15780,0,,117.99706800182076,10.77246866292947,16.163583120600492,2.25,36.66666666666667,5773.0,0.041286818398028835,0.9,97.2120236258006,19.9,43.8,28.5,10.8,5.8,115.0,0.0,61.30064608574553,70.21329594316337,61.28625658672763,70.20257890036852,60.70326667627788,69.57865880057601,-61.30064608574553,-61.28625658672763,-60.70326667627788,-117.99706800182076,0.9512335014760277,0.7417497061393337
2028,child#002,17220,0,,190.5534926716898,13.38606418085402,28.158228105573073,1.71875,29.166666666666664,9081.2,2.635118245719207,0.9090909090909091,97.91176340521311,19.9,43.8,28.5,10.8,5.8,115.0,0.0,75.47528021120611,83.31070558085354,75.4657241795402,83.314808365918,68.34348511025335,77.07405493926353,-75.47528021120611,-75.4657241795402,-68.34348511025335,-190.5534926716898,0.6996973294351619,0.46909267955778655
2028,child#002,18660,1,287.0,160.35057346712492,-2.551796012585754,8.93967223827508,1.5750000000000002,26.75,5627.0,3.6514561722402523,0.8333333333333334,100.2589400804145,19.9,43.8,28.5,10.8,5.8,115.0,0.0,76.27665318899885,83.59937855397037,76.25191813729978,83.59161063091088,65.69710370042569,74.51204147245859,-76.27665318899885,-76.25191813729978,-65.69710370042569,-160.35057346712492,0.48674945636043543,0.05953785426006153
2028,child#003,11460,0,,156.7686997878612,-0.04044906536205417,-2.9127567476837726,0.4750000000000001,0.0,9111.6,0.3764046365880711,0.42857142857142855,117.28215516627039,25.6,31.2,41.2,7.6,6.8,116.0,0.0,83.71716980208677,83.73700122213447,83.71693609590065,83.73676719717308,84.4853764465809,84.49963024165704,-83.71716980208677,-83.71693609590065,-84.4853764465809,-156.7686997878612,0.006550821436445719,0.01893483187585976
2028,child#003,12900,1,199.0,112.49896723517578,-28.90717789030417,-60.707786788428805,2.3333333333333335,24.555555555555554,5793.0,0.0,0.375,117.41200991018447,25.6,31.2,41.2,7.6,6.8,116.0,0.0,81.85278197086609,82.08661468998076,81.85266412378768,82.08647696660415,82.72672415019724,83.1417638348475,-81.85278197086609,-81.85266412378768,-82.72672415019724,-112.49896723517578,0.860704530743997,0.023045912888884197
2028,child#003,14340,1,282.0,222.0589664319546,-25.648524886300095,-35.18281975631501,1.46875,24.749999999999996,5740.0,0.04128977622993979,0.4444444444444444,117.26099812572664,25.6,31.2,41.2,7.6,6.8,116.0,0.0,84.23373837165286,84.67424777034142,84.23352529393964,84.67402692506371,86.05190720206124,86.39816967150375,-84.23373837165286,-84.23352529393964,-86.05190720206124,-222.0589664319546,0.3568038226220133,0.015164891300234094
2028,child#003,15780,1,19.0,113.60645117451813,-23.66522882289567,-80.47818165995906,2.5166666666666666,11.861111111111112,9757.4,1.1406327942293721,0.5,117.09269897043194,25.6,31.2,41.2,7.6,6.8,116.0,0.0,55.90690975442949,58.44645337212788,55.90715257406461,58.44671183677002,54.97433634255872,57.43455406840016,-55.90690975442949,-55.90715257406461,-54.97433634255872,-113.60645117451813,0.9076486165923457,0.9502641118130771
2028,child#003,17220,0,,229.12146729838634,-7.6104182578826,-24.83413497857933,0.5812499999999999,11.666666666666668,10592.2,1.0,0.5454545454545454,113.8799260473632,25.6,31.2,41.2,7.6,6.8,116.0,0.0,87.2964223518543,87.3621387167018,87.29610719478994,87.36182243436446,87.66065357602405,87.71604594824487,-87.2964223518543,-87.29610719478994,-87.66065357602405,-229.12146729838634,0.03233628348793643,0.08004634105713121
2028,child#003,18660,0,,237.78536898819834,-9.080071288242635,-25.39030073705902,0.8333333333333335,14.0,5607.0,2.8900628904335957,0.5,117.59550908452259,25.6,31.2,41.2,7.6,6.8,116.0,0.0,89.37037933433388,89.39835091473077,89.37001522913442,89.3979863276311,89.34478774424304,89.3816884988893,-89.37037933433388,-89.37001522913442,-89.34478774424304,-237.78536898819834,0.03351661208388547,0.030377714806665793
2028,child#004,12900,1,64.0,215.26659249605302,-47.164655101621406,-99.90941065735927,2.1875,28.333333333333332,5771.0,0.0,1.0,102.21348621031862,24.0,48.9,35.5,11.2,5.9,97.0,0.0,34.447222017511116,40.391126609520626,34.675446075571216,40.63299383075575,34.36673762320893,40.31489206630248,-34.447222017511116,-34.675446075571216,-34.36673762320893,-215.26659249605302,0.9879127203431455,0.9886146606795306
2028,child#004,15780,1,53.0,89.21448276741467,-5.557537773439819,-15.473664304736744,1.1354166666666667,14.972222222222223,9019.8,2.0021136320750985,1.0,101.16990407446997,24.0,48.9,35.5,11.2,5.9,97.0,0.0,59.698232024606995,62.02012296065159,60.464066601962756,62.56264322722025,59.601005495811194,61.946521242576544,-59.698232024606995,-60.464066601962756,-59.601005495811194,-89.21448276741467,0.747591583083496,0.9933465358087701
2028,child#004,17220,1,3.0,73.52391833535411,-5.200344869992222,0.7398319810247358,1.7666666666666666,26.388888888888886,8923.6,0.0,1.0,100.01957039024133,24.0,48.9,35.5,11.2,5.9,97.0,0.0,42.43582577805288,44.08238781128553,41.469691100568014,42.95151324071474,42.48491801130513,44.14852114208196,-42.43582577805288,-41.469691100568014,-42.48491801130513,-73.52391833535411,0.9043718829314688,0.9306803857467211
2028,child#004,18660,0,,128.55894547297098,3.8200669465117727,-6.810125457639373,0.7375,12.888888888888888,5771.0,0.0,1.0,98.32243705123744,24.0,48.9,35.5,11.2,5.9,97.0,0.0,82.66582283762018,85.71337815020642,85.05743541473593,87.88192307507747,82.52563167405971,85.60404708258788,-82.66582283762018,-85.05743541473593,-82.52563167405971,-128.55894547297098,0.3262390691104388,0.4791229191094341
2028,child#005,11460,0,,108.30972233057305,-4.216624422829071,0.16508991071732737,4.0,13.999999999999996,12352.0,1.0,0.2857142857142857,112.66501270664767,7.5,36.7,37.8,10.6,5.8,120.0,0.0,96.77044904894572,97.75697975162355,96.75266933162374,97.68660050642207,93.86828108865593,95.07418385288086,-96.77044904894572,-96.75266933162374,-93.86828108865593,-108.30972233057305,0.01201513639786807,0.0019208995631018243
2028,child#005,12900,0,,121.93685886711904,-2.624159010578211,11.3789586642568,3.6895833333333337,22.444444444444443,5810.0,0.07566573613454342,0.375,110.32995396582407,7.5,36.7,37.8,10.6,5.8,120.0,0.0,83.39376432101707,88.28621459311434,83.25259311550684,88.01494154625036,82.36411681938748,87.38094799971418,-83.39376432101707,-83.25259311550684,-82.36411681938748,-121.93685886711904,0.004063622346093594,0.0016430372741436058
2028,child#005,14340,0,,117.31799769621443,-5.545614860121489,-0.6626094485540648,2.25,16.25,14759.600000000002,0.0,0.3333333333333333,111.71921862945699,7.5,36.7,37.8,10.6,5.8,120.0,0.0,107.23690505914355,109.4285560591965,107.3933733102045,109.44020484974334,105.01567668542089,107.31020207081039,-107.23690505914355,-107.3933733102045,-105.01567668542089,-117.31799769621443,0.02376800358990957,0.0018385022370020346
2028,child#005,15780,1,127.0,113.40904690509561,-3.1535100762709902,-11.491005446410298,6.8999999999999995,35.0,5704.0,0.0,0.3,115.5434881027704,7.5,36.7,37.8,10.6,5.8,120.0,0.0,72.23404692577051,75.91264691006565,71.67745892377114,75.25712526113153,71.21047476183607,75.0176003474398,-72.23404692577051,-71.67745892377114,-71.21047476183607,-113.40904690509561,0.4716319889321679,0.19723561380066615
2028,child#005,17220,1,77.0,100.91904640077962,-3.4413121768893404,5.760245168330854,6.095833333333333,30.416666666666668,10474.8,0.0,0.36363636363636365,112.67595973886684,7.5,36.7,37.8,10.6,5.8,120.0,0.0,74.94876577318703,77.31895411140029,74.44892668049506,76.76166769635087,73.97791882283298,76.48375535837057,-74.94876577318703,-74.44892668049506,-73.97791882283298,-100.91904640077962,0.38190078862411614,0.05623232826514423
2028,child#005,18660,1,111.0,109.26925186038281,8.836188841741517,1.2902309925394349,7.21875,33.33333333333333,5777.0,0.0,0.4166666666666667,111.01036000306912,7.5,36.7,37.8,10.6,5.8,120.0,0.0,53.81380601312313,58.29633658610166,52.925632159308094,57.281163576401276,53.266134437747304,57.807967185011535,-53.81380601312313,-52.925632159308094,-53.266134437747304,-109.26925186038281,0.14752382845810297,0.45999692385182644
2028,child#006,11460,1,113.0,88.98639060760824,-4.573493482675772,-24.971932990095866,0.9625000000000001,1.6666666666666663,5708.0,1.8834162053558217,0.7142857142857143,124.18659115077786,23.8,50.4,41.0,10.8,6.2,93.0,1.0,76.56934330682098,77.02624144319205,76.5693872401853,77.02629385695846,76.49618361944786,77.05930368596472,-69.56934330682098,-76.5693872401853,-76.49618361944786,-88.98639060760824,0.8259632683409879,0.5967118675655335
2028,child#006,12900,0,,259.93446103374765,17.789702633879756,65.06294249207065,1.71875,34.99999999999999,9031.6,0.48267098487790516,0.75,125.36906439176184,23.8,50.4,41.0,10.8,6.2,93.0,1.0,89.40471505049648,93.72412542096222,89.40469766008135,93.72412946240544,87.95303567053635,92.22574420337168,-82.40471505049648,-89.40469766008135,-87.95303567053635,-259.93446103374765,0.5882660620183283,0.10962891111942472
2028,child#006,14340,1,149.0,102.55260055408017,-9.498276002718598,-29.332160765095622,1.4583333333333333,4.444444444444446,16449.2,1.320237430033517,0.6666666666666666,129.1582736106294,23.8,50.4,41.0,10.8,6.2,93.0,1.0,70.50928416791038,71.6277858576631,70.509276730165,71.62779395082985,65.00659754307883,66.16435510764386,-63.50928416791038,-70.509276730165,-65.00659754307883,-102.55260055408017,0.9317343909073998,0.987687652091282
2028,child#006,15780,1,237.0,282.4906459727565,-15.217717356040396,-19.04884741268654,1.9791666666666665,41.08333333333333,10187.6,0.5501403854980369,0.7,131.2511657351983,23.8,50.4,41.0,10.8,6.2,93.0,1.0,75.10418800319998,81.97098953079472,75.10420595141535,81.97103358320253,74.53458157619244,81.30374872012139,-68.10418800319998,-75.10420595141535,-74.53458157619244,-282.4906459727565,0.9856685487111246,0.8916397066518508
2028,child#006,17220,0,,145.18284222569284,-2.6328723272406194,-6.867651642404127,0.29999999999999993,0.0,8889.6,0.9725911069096869,0.7272727272727273,129.87745037449275,23.8,50.4,41.0,10.8,6.2,93.0,1.0,97.05315560132107,97.1657577889147,97.05321404476639,97.16581842268145,95.84237203422288,95.97413868106615,-90.05315560132107,-97.05321404476639,-95.84237203422288,-145.18284222569284,0.16479358282366594,0.02768329717525758
2028,child#006,18660,0,,178.40511532883863,-4.865145638798708,-9.196567909660672,1.6458333333333333,32.66666666666667,14138.0,3.274203440203816,0.6666666666666666,128.5294738183705,23.8,50.4,41.0,10.8,6.2,93.0,1.0,87.67556336870328,90.75301044960354,87.67560786251306,90.75307542230148,82.12565799394021,85.54693069340485,-80.67556336870328,-87.67560786251306,-82.12565799394021,-178.40511532883863,0.6157898756408907,0.4320753419281617
2028,child#007,11460,0,,128.23422824338215,-4.259110548689648,-10.008272863455232,1.375,1.833333333333333,11342.0,3.715747808090151,0.2857142857142857,116.68072057063304,9.6,24.0,45.5,12.5,5.4,126.0,0.0,102.52102018567527,107.12600589538181,103.22963084601514,107.86868697835072,95.26314612475272,100.2487813015081,-102.52102018567527,-103.22963084601514,-95.26314612475272,-128.23422824338215,0.001879378205460521,0.0009489976764336512
2028,child#007,12900,0,,131.49657015634182,-0.9236162862202093,-13.691788764298224,2.75,12.5,5641.0,0.0,0.25,118.14245594373465,9.6,24.0,45.5,12.5,5.4,126.0,0.0,65.39575481568713,71.98621237169638,65.54213700756021,72.14018104209238,71.42815127015636,77.85636525057049,-65.39575481568713,-65.54213700756021,-71.42815127015636,-131.49657015634182,0.005742352918531723,0.10202772631882269
2028,child#007,14340,0,,110.82425410133864,-1.467252640106878,-3.8596267181845008,2.0416666666666665,4.166666666666669,9301.2,1.5,0.2222222222222222,117.50320628849789,9.6,24.0,45.5,12.5,5.4,126.0,0.0,81.50821997301108,86.54728956859503,81.1086571567588,86.10674756089574,80.24329594627491,85.13410116009133,-81.50821997301108,-81.1086571567588,-80.24329594627491,-110.82425410133864,0.001880166388006746,0.003791751565946372
2028,child#007,15780,0,,101.5281405142515,-9.69122125614443,-6.672723378318494,2.497916666666667,14.972222222222223,11912.6,0.0,0.3,115.6309959320035,9.6,24.0,45.5,12.5,5.4,126.0,0.0,71.01001671724133,77.23629301813847,70.91954692285759,77.08330306731582,76.17275020481196,81.99274857574511,-71.01001671724133,-70.91954692285759,-76.17275020481196,-101.5281405142515,0.010921164822440745,0.0770393370122562
2028,child#007,17220,1,218.0,135.71080783099552,-32.90634035715587,-42.810484177815425,6.016666666666667,24.11111111111111,10021.4,1.924563129977761,0.2727272727272727,115.65033580703357,9.6,24.0,45.5,12.5,5.4,126.0,0.0,50.2667304439043,58.2598869230825,49.80061667305846,57.758704042948274,47.41152494952421,54.975422440698466,-50.2667304439043,-49.80061667305846,-47.41152494952421,-135.71080783099552,0.3987594542355195,0.8745150701333042
2028,child#007,18660,1,82.0,120.38625760494938,-5.742228297192611,-32.15642019897811,7.854166666666668,47.22222222222222,5740.0,0.0,0.3333333333333333,113.98306669052486,9.6,24.0,45.5,12.5,5.4,126.0,0.0,46.897253895930376,54.83085991320117,46.0569209257149,53.87079735469881,51.431150933727196,59.79258547178917,-46.897253895930376,-46.0569209257149,-51.431150933727196,-120.38625760494938,0.38741772060330687,0.5943936515217331
2028,child#008,11460,1,118.0,240.710329824645,7.693287285582443,19.386419958079784,0.6416666666666666,3.7777777777777777,5768.0,2.6538058795486625,0.8571428571428571,137.5501297053282,16.1,25.8,23.7,7.8,8.5,126.0,0.0,68.51304773883868,74.26689241365098,68.52352111907645,74.2732976744257,68.56930151081558,74.33281698460812,-68.51304773883868,-68.52352111907645,-68.56930151081558,-240.710329824645,0.25863130315316496,0.8056492251503241
2028,child#008,12900,0,,292.548432362498,-25.742413080720212,-63.76942678190642,1.9250000000000003,24.0,5832.0,0.36625972493523395,0.875,136.68207270693702,16.1,25.8,23.7,7.8,8.5,126.0,0.0,73.42401334754244,81.81032795459245,73.40836415511154,81.79238695441732,73.44544334274093,81.84980756757948,-73.42401334754244,-73.40836415511154,-73.44544334274093,-292.548432362498,0.9583687778847578,0.6130862498028643
2028,child#008,14340,1,88.0,222.12639470003137,-1.3603863587590013,2.118915107315928,0.4624999999999998,0.22222222222222143,11968.800000000001,1.2901735612343295,0.8888888888888888,136.412387487885,16.1,25.8,23.7,7.8,8.5,126.0,0.0,62.384186539517444,67.70393485521062,62.38671999086439,67.7024192241871,62.34408736314903,67.66933967353503,-62.384186539517444,-62.38671999086439,-62.34408736314903,-222.12639470003137,0.21147233239953622,0.9381764120708831
2028,child#008,15780,1,110.0,292.12734866694484,-43.90651986558521,-126.59740603184144,6.379166666666666,19.166666666666664,5717.0,0.0,0.9,141.19107056283653,16.1,25.8,23.7,7.8,8.5,126.0,0.0,25.1292423391023,30.40369286818981,25.11022901211918,30.382363390493843,25.15410797061093,30.42950745583106,-25.1292423391023,-25.11022901211918,-25.15410797061093,-292.12734866694484,0.9815283776230279,0.9528592030579193
2028,child#008,17220,1,193.0,240.64042980424932,-14.136298646966793,-44.9951563123721,0.7875000000000001,11.666666666666668,14197.4,0.0,0.9090909090909091,141.14730784570514,16.1,25.8,23.7,7.8,8.5,126.0,0.0,75.58646440019992,81.68586430692469,75.58822962341006,81.68374726419127,75.6257268902579,81.73345092617,-75.58646440019992,-75.58822962341006,-75.6257268902579,-240.64042980424932,0.186485884766068,0.6727954242315263
2028,child#008,18660,1,102.0,186.83528086026837,-13.103229568543725,-8.198193672608596,0.0,0.0,9380.0,1.2975819000222506,0.9166666666666666,140.13396498695877,16.1,25.8,23.7,7.8,8.5,126.0,0.0,76.80652959856083,80.46006460629891,76.80711797990094,80.45569468029724,76.87213595546723,80.53090955949924,-76.80652959856083,-76.80711797990094,-76.87213595546723,-186.83528086026837,0.05329947381511256,0.13931043542832813
2028,child#009,11460,1,62.0,90.83942285142749,23.72837286490362,14.968102469503037,1.0625,17.499999999999996,9155.8,0.13057103233246004,0.5714285714285714,102.8200166317329,18.9,33.8,35.5,10.2,6.1,109.0,1.0,77.40509878355506,79.6654718370884,77.40305794814518,79.66531416390379,79.11319946590619,80.08086916422421,-70.40509878355506,-77.40305794814518,-79.11319946590619,-90.83942285142749,0.22808142141901827,0.05268352649852787
2028,child#009,12900,0,,161.40625270644216,-15.926422423461133,-49.41161019179347,0.98125,16.166666666666664,10517.2,0.24491778078949888,0.625,103.05234946433654,18.9,33.8,35.5,10.2,6.1,109.0,1.0,78.40862569039898,86.21998101704172,78.40993245204992,86.22183334269577,80.6428010361233,88.40250885906786,-71.40862569039898,-78.40993245204992,-80.6428010361233,-161.40625270644216,0.1413880004883815,0.4892042101164213
2028,child#009,15780,1,68.0,84.74910458437213,1.8258577778661902,-8.438524975201716,0.9791666666666667,8.5,5743.0,1.0,0.6,102.99603907010524,18.9,33.8,35.5,10.2,6.1,109.0,1.0,62.7669447423993,65.55940297760085,62.76559801845961,65.5575146126133,63.052888631839515,65.81218234463402,-55.7669447423993,-62.76559801845961,-63.052888631839515,-84.74910458437213,0.6101628595115173,0.919833021888276
2028,child#009,18660,1,121.0,178.3915786953108,-7.712609592921808,2.891855304134083,2.595833333333333,39.333333333333336,14336.2,0.0,0.6666666666666666,101.86193951650716,18.9,33.8,35.5,10.2,6.1,109.0,1.0,47.25012539332081,55.20918451377767,47.24607776638837,55.204957566561745,49.7754334236998,58.02135167083791,-40.25012539332081,-47.24607776638837,-49.7754334236998,-178.3915786953108,0.8331475780333103,0.906567627965766
2028,child#010,11460,0,,172.7826989499793,53.25749163402773,71.68640072418754,0.8583333333333334,31.833333333333332,5846.0,0.04975372972626335,0.14285714285714285,117.73872592065653,19.6,37.6,35.2,9.5,6.8,69.0,0.0,115.6766744790077,125.89094124562195,115.82291115055597,126.22973503804681,117.15039891298547,127.06450939804152,-115.6766744790077,-115.82291115055597,-117.15039891298547,-172.7826989499793,0.007916993058759822,0.002732864426408075
2028,child#010,12900,0,,285.8302190483482,6.948195805173839,11.41117182740794,0.8062499999999999,11.5,5647.0,1.8252005259251227,0.125,126.35581763394718,19.6,37.6,35.2,9.5,6.8,69.0,0.0,122.53861941795542,129.405294663429,123.00816641243287,130.0569772653263,119.94954935254903,127.15702938329032,-122.53861941795542,-123.00816641243287,-119.94954935254903,-285.8302190483482,0.04621711931485783,0.006173959694587927
2028,child#010,14340,0,,202.21431192834137,-20.42027520080822,-28.271078614825626,0.8666666666666667,8.555555555555557,9461.2,3.1879330140615183,0.1111111111111111,134.66733532208903,19.6,37.6,35.2,9.5,6.8,69.0,0.0,111.39166153010336,117.7360705972692,111.61087512122212,118.08103477278256,106.22815587746014,113.03898013665118,-111.39166153010336,-111.61087512122212,-106.22815587746014,-202.21431192834137,0.043503594751155616,0.00689542792490909
2028,child#010,15780,0,,108.94555601879425,-17.777335410178537,-27.840267921552297,0.5104166666666667,0.0,5801.0,1.2012120217613136,0.1,135.1028135947689,19.6,37.6,35.2,9.5,6.8,69.0,0.0,89.12171702594196,92.75071165515868,89.06735807016216,92.74976704851665,88.65654964912109,92.43619872113317,-89.12171702594196,-89.06735807016216,-88.65654964912109,-108.94555601879425,0.1127189620158314,0.058023297383734955
2028,child#010,18660,1,123.0,211.6534615619915,-41.889922701081844,-80.93354548081913,1.9979166666666666,15.666666666666664,9732.4,1.405013954842917,0.16666666666666666,131.582320271329,19.6,37.6,35.2,9.5,6.8,69.0,0.0,66.3482853684027,74.749719103135,66.2224982781499,74.6827695802746,65.13867394552682,73.52551218898952,-66.3482853684027,-66.2224982781499,-65.13867394552682,-211.6534615619915,0.8606789416763764,0.9042318599087237
