seed,arm,patient,minute,carbs_logged,dose,standard_dose
2026,C_twin_dose+trend_alert,adult#006,10513,115,10.5,12.0
2026,C_twin_dose+trend_alert,adult#008,10517,50,9.5,5.0
2026,C_twin_dose+trend_alert,child#005,10526,55,5.0,9.0
2026,C_twin_dose+trend_alert,child#001,10527,20,0.5,1.0
2026,C_twin_dose+trend_alert,adolescent#004,10528,75,10.0,5.5
2026,C_twin_dose+trend_alert,adolescent#002,10532,30,17.0,11.5
2026,C_twin_dose+trend_alert,adolescent#007,10533,30,10.5,11.5
2026,C_twin_dose+trend_alert,child#006,10539,15,1.0,2.5
2026,C_twin_dose+trend_alert,adult#010,10541,45,14.5,15.5
2026,C_twin_dose+trend_alert,adult#005,10545,60,15.0,11.5
2026,C_twin_dose+trend_alert,child#007,10546,20,3.5,4.0
2026,C_twin_dose+trend_alert,adult#003,10548,45,8.5,8.0
2026,C_twin_dose+trend_alert,child#003,10559,20,0.0,1.0
2026,C_twin_dose+trend_alert,child#010,10560,20,2.0,2.0
2026,C_twin_dose+trend_alert,adolescent#006,10562,30,9.5,6.5
2026,C_twin_dose+trend_alert,adult#001,10562,35,0.0,3.0
2026,C_twin_dose+trend_alert,child#002,10564,35,1.5,1.5
2026,C_twin_dose+trend_alert,adolescent#009,10567,60,5.5,2.5
2026,C_twin_dose+trend_alert,adolescent#003,10572,25,1.5,1.0
2026,C_twin_dose+trend_alert,adolescent#008,10572,45,19.0,16.5
2026,C_twin_dose+trend_alert,adolescent#010,10579,45,9.0,5.0
2026,C_twin_dose+trend_alert,adult#009,10581,65,22.0,11.0
2026,C_twin_dose+trend_alert,child#008,10583,25,4.5,4.0
2026,C_twin_dose+trend_alert,adult#002,10585,45,10.0,7.0
2026,C_twin_dose+trend_alert,child#004,10599,35,1.0,3.0
2026,C_twin_dose+trend_alert,adolescent#005,10602,55,6.0,6.0
2026,C_twin_dose+trend_alert,adult#007,10607,100,4.0,5.0
2026,C_twin_dose+trend_alert,child#009,10659,15,0.5,1.5
2026,C_twin_dose+trend_alert,child#002,10807,60,2.5,3.0
2026,C_twin_dose+trend_alert,adult#002,10851,50,3.5,6.0
2026,C_twin_dose+trend_alert,child#005,10852,40,3.5,6.0
2026,C_twin_dose+trend_alert,adult#001,10870,65,16.0,11.5
2026,C_twin_dose+trend_alert,child#006,10870,55,2.0,4.5
2026,C_twin_dose+trend_alert,child#004,10875,35,1.0,1.5
2026,C_twin_dose+trend_alert,child#001,10877,40,1.0,1.5
2026,C_twin_dose+trend_alert,child#007,10877,35,4.5,5.5
2026,C_twin_dose+trend_alert,child#008,10885,25,2.0,2.0
2026,C_twin_dose+trend_alert,child#009,10887,20,0.5,0.5
2026,C_twin_dose+trend_alert,adolescent#005,10903,90,6.5,7.0
2026,C_twin_dose+trend_alert,adult#007,10904,105,2.5,5.0
2026,C_twin_dose+trend_alert,adult#008,10906,80,10.0,5.0
2026,C_twin_dose+trend_alert,adolescent#010,10907,45,7.0,4.0
2026,C_twin_dose+trend_alert,adolescent#002,10909,40,0.0,10.5
2026,C_twin_dose+trend_alert,adolescent#009,10914,65,5.5,2.5
2026,C_twin_dose+trend_alert,adult#004,10914,80,3.5,6.5
2026,C_twin_dose+trend_alert,adolescent#003,10916,60,2.5,2.0
2026,C_twin_dose+trend_alert,adult#005,10921,75,16.0,14.0
2026,C_twin_dose+trend_alert,adult#003,10929,60,9.5,5.5
2026,C_twin_dose+trend_alert,adolescent#007,10935,40,12.5,8.0
2026,C_twin_dose+trend_alert,adult#006,10943,120,17.0,13.5
2026,C_twin_dose+trend_alert,adolescent#008,10945,100,33.5,26.5
2026,C_twin_dose+trend_alert,adult#010,10945,110,23.0,21.5
2026,C_twin_dose+trend_alert,child#003,10948,40,0.5,2.0
2026,C_twin_dose+trend_alert,adolescent#001,10976,45,7.0,10.5
2026,C_twin_dose+trend_alert,child#010,10977,35,2.5,3.5
2026,C_twin_dose+trend_alert,adolescent#010,11055,20,4.0,0.0
2026,C_twin_dose+trend_alert,adult#008,11072,30,0.0,0.0
2026,C_twin_dose+trend_alert,adolescent#004,11075,15,0.0,3.0
2026,C_twin_dose+trend_alert,child#010,11077,10,0.5,5.0
2026,C_twin_dose+trend_alert,adolescent#001,11112,15,0.0,1.5
2026,C_twin_dose+trend_alert,adolescent#002,11142,15,8.5,10.5
2026,C_twin_dose+trend_alert,child#007,11147,10,2.0,2.0
2026,C_twin_dose+trend_alert,adult#006,11149,50,0.0,2.5
2026,C_twin_dose+trend_alert,adolescent#009,11158,15,1.5,0.5
2026,C_twin_dose+trend_alert,child#005,11176,10,1.0,1.5
2026,C_twin_dose+trend_alert,child#009,11287,60,1.0,2.0
2026,C_twin_dose+trend_alert,adolescent#006,11289,125,25.0,21.0
2026,C_twin_dose+trend_alert,adolescent#008,11306,165,34.0,41.5
2026,C_twin_dose+trend_alert,child#005,11306,55,0.0,8.0
2026,C_twin_dose+trend_alert,child#006,11311,40,1.5,2.5
2026,C_twin_dose+trend_alert,child#004,11312,65,1.5,3.5
2026,C_twin_dose+trend_alert,adult#003,11317,80,13.5,9.0
2026,C_twin_dose+trend_alert,adolescent#001,11323,100,7.5,8.0
2026,C_twin_dose+trend_alert,adult#002,11323,70,12.0,9.0
2026,C_twin_dose+trend_alert,adolescent#010,11325,70,8.0,4.0
2026,C_twin_dose+trend_alert,adolescent#003,11327,30,2.0,1.0
2026,C_twin_dose+trend_alert,child#001,11328,40,1.0,1.5
2026,C_twin_dose+trend_alert,adult#005,11329,120,21.5,22.0
2026,C_twin_dose+trend_alert,adult#008,11329,55,7.0,3.5
2026,C_twin_dose+trend_alert,child#003,11333,80,2.5,3.5
2026,C_twin_dose+trend_alert,adolescent#005,11334,40,5.0,5.5
2026,C_twin_dose+trend_alert,adult#004,11347,90,4.0,7.0
2026,C_twin_dose+trend_alert,adult#009,11347,60,20.0,9.0
2026,C_twin_dose+trend_alert,adult#010,11351,150,23.5,24.5
2026,C_twin_dose+trend_alert,adult#006,11357,95,9.0,12.0
2026,C_twin_dose+trend_alert,child#008,11369,60,6.5,8.0
2026,C_twin_dose+trend_alert,adolescent#002,11375,75,39.0,19.5
2026,C_twin_dose+trend_alert,adolescent#004,11379,70,9.0,5.0
2026,C_twin_dose+trend_alert,child#010,11382,45,2.5,3.5
2026,C_twin_dose+trend_alert,child#007,11384,40,8.5,6.0
2026,C_twin_dose+trend_alert,adult#007,11391,110,3.0,5.0
2026,C_twin_dose+trend_alert,adult#001,11394,70,14.0,7.0
2026,C_twin_dose+trend_alert,child#002,11400,45,2.0,2.0
2026,C_twin_dose+trend_alert,adolescent#001,11949,55,6.0,10.5
2026,C_twin_dose+trend_alert,child#008,11957,20,2.5,3.5
2026,C_twin_dose+trend_alert,adult#002,11969,45,9.5,7.0
2026,C_twin_dose+trend_alert,adolescent#008,11982,60,21.0,19.0
2026,C_twin_dose+trend_alert,adolescent#004,11989,45,4.0,3.0
2026,C_twin_dose+trend_alert,adolescent#006,11990,50,13.0,10.5
2026,C_twin_dose+trend_alert,adolescent#010,11992,35,7.5,4.0
2026,C_twin_dose+trend_alert,child#006,11996,50,2.0,5.5
2026,C_twin_dose+trend_alert,adolescent#003,11998,40,2.5,1.5
2026,C_twin_dose+trend_alert,adult#009,12000,35,11.0,5.5
2026,C_twin_dose+trend_alert,child#004,12000,50,1.0,4.0
2026,C_twin_dose+trend_alert,child#003,12001,40,0.5,2.0
2026,C_twin_dose+trend_alert,adolescent#002,12006,25,14.5,8.5
2026,C_twin_dose+trend_alert,adolescent#007,12012,40,12.0,7.0
2026,C_twin_dose+trend_alert,adult#001,12014,50,9.0,4.5
2026,C_twin_dose+trend_alert,adolescent#009,12019,50,5.0,3.0
2026,C_twin_dose+trend_alert,adult#003,12023,65,10.5,8.5
2026,C_twin_dose+trend_alert,adolescent#005,12028,30,5.0,5.5
2026,C_twin_dose+trend_alert,adult#004,12031,70,3.5,5.5
2026,C_twin_dose+trend_alert,child#005,12035,25,1.5,4.0
2026,C_twin_dose+trend_alert,adult#010,12037,115,23.0,24.5
2026,C_twin_dose+trend_alert,adult#007,12040,55,1.5,2.5
2026,C_twin_dose+trend_alert,child#009,12040,20,0.5,2.0
2026,C_twin_dose+trend_alert,adult#006,12054,55,10.0,9.0
2026,C_twin_dose+trend_alert,child#002,12061,25,2.5,3.0
2026,C_twin_dose+trend_alert,child#007,12064,15,2.0,2.0
2026,C_twin_dose+trend_alert,adult#005,12070,55,17.5,15.0
2026,C_twin_dose+trend_alert,adult#008,12075,70,10.0,6.5
2026,C_twin_dose+trend_alert,adult#004,12237,130,4.5,9.5
2026,C_twin_dose+trend_alert,adult#010,12273,90,17.0,17.5
2026,C_twin_dose+trend_alert,child#001,12275,65,0.0,2.5
2026,C_twin_dose+trend_alert,adult#007,12278,100,4.0,5.0
2026,C_twin_dose+trend_alert,child#002,12286,35,0.0,1.5
2026,C_twin_dose+trend_alert,adolescent#005,12294,115,7.0,7.5
2026,C_twin_dose+trend_alert,child#004,12296,20,0.5,1.0
2026,C_twin_dose+trend_alert,adolescent#002,12307,60,32.0,16.0
2026,C_twin_dose+trend_alert,adolescent#009,12315,65,5.0,2.5
2026,C_twin_dose+trend_alert,adult#001,12320,70,12.0,7.0
2026,C_twin_dose+trend_alert,adolescent#007,12324,35,10.0,5.0
2026,C_twin_dose+trend_alert,child#010,12329,25,2.0,1.5
2026,C_twin_dose+trend_alert,adolescent#010,12332,60,7.0,3.5
2026,C_twin_dose+trend_alert,adult#005,12337,105,18.0,19.5
2026,C_twin_dose+trend_alert,adult#006,12342,165,12.0,16.0
2026,C_twin_dose+trend_alert,child#003,12351,55,2.5,4.5
2026,C_twin_dose+trend_alert,adolescent#003,12354,55,2.5,2.0
2026,C_twin_dose+trend_alert,adolescent#001,12358,40,4.0,4.5
2026,C_twin_dose+trend_alert,child#007,12358,35,4.0,4.5
2026,C_twin_dose+trend_alert,adult#002,12367,55,9.0,7.0
2026,C_twin_dose+trend_alert,adolescent#008,12371,130,30.5,31.5
2026,C_twin_dose+trend_alert,child#009,12382,35,0.5,1.5
2026,C_twin_dose+trend_alert,adult#008,12386,65,7.5,4.0
2026,C_twin_dose+trend_alert,adult#009,12390,45,15.0,7.5
2026,C_twin_dose+trend_alert,child#008,12393,30,3.0,2.5
2026,C_twin_dose+trend_alert,adult#003,12394,110,14.5,10.0
2026,C_twin_dose+trend_alert,adolescent#004,12407,50,4.0,3.5
2026,C_twin_dose+trend_alert,child#006,12419,30,1.5,2.0
2026,C_twin_dose+trend_alert,child#005,12430,40,4.5,6.5
2026,C_twin_dose+trend_alert,child#008,12495,10,0.0,6.0
2026,C_twin_dose+trend_alert,adolescent#002,12579,15,10.0,5.0
2026,C_twin_dose+trend_alert,adult#009,12580,40,50.0,24.0
2026,C_twin_dose+trend_alert,child#009,12580,15,0.5,1.5
2026,C_twin_dose+trend_alert,adolescent#009,12584,35,4.0,1.5
2026,C_twin_dose+trend_alert,adult#003,12591,25,5.5,0.0
2026,C_twin_dose+trend_alert,child#004,12726,45,1.0,3.5
2026,C_twin_dose+trend_alert,adult#002,12737,60,14.5,8.5
2026,C_twin_dose+trend_alert,child#006,12744,25,1.5,2.0
2026,C_twin_dose+trend_alert,adolescent#010,12747,150,20.0,10.0
2026,C_twin_dose+trend_alert,adolescent#004,12749,80,4.0,2.5
2026,C_twin_dose+trend_alert,adult#003,12753,105,15.5,8.0
2026,C_twin_dose+trend_alert,child#008,12754,55,1.5,1.5
2026,C_twin_dose+trend_alert,child#001,12756,60,1.0,2.0
2026,C_twin_dose+trend_alert,adolescent#005,12765,65,7.5,4.5
2026,C_twin_dose+trend_alert,adolescent#009,12765,90,7.0,2.5
2026,C_twin_dose+trend_alert,adolescent#002,12770,40,24.0,10.5
2026,C_twin_dose+trend_alert,adult#006,12770,115,10.0,12.0
2026,C_twin_dose+trend_alert,child#003,12774,110,3.5,5.0
2026,C_twin_dose+trend_alert,child#005,12776,45,7.5,8.0
2026,C_twin_dose+trend_alert,adolescent#006,12777,60,15.0,12.0
2026,C_twin_dose+trend_alert,adolescent#007,12783,60,16.0,8.0
2026,C_twin_dose+trend_alert,adult#009,12784,105,34.0,9.5
2026,C_twin_dose+trend_alert,adult#004,12785,85,5.5,8.0
2026,C_twin_dose+trend_alert,adult#005,12788,165,25.5,32.0
2026,C_twin_dose+trend_alert,adult#010,12790,55,14.5,11.0
2026,C_twin_dose+trend_alert,child#009,12807,50,1.0,2.0
2026,C_twin_dose+trend_alert,adolescent#008,12813,100,34.5,33.5
2026,C_twin_dose+trend_alert,child#010,12813,70,3.5,8.0
2026,C_twin_dose+trend_alert,child#002,12815,60,2.5,3.0
2026,C_twin_dose+trend_alert,adolescent#001,12817,60,5.5,7.0
2026,C_twin_dose+trend_alert,adult#007,12839,100,4.5,4.5
2026,C_twin_dose+trend_alert,adult#008,12840,190,16.5,12.0
2026,C_twin_dose+trend_alert,child#007,12841,35,7.5,5.5
2026,C_twin_dose+trend_alert,adolescent#006,13383,65,16.0,12.5
2026,C_twin_dose+trend_alert,adolescent#004,13386,35,3.0,2.5
2026,C_twin_dose+trend_alert,adolescent#008,13392,40,18.0,14.0
2026,C_twin_dose+trend_alert,child#004,13404,30,1.0,3.0
2026,C_twin_dose+trend_alert,child#009,13409,30,0.5,1.0
2026,C_twin_dose+trend_alert,child#001,13414,30,1.0,1.0
2026,C_twin_dose+trend_alert,adult#002,13421,70,12.5,9.0
2026,C_twin_dose+trend_alert,adult#004,13424,75,3.5,6.0
2026,C_twin_dose+trend_alert,adolescent#010,13428,50,8.0,4.0
2026,C_twin_dose+trend_alert,child#005,13433,40,4.0,6.0
2026,C_twin_dose+trend_alert,adult#003,13441,65,10.5,8.0
2026,C_twin_dose+trend_alert,adult#008,13441,70,9.0,4.5
2026,C_twin_dose+trend_alert,adult#006,13445,70,7.0,7.0
2026,C_twin_dose+trend_alert,child#010,13445,20,2.0,2.0
2026,C_twin_dose+trend_alert,adolescent#002,13447,40,24.0,14.5
2026,C_twin_dose+trend_alert,adult#005,13447,35,13.5,9.0
2026,C_twin_dose+trend_alert,child#003,13447,30,0.0,1.5
2026,C_twin_dose+trend_alert,adult#007,13450,45,1.0,2.0
2026,C_twin_dose+trend_alert,child#008,13450,20,2.5,3.5
2026,C_twin_dose+trend_alert,adolescent#001,13456,70,6.0,8.0
2026,C_twin_dose+trend_alert,adolescent#007,13456,50,15.0,8.0
2026,C_twin_dose+trend_alert,adult#001,13461,30,6.0,3.0
2026,C_twin_dose+trend_alert,adolescent#003,13470,55,3.0,2.5
2026,C_twin_dose+trend_alert,child#002,13470,55,2.0,2.5
2026,C_twin_dose+trend_alert,adult#009,13483,40,13.0,6.5
2026,C_twin_dose+trend_alert,adolescent#009,13504,35,4.0,2.0
2026,C_twin_dose+trend_alert,adolescent#005,13524,30,5.5,3.5
2026,C_twin_dose+trend_alert,child#007,13531,20,4.0,2.5
2026,C_twin_dose+trend_alert,adolescent#008,13714,85,23.5,20.0
2026,C_twin_dose+trend_alert,adult#004,13714,65,3.0,5.0
2026,C_twin_dose+trend_alert,child#009,13714,50,1.0,2.0
2026,C_twin_dose+trend_alert,adolescent#005,13724,100,6.5,6.0
2026,C_twin_dose+trend_alert,child#010,13724,30,2.0,2.0
2026,C_twin_dose+trend_alert,adolescent#009,13738,35,3.0,1.0
2026,C_twin_dose+trend_alert,adolescent#003,13739,40,2.0,1.5
2026,C_twin_dose+trend_alert,adult#002,13740,60,6.0,7.5
2026,C_twin_dose+trend_alert,child#007,13741,20,5.0,2.0
2026,C_twin_dose+trend_alert,child#003,13744,35,0.0,1.5
2026,C_twin_dose+trend_alert,child#001,13753,60,1.5,2.5
2026,C_twin_dose+trend_alert,child#008,13755,45,4.0,3.5
2026,C_twin_dose+trend_alert,adult#003,13758,105,15.0,9.5
2026,C_twin_dose+trend_alert,adolescent#001,13760,100,6.0,8.0
2026,C_twin_dose+trend_alert,adolescent#006,13774,25,8.0,5.0
2026,C_twin_dose+trend_alert,child#004,13775,40,1.0,1.5
2026,C_twin_dose+trend_alert,adult#006,13787,120,10.5,11.5
2026,C_twin_dose+trend_alert,adolescent#002,13788,35,0.0,9.0
2026,C_twin_dose+trend_alert,child#006,13792,25,1.5,2.0
2026,C_twin_dose+trend_alert,adult#007,13794,145,3.5,6.5
2026,C_twin_dose+trend_alert,adult#005,13803,95,19.0,17.5
2026,C_twin_dose+trend_alert,adult#008,13806,85,10.0,5.5
2026,C_twin_dose+trend_alert,adult#001,13809,70,13.0,6.5
2026,C_twin_dose+trend_alert,child#002,13823,40,3.0,2.0
2026,C_twin_dose+trend_alert,adult#010,13828,100,19.5,19.5
2026,C_twin_dose+trend_alert,adolescent#007,13870,60,16.0,8.0
2026,C_twin_dose+trend_alert,child#005,13900,70,11.5,11.0
2026,C_twin_dose+trend_alert,child#001,13935,15,0.5,0.0
2026,C_twin_dose+trend_alert,child#006,13981,15,1.0,2.0
2026,C_twin_dose+trend_alert,child#008,13987,10,0.0,4.0
2026,C_twin_dose+trend_alert,adult#005,13993,20,3.5,0.0
2026,C_twin_dose+trend_alert,adult#006,13995,55,3.0,7.0
2026,C_twin_dose+trend_alert,adult#002,14007,15,1.5,4.0
2026,C_twin_dose+trend_alert,child#004,14017,10,0.5,1.5
2026,C_twin_dose+trend_alert,child#002,14051,10,0.0,0.5
2026,C_twin_dose+trend_alert,adolescent#009,14056,20,2.0,0.5
2026,C_twin_dose+trend_alert,adolescent#010,14138,75,12.0,5.5
2026,C_twin_dose+trend_alert,adolescent#003,14140,55,2.5,2.0
2026,C_twin_dose+trend_alert,adolescent#007,14155,35,11.0,8.5
2026,C_twin_dose+trend_alert,adult#007,14155,100,2.5,4.5
2026,C_twin_dose+trend_alert,child#010,14160,35,0.0,0.0
2026,C_twin_dose+trend_alert,child#009,14165,45,1.0,1.5
2026,C_twin_dose+trend_alert,child#001,14170,50,1.0,2.0
2026,C_twin_dose+trend_alert,adolescent#001,14183,75,5.5,6.0
2026,C_twin_dose+trend_alert,adult#005,14189,80,14.5,14.0
2026,C_twin_dose+trend_alert,adult#010,14203,125,24.5,24.5
2026,C_twin_dose+trend_alert,adolescent#005,14207,95,7.0,7.5
2026,C_twin_dose+trend_alert,adolescent#008,14209,125,29.5,29.0
2026,C_twin_dose+trend_alert,adolescent#006,14210,120,24.0,19.5
2026,C_twin_dose+trend_alert,adolescent#009,14212,40,3.5,1.0
2026,C_twin_dose+trend_alert,adult#003,14214,105,13.5,9.5
2026,C_twin_dose+trend_alert,adult#008,14220,45,6.0,3.0
2026,C_twin_dose+trend_alert,adult#006,14222,185,23.5,18.0
2026,C_twin_dose+trend_alert,adolescent#004,14229,65,9.0,4.5
2026,C_twin_dose+trend_alert,adult#004,14231,75,4.0,6.0
2026,C_twin_dose+trend_alert,adult#001,14233,125,22.5,11.5
2026,C_twin_dose+trend_alert,adult#002,14235,90,13.0,11.0
2026,C_twin_dose+trend_alert,child#008,14235,55,5.0,4.0
2026,C_twin_dose+trend_alert,child#007,14248,45,10.5,6.0
2026,C_twin_dose+trend_alert,adult#009,14256,120,39.0,19.5
2026,C_twin_dose+trend_alert,child#002,14263,50,2.0,2.5
2026,C_twin_dose+trend_alert,child#004,14264,35,1.0,1.5
2026,C_twin_dose+trend_alert,child#006,14271,30,1.5,2.0
2026,C_twin_dose+trend_alert,child#005,14280,25,4.5,5.5
2026,C_twin_dose+trend_alert,child#003,14856,45,0.5,2.0
2026,C_twin_dose+trend_alert,adolescent#006,14863,40,12.0,11.0
2026,C_twin_dose+trend_alert,adolescent#003,14870,35,2.5,2.0
2026,C_twin_dose+trend_alert,adolescent#007,14871,50,15.0,11.5
2026,C_twin_dose+trend_alert,child#002,14874,25,1.5,1.0
2026,C_twin_dose+trend_alert,adult#009,14875,40,0.0,6.5
2026,C_twin_dose+trend_alert,child#010,14875,20,2.0,4.0
2026,C_twin_dose+trend_alert,child#008,14880,20,2.5,2.0
2026,C_twin_dose+trend_alert,child#005,14881,15,0.5,2.5
2026,C_twin_dose+trend_alert,adult#008,14882,65,9.5,5.0
2026,C_twin_dose+trend_alert,adolescent#010,14884,30,5.0,2.5
2026,C_twin_dose+trend_alert,adolescent#008,14885,35,17.5,14.0
2026,C_twin_dose+trend_alert,adolescent#009,14887,55,5.5,3.0
2026,C_twin_dose+trend_alert,child#001,14888,25,1.0,1.0
2026,C_twin_dose+trend_alert,child#006,14889,20,1.0,2.0
2026,C_twin_dose+trend_alert,adult#004,14893,110,4.5,8.5
2026,C_twin_dose+trend_alert,child#009,14897,20,0.5,1.5
2026,C_twin_dose+trend_alert,adult#010,14901,40,18.0,13.5
2026,C_twin_dose+trend_alert,adolescent#001,14904,35,4.5,7.0
2026,C_twin_dose+trend_alert,adolescent#002,14905,60,34.0,17.0
2026,C_twin_dose+trend_alert,adult#006,14905,70,6.5,7.0
2026,C_twin_dose+trend_alert,adult#003,14909,50,10.0,10.5
2026,C_twin_dose+trend_alert,adult#002,14913,30,5.5,4.0
2026,C_twin_dose+trend_alert,adult#005,14922,65,17.0,15.0
2026,C_twin_dose+trend_alert,adult#007,14925,75,3.0,3.5
2026,C_twin_dose+trend_alert,adult#001,14941,30,6.0,3.0
2026,C_twin_dose+trend_alert,child#007,14942,25,6.5,6.0
2026,C_twin_dose+trend_alert,adolescent#004,14948,55,0.0,4.0
2026,C_twin_dose+trend_alert,adult#002,15123,70,10.0,8.0
2026,C_twin_dose+trend_alert,adolescent#001,15124,100,5.5,7.5
2026,C_twin_dose+trend_alert,adolescent#004,15126,35,6.0,8.5
2026,C_twin_dose+trend_alert,child#003,15154,80,2.5,5.0
2026,C_twin_dose+trend_alert,adolescent#009,15158,100,6.0,3.5
2026,C_twin_dose+trend_alert,child#004,15160,30,0.5,1.0
2026,C_twin_dose+trend_alert,adult#006,15176,75,0.0,7.5
2026,C_twin_dose+trend_alert,adolescent#007,15184,65,0.0,9.0
2026,C_twin_dose+trend_alert,child#006,15202,45,2.0,3.5
2026,C_twin_dose+trend_alert,adult#010,15216,100,21.0,19.5
2026,C_twin_dose+trend_alert,child#001,15217,80,1.5,2.5
2026,C_twin_dose+trend_alert,adult#007,15222,155,6.0,7.0
2026,C_twin_dose+trend_alert,adolescent#008,15231,150,34.0,35.0
2026,C_twin_dose+trend_alert,adult#009,15231,70,38.5,8.5
2026,C_twin_dose+trend_alert,adolescent#002,15235,80,42.0,21.0
2026,C_twin_dose+trend_alert,adult#004,15235,180,6.0,14.0
2026,C_twin_dose+trend_alert,adult#008,15239,95,10.0,6.0
2026,C_twin_dose+trend_alert,child#008,15241,70,6.0,6.5
2026,C_twin_dose+trend_alert,child#002,15249,40,1.5,2.0
2026,C_twin_dose+trend_alert,adult#003,15254,70,11.0,9.0
2026,C_twin_dose+trend_alert,child#007,15255,60,6.5,8.0
2026,C_twin_dose+trend_alert,child#005,15256,40,4.0,9.0
2026,C_twin_dose+trend_alert,adolescent#003,15260,40,2.5,1.5
2026,C_twin_dose+trend_alert,adult#001,15264,95,15.0,8.5
2026,C_twin_dose+trend_alert,adolescent#005,15275,70,7.5,6.0
2026,C_twin_dose+trend_alert,adult#005,15277,100,19.5,18.5
2026,C_twin_dose+trend_alert,child#009,15291,30,0.5,1.5
2026,C_twin_dose+trend_alert,child#005,15375,15,0.5,0.5
2026,C_twin_dose+trend_alert,adult#001,15427,20,0.0,1.0
2026,C_twin_dose+trend_alert,adolescent#005,15435,25,0.0,0.0
2026,C_twin_dose+trend_alert,adolescent#009,15437,15,0.0,0.5
2026,C_twin_dose+trend_alert,adolescent#004,15451,45,4.5,3.0
2026,C_twin_dose+trend_alert,adult#008,15486,40,5.5,2.5
2026,C_twin_dose+trend_alert,adult#004,15577,70,3.0,5.5
2026,C_twin_dose+trend_alert,child#002,15612,75,3.0,3.5
2026,C_twin_dose+trend_alert,adolescent#009,15617,65,5.5,2.5
2026,C_twin_dose+trend_alert,adult#006,15623,115,10.5,11.0
2026,C_twin_dose+trend_alert,adolescent#004,15629,75,5.0,4.0
2026,C_twin_dose+trend_alert,child#009,15629,25,0.5,1.0
2026,C_twin_dose+trend_alert,adult#008,15644,125,10.5,6.0
2026,C_twin_dose+trend_alert,child#001,15649,85,1.5,3.0
2026,C_twin_dose+trend_alert,child#005,15653,45,4.5,9.5
2026,C_twin_dose+trend_alert,adult#005,15657,115,21.5,22.0
2026,C_twin_dose+trend_alert,child#004,15660,30,1.0,2.0
2026,C_twin_dose+trend_alert,child#006,15660,105,3.5,8.5
2026,C_twin_dose+trend_alert,adolescent#005,15661,70,6.0,4.5
2026,C_twin_dose+trend_alert,adult#003,15662,70,11.0,7.0
2026,C_twin_dose+trend_alert,child#010,15664,155,4.5,11.0
2026,C_twin_dose+trend_alert,adolescent#002,15669,50,26.0,13.0
2026,C_twin_dose+trend_alert,adolescent#007,15671,115,29.5,20.0
2026,C_twin_dose+trend_alert,adolescent#001,15673,110,8.0,8.5
2026,C_twin_dose+trend_alert,adult#010,15674,145,26.0,28.5
2026,C_twin_dose+trend_alert,adolescent#003,15675,80,3.5,4.5
2026,C_twin_dose+trend_alert,adult#007,15675,100,3.0,4.5
2026,C_twin_dose+trend_alert,adolescent#008,15682,60,26.5,21.0
2026,C_twin_dose+trend_alert,child#007,15685,35,7.0,4.5
2026,C_twin_dose+trend_alert,child#008,15687,40,3.5,3.0
2026,C_twin_dose+trend_alert,adult#009,15696,65,36.0,18.5
2026,C_twin_dose+trend_alert,adult#002,15697,80,13.5,10.0
2026,C_twin_dose+trend_alert,adult#001,15700,85,13.5,8.0
2026,C_twin_dose+trend_alert,child#003,15721,60,1.5,3.0
2026,C_twin_dose+trend_alert,adolescent#010,15743,95,14.0,7.0
2026,C_twin_dose+trend_alert,adult#005,16264,60,16.0,13.0
2026,C_twin_dose+trend_alert,child#006,16294,40,1.5,3.0
2026,C_twin_dose+trend_alert,child#003,16295,25,0.0,1.5
2026,C_twin_dose+trend_alert,child#004,16295,30,0.5,1.5
2026,C_twin_dose+trend_alert,adult#007,16302,70,2.0,5.5
2026,C_twin_dose+trend_alert,adolescent#004,16309,55,5.0,4.5
2026,C_twin_dose+trend_alert,adolescent#007,16311,30,8.0,4.5
2026,C_twin_dose+trend_alert,adult#004,16312,120,5.0,9.5
2026,C_twin_dose+trend_alert,child#010,16313,25,2.0,3.0
2026,C_twin_dose+trend_alert,child#007,16315,25,3.5,3.5
2026,C_twin_dose+trend_alert,child#009,16319,40,0.5,1.5
2026,C_twin_dose+trend_alert,adolescent#002,16320,30,15.5,8.0
2026,C_twin_dose+trend_alert,adolescent#009,16321,35,4.5,3.0
2026,C_twin_dose+trend_alert,adult#010,16322,60,22.0,15.0
2026,C_twin_dose+trend_alert,adolescent#006,16327,35,10.5,8.5
2026,C_twin_dose+trend_alert,adolescent#008,16337,40,18.0,14.0
2026,C_twin_dose+trend_alert,adolescent#003,16340,35,2.0,1.5
2026,C_twin_dose+trend_alert,adult#002,16340,25,9.0,4.5
2026,C_twin_dose+trend_alert,child#002,16340,25,1.0,1.0
2026,C_twin_dose+trend_alert,adult#003,16341,45,8.0,5.5
2026,C_twin_dose+trend_alert,adolescent#010,16343,45,5.5,2.5
2026,C_twin_dose+trend_alert,child#008,16349,35,5.5,5.0
2026,C_twin_dose+trend_alert,adult#009,16359,90,30.0,15.0
2026,C_twin_dose+trend_alert,adult#001,16368,55,10.0,5.0
2026,C_twin_dose+trend_alert,adolescent#001,16381,25,4.5,7.5
2026,C_twin_dose+trend_alert,child#001,16385,45,1.5,2.5
2026,C_twin_dose+trend_alert,adult#008,16393,25,4.5,1.5
2026,C_twin_dose+trend_alert,adult#007,16608,145,3.5,8.0
2026,C_twin_dose+trend_alert,child#009,16616,35,0.5,1.5
2026,C_twin_dose+trend_alert,adolescent#005,16618,115,7.0,7.5
2026,C_twin_dose+trend_alert,adult#005,16620,115,21.5,21.5
2026,C_twin_dose+trend_alert,adult#010,16623,95,27.5,18.5
2026,C_twin_dose+trend_alert,adolescent#002,16633,65,34.0,17.0
2026,C_twin_dose+trend_alert,adolescent#007,16633,110,28.0,15.0
2026,C_twin_dose+trend_alert,adolescent#003,16637,130,4.0,5.0
2026,C_twin_dose+trend_alert,child#001,16643,65,1.5,2.5
2026,C_twin_dose+trend_alert,adult#001,16645,65,10.0,6.0
2026,C_twin_dose+trend_alert,adult#006,16651,80,8.0,10.0
2026,C_twin_dose+trend_alert,child#003,16653,50,1.0,2.0
2026,C_twin_dose+trend_alert,child#008,16654,45,3.5,3.5
2026,C_twin_dose+trend_alert,adolescent#009,16656,50,4.5,2.0
2026,C_twin_dose+trend_alert,adolescent#010,16665,90,12.0,6.0
2026,C_twin_dose+trend_alert,child#004,16666,30,0.5,1.0
2026,C_twin_dose+trend_alert,adult#003,16669,95,13.5,8.5
2026,C_twin_dose+trend_alert,adult#009,16671,75,33.0,17.0
2026,C_twin_dose+trend_alert,child#002,16671,50,2.0,4.0
2026,C_twin_dose+trend_alert,adolescent#001,16680,80,5.5,6.5
2026,C_twin_dose+trend_alert,adult#008,16685,85,9.0,5.5
2026,C_twin_dose+trend_alert,adolescent#004,16686,85,7.5,6.0
2026,C_twin_dose+trend_alert,child#006,16686,120,4.0,8.0
2026,C_twin_dose+trend_alert,child#007,16689,45,5.0,6.0
2026,C_twin_dose+trend_alert,child#005,16692,25,4.5,5.0
2026,C_twin_dose+trend_alert,adolescent#006,16699,35,13.0,6.5
2026,C_twin_dose+trend_alert,adolescent#008,16720,70,28.0,16.5
2026,C_twin_dose+trend_alert,adult#004,16728,65,4.5,5.5
2026,C_twin_dose+trend_alert,adolescent#005,16815,30,2.5,3.0
2026,C_twin_dose+trend_alert,child#005,16865,15,1.5,3.5
2026,C_twin_dose+trend_alert,adolescent#004,16890,15,0.0,0.5
2026,C_twin_dose+trend_alert,adult#003,16892,20,5.0,1.0
2026,C_twin_dose+trend_alert,adult#007,16892,25,0.5,3.0
2026,C_twin_dose+trend_alert,child#007,16900,20,1.5,2.0
2026,C_twin_dose+trend_alert,adolescent#002,16905,25,14.5,13.5
2026,C_twin_dose+trend_alert,adult#002,16906,35,9.5,15.0
2026,C_twin_dose+trend_alert,adult#001,16915,20,0.0,2.0
2026,C_twin_dose+trend_alert,adult#006,16916,35,2.0,5.5
2026,C_twin_dose+trend_alert,adolescent#008,16926,30,7.0,4.5
2026,C_twin_dose+trend_alert,adult#010,16933,40,0.0,8.0
2026,C_twin_dose+trend_alert,child#004,17000,30,1.0,0.0
2026,C_twin_dose+trend_alert,child#009,17000,25,0.5,1.0
2026,C_twin_dose+trend_alert,adult#006,17014,120,9.5,10.5
2026,C_twin_dose+trend_alert,child#002,17054,55,2.0,2.5
2026,C_twin_dose+trend_alert,adolescent#008,17061,70,0.0,13.0
2026,C_twin_dose+trend_alert,adult#005,17070,95,19.5,17.5
2026,C_twin_dose+trend_alert,child#007,17071,45,5.5,5.5
2026,C_twin_dose+trend_alert,child#001,17074,95,2.0,5.5
2026,C_twin_dose+trend_alert,adult#007,17077,115,3.0,7.5
2026,C_twin_dose+trend_alert,adolescent#004,17078,55,4.5,4.0
2026,C_twin_dose+trend_alert,adult#003,17080,95,14.5,7.5
2026,C_twin_dose+trend_alert,adolescent#006,17084,60,14.5,10.0
2026,C_twin_dose+trend_alert,child#005,17085,30,4.5,4.5
2026,C_twin_dose+trend_alert,adult#009,17086,70,23.0,11.5
2026,C_twin_dose+trend_alert,adult#002,17087,50,3.5,4.0
2026,C_twin_dose+trend_alert,adolescent#002,17099,40,21.0,7.5
2026,C_twin_dose+trend_alert,adolescent#009,17101,45,4.5,3.0
2026,C_twin_dose+trend_alert,adult#001,17112,50,9.0,4.5
2026,C_twin_dose+trend_alert,child#008,17114,30,5.0,4.5
2026,C_twin_dose+trend_alert,adolescent#001,17117,55,4.0,4.5
2026,C_twin_dose+trend_alert,adolescent#005,17119,105,7.5,7.5
2026,C_twin_dose+trend_alert,adult#008,17123,190,15.5,12.0
2026,C_twin_dose+trend_alert,child#010,17123,30,2.0,3.5
2026,C_twin_dose+trend_alert,child#006,17128,60,2.5,4.5
2026,C_twin_dose+trend_alert,adult#010,17149,115,32.0,25.0
2026,C_twin_dose+trend_alert,adolescent#007,17155,45,11.5,3.0
2026,C_twin_dose+trend_alert,adolescent#010,17162,65,9.0,4.5
2026,C_twin_dose+trend_alert,adult#004,17169,55,4.0,4.5
2026,C_twin_dose+trend_alert,child#003,17186,60,3.0,3.0
2026,C_twin_dose+trend_alert,child#007,17718,20,2.5,2.5
2026,C_twin_dose+trend_alert,child#004,17722,25,0.5,2.5
2026,C_twin_dose+trend_alert,adolescent#001,17735,35,4.5,6.5
2026,C_twin_dose+trend_alert,adolescent#010,17745,60,9.0,4.5
2026,C_twin_dose+trend_alert,adult#002,17748,35,8.5,5.5
2026,C_twin_dose+trend_alert,adult#009,17751,45,15.0,7.5
2026,C_twin_dose+trend_alert,adult#004,17753,30,2.5,2.5
2026,C_twin_dose+trend_alert,child#010,17753,15,1.5,3.5
2026,C_twin_dose+trend_alert,child#005,17757,20,1.0,3.0
2026,C_twin_dose+trend_alert,adolescent#008,17762,70,14.5,15.5
2026,C_twin_dose+trend_alert,child#003,17765,70,2.0,3.0
2026,C_twin_dose+trend_alert,adolescent#003,17767,35,2.5,2.5
2026,C_twin_dose+trend_alert,child#002,17776,25,1.0,1.0
2026,C_twin_dose+trend_alert,adult#008,17779,25,4.5,1.5
2026,C_twin_dose+trend_alert,adult#001,17786,35,6.0,3.0
2026,C_twin_dose+trend_alert,adult#010,17788,65,15.5,13.0
2026,C_twin_dose+trend_alert,adolescent#004,17789,75,9.5,5.0
2026,C_twin_dose+trend_alert,adolescent#007,17794,30,9.5,8.5
2026,C_twin_dose+trend_alert,adolescent#005,17795,60,6.0,7.5
2026,C_twin_dose+trend_alert,adult#006,17795,50,5.0,6.0
2026,C_twin_dose+trend_alert,child#008,17795,20,2.0,1.5
2026,C_twin_dose+trend_alert,adolescent#002,17801,50,30.0,15.0
2026,C_twin_dose+trend_alert,adolescent#006,17802,30,9.5,8.0
2026,C_twin_dose+trend_alert,adolescent#009,17803,30,5.0,2.5
2026,C_twin_dose+trend_alert,child#009,17809,25,0.5,1.0
2026,C_twin_dose+trend_alert,adult#005,17825,75,23.0,16.5
2026,C_twin_dose+trend_alert,adolescent#001,18024,55,4.0,4.5
2026,C_twin_dose+trend_alert,child#001,18029,65,1.5,3.0
2026,C_twin_dose+trend_alert,child#010,18038,40,2.5,3.0
2026,C_twin_dose+trend_alert,child#009,18053,50,1.0,2.0
2026,C_twin_dose+trend_alert,child#006,18054,50,1.5,2.5
2026,C_twin_dose+trend_alert,adolescent#006,18057,45,11.0,6.5
2026,C_twin_dose+trend_alert,adult#008,18061,40,6.0,3.0
2026,C_twin_dose+trend_alert,adult#006,18072,95,13.5,9.0
2026,C_twin_dose+trend_alert,adolescent#009,18077,105,7.0,4.0
2026,C_twin_dose+trend_alert,adolescent#005,18081,115,7.0,7.5
2026,C_twin_dose+trend_alert,adult#005,18082,185,25.0,34.5
2026,C_twin_dose+trend_alert,adolescent#008,18083,110,35.5,25.5
2026,C_twin_dose+trend_alert,child#003,18088,20,0.0,2.0
2026,C_twin_dose+trend_alert,adult#002,18089,50,7.0,6.0
2026,C_twin_dose+trend_alert,child#004,18089,30,0.5,2.0
2026,C_twin_dose+trend_alert,adult#010,18094,95,19.0,18.5
2026,C_twin_dose+trend_alert,adult#009,18099,55,22.0,11.5
2026,C_twin_dose+trend_alert,adult#007,18110,140,3.5,6.5
2026,C_twin_dose+trend_alert,adolescent#010,18111,40,9.0,4.5
2026,C_twin_dose+trend_alert,child#002,18113,65,2.5,3.0
2026,C_twin_dose+trend_alert,child#007,18113,35,4.5,5.0
2026,C_twin_dose+trend_alert,adolescent#003,18116,80,3.5,3.0
2026,C_twin_dose+trend_alert,adult#003,18121,110,0.0,8.5
2026,C_twin_dose+trend_alert,adolescent#002,18134,35,18.0,9.0
2026,C_twin_dose+trend_alert,adolescent#007,18137,100,30.0,14.0
2026,C_twin_dose+trend_alert,adolescent#004,18142,80,7.0,5.5
2026,C_twin_dose+trend_alert,adult#001,18149,55,12.0,5.5
2026,C_twin_dose+trend_alert,child#005,18166,80,7.5,13.5
2026,C_twin_dose+trend_alert,adult#004,18171,120,5.0,9.5
2026,C_twin_dose+trend_alert,adolescent#004,18304,25,2.0,3.0
2026,C_twin_dose+trend_alert,adult#010,18313,25,4.0,3.0
2026,C_twin_dose+trend_alert,adolescent#003,18324,15,0.5,1.0
2026,C_twin_dose+trend_alert,child#002,18335,10,0.0,0.5
2026,C_twin_dose+trend_alert,child#004,18364,5,0.5,1.5
2026,C_twin_dose+trend_alert,child#009,18469,45,1.0,1.5
2026,C_twin_dose+trend_alert,child#007,18485,35,4.0,5.0
2026,C_twin_dose+trend_alert,adolescent#005,18487,185,9.5,12.5
2026,C_twin_dose+trend_alert,adolescent#010,18489,55,8.0,4.0
2026,C_twin_dose+trend_alert,child#003,18498,25,0.0,1.0
2026,C_twin_dose+trend_alert,adolescent#001,18502,55,4.5,4.5
2026,C_twin_dose+trend_alert,child#010,18507,35,2.5,2.5
2026,C_twin_dose+trend_alert,adolescent#007,18510,40,13.5,11.0
2026,C_twin_dose+trend_alert,adolescent#008,18520,50,19.5,11.5
2026,C_twin_dose+trend_alert,child#008,18528,60,5.0,8.0
2026,C_twin_dose+trend_alert,child#001,18530,35,1.0,2.5
2026,C_twin_dose+trend_alert,adolescent#002,18532,45,24.0,12.0
2026,C_twin_dose+trend_alert,adult#007,18532,140,3.5,6.5
2026,C_twin_dose+trend_alert,adult#008,18537,140,13.5,9.5
2026,C_twin_dose+trend_alert,adult#001,18545,155,18.5,14.5
2026,C_twin_dose+trend_alert,adult#002,18545,105,17.0,18.5
2026,C_twin_dose+trend_alert,adolescent#003,18550,60,4.0,2.0
2026,C_twin_dose+trend_alert,child#005,18557,75,12.5,12.5
2026,C_twin_dose+trend_alert,child#004,18568,35,1.0,1.5
2026,C_twin_dose+trend_alert,adult#005,18577,110,21.0,21.5
2026,C_twin_dose+trend_alert,adult#004,18590,95,0.0,7.5
2026,C_twin_dose+trend_alert,child#006,18594,60,2.0,4.5
2026,C_twin_dose+trend_alert,adult#010,18595,120,22.5,23.5
2026,C_twin_dose+trend_alert,adolescent#004,18628,70,6.5,5.0
2026,C_twin_dose+trend_alert,adult#003,18643,120,26.0,12.5
2026,C_twin_dose+trend_alert,adolescent#006,19160,50,13.5,12.5
2026,C_twin_dose+trend_alert,child#002,19165,20,0.5,1.5
2026,C_twin_dose+trend_alert,child#004,19177,30,1.0,2.0
2026,C_twin_dose+trend_alert,adolescent#003,19178,45,2.5,2.0
2026,C_twin_dose+trend_alert,adolescent#005,19181,80,6.5,7.0
2026,C_twin_dose+trend_alert,adolescent#002,19194,50,31.0,16.5
2026,C_twin_dose+trend_alert,child#005,19197,45,3.5,7.0
2026,C_twin_dose+trend_alert,adolescent#008,19198,50,20.0,18.0
2026,C_twin_dose+trend_alert,adolescent#010,19200,35,8.0,5.5
2026,C_twin_dose+trend_alert,adolescent#001,19206,40,6.5,12.0
2026,C_twin_dose+trend_alert,adult#009,19207,50,35.5,21.5
2026,C_twin_dose+trend_alert,child#007,19207,45,5.5,6.5
2026,C_twin_dose+trend_alert,adolescent#009,19208,20,3.0,1.0
2026,C_twin_dose+trend_alert,adult#004,19208,60,3.5,4.5
2026,C_twin_dose+trend_alert,child#003,19209,45,0.5,2.0
2026,C_twin_dose+trend_alert,child#008,19210,10,1.5,2.5
2026,C_twin_dose+trend_alert,adult#008,19211,50,7.0,3.5
2026,C_twin_dose+trend_alert,adult#001,19215,60,11.0,5.5
2026,C_twin_dose+trend_alert,child#009,19216,15,0.5,0.5
2026,C_twin_dose+trend_alert,child#006,19219,15,1.0,1.5
2026,C_twin_dose+trend_alert,adult#005,19224,90,20.0,18.0
2026,C_twin_dose+trend_alert,child#010,19228,20,2.0,4.0
2026,C_twin_dose+trend_alert,adult#003,19230,60,10.0,7.5
2026,C_twin_dose+trend_alert,adult#006,19230,50,4.5,5.0
2026,C_twin_dose+trend_alert,adolescent#007,19246,35,10.0,5.0
2026,C_twin_dose+trend_alert,adult#002,19255,20,3.0,2.5
2026,C_twin_dose+trend_alert,adolescent#004,19262,55,5.0,4.0
2026,C_twin_dose+trend_alert,child#001,19279,30,1.5,2.5
2026,C_twin_dose+trend_alert,child#007,19433,50,6.0,6.5
2026,C_twin_dose+trend_alert,adolescent#009,19451,65,5.0,2.5
2026,C_twin_dose+trend_alert,child#006,19473,45,2.0,3.0
2026,C_twin_dose+trend_alert,adult#006,19481,80,7.0,10.0
2026,C_twin_dose+trend_alert,child#004,19498,50,1.5,2.5
2026,C_twin_dose+trend_alert,child#010,19505,50,2.5,4.5
2026,C_twin_dose+trend_alert,adolescent#010,19508,60,7.0,3.5
2026,C_twin_dose+trend_alert,adult#005,19508,130,23.0,24.0
2026,C_twin_dose+trend_alert,adolescent#001,19515,60,7.5,5.5
2026,C_twin_dose+trend_alert,adolescent#003,19520,65,2.5,2.5
2026,C_twin_dose+trend_alert,adolescent#008,19521,135,29.5,31.5
2026,C_twin_dose+trend_alert,adult#009,19522,60,20.0,10.0
2026,C_twin_dose+trend_alert,adult#008,19535,45,6.0,3.0
2026,C_twin_dose+trend_alert,child#008,19542,40,0.5,0.5
2026,C_twin_dose+trend_alert,adolescent#004,19543,55,4.0,4.0
2026,C_twin_dose+trend_alert,adolescent#005,19546,105,7.0,7.0
2026,C_twin_dose+trend_alert,child#009,19549,30,1.0,1.0
2026,C_twin_dose+trend_alert,adult#004,19559,130,5.0,10.0
2026,C_twin_dose+trend_alert,adult#010,19561,100,19.5,19.5
2026,C_twin_dose+trend_alert,adult#003,19565,95,13.0,8.5
2026,C_twin_dose+trend_alert,child#002,19573,35,1.5,1.5
2026,C_twin_dose+trend_alert,child#003,19573,65,1.5,4.0
2026,C_twin_dose+trend_alert,adolescent#006,19579,80,25.0,14.5
2026,C_twin_dose+trend_alert,adult#001,19582,40,7.0,3.5
2026,C_twin_dose+trend_alert,child#005,19589,115,19.0,18.0
2026,C_twin_dose+trend_alert,adolescent#002,19598,70,41.0,20.0
2026,C_twin_dose+trend_alert,adult#007,19600,90,4.0,4.0
2026,C_twin_dose+trend_alert,adolescent#007,19602,80,22.0,11.0
2026,C_twin_dose+trend_alert,adult#002,19619,45,8.0,5.5
2026,C_twin_dose+trend_alert,adult#005,19716,40,6.0,4.5
2026,C_twin_dose+trend_alert,adult#010,19728,50,10.5,7.5
2026,C_twin_dose+trend_alert,adolescent#002,19755,10,8.5,0.0
2026,C_twin_dose+trend_alert,child#005,19791,15,3.0,0.0
2026,C_twin_dose+trend_alert,child#003,19802,20,0.0,4.0
2026,C_twin_dose+trend_alert,adult#001,19809,35,7.0,5.5
2026,C_twin_dose+trend_alert,child#002,19813,15,0.5,2.5
2026,C_twin_dose+trend_alert,adult#001,19888,115,10.5,8.0
2026,C_twin_dose+trend_alert,adolescent#006,19931,45,7.5,3.0
2026,C_twin_dose+trend_alert,adolescent#010,19937,80,13.0,6.5
2026,C_twin_dose+trend_alert,adult#007,19940,75,2.0,4.0
2026,C_twin_dose+trend_alert,adolescent#009,19949,55,5.0,2.0
2026,C_twin_dose+trend_alert,adult#005,19949,85,23.0,15.5
2026,C_twin_dose+trend_alert,adult#010,19955,165,29.0,32.0
2026,C_twin_dose+trend_alert,adolescent#007,19960,45,12.0,6.0
2026,C_twin_dose+trend_alert,adult#003,19963,65,11.5,6.0
2026,C_twin_dose+trend_alert,adult#009,19963,145,48.0,24.0
2026,C_twin_dose+trend_alert,child#008,19968,40,3.0,4.0
2026,C_twin_dose+trend_alert,child#007,19976,35,3.5,4.5
2026,C_twin_dose+trend_alert,adolescent#005,19985,100,7.5,10.5
2026,C_twin_dose+trend_alert,adult#008,19986,85,10.5,5.5
2026,C_twin_dose+trend_alert,child#010,19993,55,3.0,6.5
2026,C_twin_dose+trend_alert,adolescent#008,19994,70,28.0,16.5
2026,C_twin_dose+trend_alert,adolescent#002,19995,45,24.0,12.0
2026,C_twin_dose+trend_alert,child#001,19996,35,1.0,1.0
2026,C_twin_dose+trend_alert,adult#004,19999,130,5.0,10.0
2026,C_twin_dose+trend_alert,adolescent#004,20011,60,5.0,4.0
2026,C_twin_dose+trend_alert,child#004,20017,45,1.0,1.5
2026,C_twin_dose+trend_alert,child#009,20017,40,1.0,2.0
2026,C_twin_dose+trend_alert,child#002,20020,85,3.5,4.0
2026,C_twin_dose+trend_alert,adolescent#001,20021,85,7.0,8.5
2026,C_twin_dose+trend_alert,child#005,20021,60,5.5,9.0
2026,C_twin_dose+trend_alert,child#006,20021,55,2.0,3.5
2026,C_twin_dose+trend_alert,adult#006,20028,145,12.5,16.0
2026,C_twin_dose+trend_alert,adolescent#003,20042,25,2.5,1.0
2026,D_dosetwin,adult#006,10513,115,10.5,12.0
2026,D_dosetwin,adult#008,10517,50,9.0,5.0
2026,D_dosetwin,child#005,10526,55,5.0,9.0
2026,D_dosetwin,child#001,10527,20,0.5,1.0
2026,D_dosetwin,adolescent#004,10528,75,10.0,5.5
2026,D_dosetwin,adolescent#002,10532,30,17.0,12.0
2026,D_dosetwin,adolescent#007,10533,30,10.5,11.5
2026,D_dosetwin,child#006,10539,15,1.0,1.5
2026,D_dosetwin,adult#010,10541,45,14.0,13.0
2026,D_dosetwin,adult#005,10545,60,15.0,11.5
2026,D_dosetwin,child#007,10546,20,3.5,4.0
2026,D_dosetwin,adult#003,10548,45,8.5,8.0
2026,D_dosetwin,child#003,10559,20,0.0,1.0
2026,D_dosetwin,child#010,10560,20,2.0,2.0
2026,D_dosetwin,adolescent#006,10562,30,9.5,6.5
2026,D_dosetwin,adult#001,10562,35,6.0,3.0
2026,D_dosetwin,child#002,10564,35,1.5,1.5
2026,D_dosetwin,adolescent#009,10567,60,5.5,2.5
2026,D_dosetwin,adolescent#003,10572,25,1.5,1.0
2026,D_dosetwin,adolescent#008,10572,45,19.0,16.5
2026,D_dosetwin,adolescent#010,10579,45,9.0,5.0
2026,D_dosetwin,adult#009,10581,65,22.0,11.0
2026,D_dosetwin,child#008,10583,25,4.5,4.0
2026,D_dosetwin,adult#002,10585,45,10.0,7.0
2026,D_dosetwin,child#004,10599,35,1.0,3.0
2026,D_dosetwin,adolescent#005,10602,55,6.0,6.0
2026,D_dosetwin,adult#007,10607,100,4.0,4.5
2026,D_dosetwin,child#009,10659,15,0.5,1.5
2026,D_dosetwin,child#002,10807,60,2.5,3.0
2026,D_dosetwin,adult#002,10851,50,3.5,6.0
2026,D_dosetwin,child#005,10852,40,5.0,6.0
2026,D_dosetwin,adult#001,10870,65,12.0,6.0
2026,D_dosetwin,child#006,10870,55,2.0,4.0
2026,D_dosetwin,child#004,10875,35,1.0,1.5
2026,D_dosetwin,child#001,10877,40,1.0,1.5
2026,D_dosetwin,child#007,10877,35,4.5,5.5
2026,D_dosetwin,child#008,10885,25,2.0,2.0
2026,D_dosetwin,child#009,10887,20,0.5,0.5
2026,D_dosetwin,adolescent#005,10903,90,6.5,7.0
2026,D_dosetwin,adult#007,10904,105,2.5,5.0
2026,D_dosetwin,adult#008,10906,80,10.0,5.0
2026,D_dosetwin,adolescent#010,10907,45,7.0,4.0
2026,D_dosetwin,adolescent#002,10909,40,0.0,10.5
2026,D_dosetwin,adolescent#009,10914,65,5.5,2.5
2026,D_dosetwin,adult#004,10914,80,3.5,6.5
2026,D_dosetwin,adolescent#003,10916,60,2.5,2.0
2026,D_dosetwin,adult#005,10921,75,16.0,14.0
2026,D_dosetwin,adult#003,10929,60,9.5,5.5
2026,D_dosetwin,adolescent#007,10935,40,12.5,8.0
2026,D_dosetwin,adult#006,10943,120,17.0,13.5
2026,D_dosetwin,adolescent#008,10945,100,33.5,23.5
2026,D_dosetwin,adult#010,10945,110,21.5,21.5
2026,D_dosetwin,child#003,10948,40,0.5,2.0
2026,D_dosetwin,adolescent#001,10976,45,7.0,10.5
2026,D_dosetwin,child#010,10977,35,2.0,2.5
2026,D_dosetwin,adolescent#010,11055,20,4.0,0.0
2026,D_dosetwin,adult#008,11072,30,0.0,0.0
2026,D_dosetwin,adolescent#004,11075,15,0.0,3.0
2026,D_dosetwin,child#010,11077,10,1.0,5.5
2026,D_dosetwin,adolescent#001,11112,15,0.0,1.5
2026,D_dosetwin,adolescent#002,11142,15,9.5,13.5
2026,D_dosetwin,child#007,11147,10,2.0,2.0
2026,D_dosetwin,adult#006,11149,50,0.0,2.5
2026,D_dosetwin,adolescent#009,11158,15,1.5,0.5
2026,D_dosetwin,child#005,11176,10,1.0,1.5
2026,D_dosetwin,child#009,11287,60,1.0,2.0
2026,D_dosetwin,adolescent#006,11289,125,25.0,21.0
2026,D_dosetwin,adolescent#008,11306,165,34.0,41.5
2026,D_dosetwin,child#005,11306,55,5.0,8.0
2026,D_dosetwin,child#006,11311,40,1.5,2.5
2026,D_dosetwin,child#004,11312,65,1.5,3.5
2026,D_dosetwin,adult#003,11317,80,13.5,9.0
2026,D_dosetwin,adolescent#001,11323,100,6.5,8.0
2026,D_dosetwin,adult#002,11323,70,12.0,9.0
2026,D_dosetwin,adolescent#010,11325,70,8.0,4.0
2026,D_dosetwin,adolescent#003,11327,30,2.0,1.0
2026,D_dosetwin,child#001,11328,40,1.0,1.5
2026,D_dosetwin,adult#005,11329,120,21.5,22.0
2026,D_dosetwin,adult#008,11329,55,7.0,3.5
2026,D_dosetwin,child#003,11333,80,2.5,3.5
2026,D_dosetwin,adolescent#005,11334,40,5.0,5.5
2026,D_dosetwin,adult#004,11347,90,4.0,7.0
2026,D_dosetwin,adult#009,11347,60,20.0,9.0
2026,D_dosetwin,adult#010,11351,150,23.5,24.5
2026,D_dosetwin,adult#006,11357,95,9.0,12.0
2026,D_dosetwin,child#008,11369,60,6.5,7.5
2026,D_dosetwin,adolescent#002,11375,75,39.0,19.5
2026,D_dosetwin,adolescent#004,11379,70,9.0,5.0
2026,D_dosetwin,child#010,11382,45,2.5,4.5
2026,D_dosetwin,child#007,11384,40,8.5,6.0
2026,D_dosetwin,adult#007,11391,110,3.0,5.0
2026,D_dosetwin,adult#001,11394,70,13.0,6.5
2026,D_dosetwin,child#002,11400,45,2.0,2.0
2026,D_dosetwin,adolescent#001,11949,55,6.0,11.0
2026,D_dosetwin,child#008,11957,20,2.5,3.5
2026,D_dosetwin,adult#002,11969,45,10.5,9.0
2026,D_dosetwin,adolescent#008,11982,60,21.5,20.0
2026,D_dosetwin,adolescent#004,11989,45,4.0,3.0
2026,D_dosetwin,adolescent#006,11990,50,13.0,10.5
2026,D_dosetwin,adolescent#010,11992,35,7.5,4.0
2026,D_dosetwin,child#006,11996,50,2.0,5.5
2026,D_dosetwin,adolescent#003,11998,40,2.5,1.5
2026,D_dosetwin,adult#009,12000,35,11.0,5.5
2026,D_dosetwin,child#004,12000,50,1.0,4.0
2026,D_dosetwin,child#003,12001,40,0.5,2.0
2026,D_dosetwin,adolescent#002,12006,25,12.0,6.5
2026,D_dosetwin,adolescent#007,12012,40,12.0,6.5
2026,D_dosetwin,adult#001,12014,50,9.0,4.5
2026,D_dosetwin,adolescent#009,12019,50,5.0,3.0
2026,D_dosetwin,adult#003,12023,65,10.5,8.5
2026,D_dosetwin,adolescent#005,12028,30,5.0,5.5
2026,D_dosetwin,adult#004,12031,70,3.5,5.5
2026,D_dosetwin,child#005,12035,25,2.5,4.5
2026,D_dosetwin,adult#010,12037,115,23.0,24.5
2026,D_dosetwin,adult#007,12040,55,1.5,2.5
2026,D_dosetwin,child#009,12040,20,0.5,2.0
2026,D_dosetwin,adult#006,12054,55,9.5,7.5
2026,D_dosetwin,child#002,12061,25,2.0,2.5
2026,D_dosetwin,child#007,12064,15,2.0,2.0
2026,D_dosetwin,adult#005,12070,55,16.5,13.0
2026,D_dosetwin,adult#008,12075,70,10.0,6.5
2026,D_dosetwin,adult#004,12237,130,4.5,9.5
2026,D_dosetwin,adult#010,12273,90,17.0,17.5
2026,D_dosetwin,child#001,12275,65,1.5,1.5
2026,D_dosetwin,adult#007,12278,100,4.0,5.0
2026,D_dosetwin,child#002,12286,35,1.0,1.5
2026,D_dosetwin,adolescent#005,12294,115,7.0,7.5
2026,D_dosetwin,child#004,12296,20,0.5,1.0
2026,D_dosetwin,adolescent#002,12307,60,32.0,16.0
2026,D_dosetwin,adolescent#009,12315,65,5.5,2.5
2026,D_dosetwin,adult#001,12320,70,11.5,6.5
2026,D_dosetwin,adolescent#007,12324,35,10.0,5.0
2026,D_dosetwin,child#010,12329,25,1.5,2.0
2026,D_dosetwin,adolescent#010,12332,60,7.0,3.5
2026,D_dosetwin,adult#005,12337,105,18.5,19.5
2026,D_dosetwin,adult#006,12342,165,12.0,16.0
2026,D_dosetwin,child#003,12351,55,2.5,4.5
2026,D_dosetwin,adolescent#003,12354,55,2.5,2.0
2026,D_dosetwin,adolescent#001,12358,40,4.0,4.5
2026,D_dosetwin,child#007,12358,35,4.0,4.5
2026,D_dosetwin,adult#002,12367,55,9.0,7.0
2026,D_dosetwin,adolescent#008,12371,130,29.5,30.0
2026,D_dosetwin,child#009,12382,35,0.5,1.5
2026,D_dosetwin,adult#008,12386,65,6.5,4.0
2026,D_dosetwin,adult#009,12390,45,15.0,7.5
2026,D_dosetwin,child#008,12393,30,3.0,2.5
2026,D_dosetwin,adult#003,12394,110,14.5,10.0
2026,D_dosetwin,adolescent#004,12407,50,4.0,3.5
2026,D_dosetwin,child#006,12419,30,1.5,2.0
2026,D_dosetwin,child#005,12430,40,4.0,6.0
2026,D_dosetwin,child#008,12495,10,0.0,6.0
2026,D_dosetwin,adolescent#002,12579,15,10.0,5.0
2026,D_dosetwin,adult#009,12580,40,44.0,20.5
2026,D_dosetwin,child#009,12580,15,0.5,1.5
2026,D_dosetwin,adolescent#009,12584,35,4.0,1.5
2026,D_dosetwin,adult#003,12591,25,5.5,0.0
2026,D_dosetwin,child#004,12726,45,1.0,3.5
2026,D_dosetwin,adult#002,12737,60,14.5,8.5
2026,D_dosetwin,child#006,12744,25,1.5,2.0
2026,D_dosetwin,adolescent#010,12747,150,20.0,10.0
2026,D_dosetwin,adolescent#004,12749,80,4.0,2.5
2026,D_dosetwin,adult#003,12753,105,15.0,8.0
2026,D_dosetwin,child#008,12754,55,1.5,1.5
2026,D_dosetwin,child#001,12756,60,1.0,2.0
2026,D_dosetwin,adolescent#005,12765,65,7.5,4.5
2026,D_dosetwin,adolescent#009,12765,90,7.0,2.5
2026,D_dosetwin,adolescent#002,12770,40,24.0,10.5
2026,D_dosetwin,adult#006,12770,115,10.0,12.0
2026,D_dosetwin,child#003,12774,110,3.5,5.0
2026,D_dosetwin,child#005,12776,45,7.5,8.0
2026,D_dosetwin,adolescent#006,12777,60,15.0,12.0
2026,D_dosetwin,adolescent#007,12783,60,16.0,8.0
2026,D_dosetwin,adult#009,12784,105,34.0,10.5
2026,D_dosetwin,adult#004,12785,85,5.5,8.0
2026,D_dosetwin,adult#005,12788,165,25.5,32.0
2026,D_dosetwin,adult#010,12790,55,14.5,11.0
2026,D_dosetwin,child#009,12807,50,1.0,2.0
2026,D_dosetwin,adolescent#008,12813,100,34.0,33.0
2026,D_dosetwin,child#010,12813,70,3.0,5.0
2026,D_dosetwin,child#002,12815,60,2.5,3.0
2026,D_dosetwin,adolescent#001,12817,60,5.5,7.0
2026,D_dosetwin,adult#007,12839,100,4.5,4.5
2026,D_dosetwin,adult#008,12840,190,15.5,12.0
2026,D_dosetwin,child#007,12841,35,7.5,5.5
2026,D_dosetwin,adolescent#006,13383,65,16.0,12.5
2026,D_dosetwin,adolescent#004,13386,35,3.0,2.5
2026,D_dosetwin,adolescent#008,13392,40,18.0,14.0
2026,D_dosetwin,child#004,13404,30,1.0,3.0
2026,D_dosetwin,child#009,13409,30,0.5,1.0
2026,D_dosetwin,child#001,13414,30,1.0,1.0
2026,D_dosetwin,adult#002,13421,70,12.5,9.0
2026,D_dosetwin,adult#004,13424,75,3.5,6.0
2026,D_dosetwin,adolescent#010,13428,50,8.0,4.0
2026,D_dosetwin,child#005,13433,40,4.0,6.0
2026,D_dosetwin,adult#003,13441,65,10.5,8.0
2026,D_dosetwin,adult#008,13441,70,9.0,4.5
2026,D_dosetwin,adult#006,13445,70,7.0,7.0
2026,D_dosetwin,child#010,13445,20,2.0,2.0
2026,D_dosetwin,adolescent#002,13447,40,24.0,15.0
2026,D_dosetwin,adult#005,13447,35,13.5,9.0
2026,D_dosetwin,child#003,13447,30,0.0,1.5
2026,D_dosetwin,adult#007,13450,45,1.0,2.0
2026,D_dosetwin,child#008,13450,20,2.5,3.5
2026,D_dosetwin,adolescent#001,13456,70,6.0,8.0
2026,D_dosetwin,adolescent#007,13456,50,15.0,8.0
2026,D_dosetwin,adult#001,13461,30,6.0,3.5
2026,D_dosetwin,adolescent#003,13470,55,3.0,2.5
2026,D_dosetwin,child#002,13470,55,2.5,2.5
2026,D_dosetwin,adult#009,13483,40,22.0,10.5
2026,D_dosetwin,adolescent#009,13504,35,4.0,2.0
2026,D_dosetwin,adolescent#005,13524,30,5.5,3.5
2026,D_dosetwin,child#007,13531,20,4.0,2.5
2026,D_dosetwin,adolescent#008,13714,85,25.0,20.0
2026,D_dosetwin,adult#004,13714,65,3.0,5.0
2026,D_dosetwin,child#009,13714,50,1.0,2.0
2026,D_dosetwin,adolescent#005,13724,100,6.0,6.0
2026,D_dosetwin,child#010,13724,30,2.0,2.0
2026,D_dosetwin,adolescent#009,13738,35,3.0,1.0
2026,D_dosetwin,adolescent#003,13739,40,2.0,1.5
2026,D_dosetwin,adult#002,13740,60,6.0,7.5
2026,D_dosetwin,child#007,13741,20,5.0,2.0
2026,D_dosetwin,child#003,13744,35,0.0,2.5
2026,D_dosetwin,child#001,13753,60,1.5,2.5
2026,D_dosetwin,child#008,13755,45,4.0,3.5
2026,D_dosetwin,adult#003,13758,105,15.0,9.5
2026,D_dosetwin,adolescent#001,13760,100,6.0,8.0
2026,D_dosetwin,adolescent#006,13774,25,8.5,5.5
2026,D_dosetwin,child#004,13775,40,1.0,1.5
2026,D_dosetwin,adult#006,13787,120,10.0,11.5
2026,D_dosetwin,adolescent#002,13788,35,0.0,9.0
2026,D_dosetwin,child#006,13792,25,1.5,2.0
2026,D_dosetwin,adult#007,13794,145,3.5,6.5
2026,D_dosetwin,adult#005,13803,95,19.0,17.5
2026,D_dosetwin,adult#008,13806,85,10.0,5.5
2026,D_dosetwin,adult#001,13809,70,13.0,6.5
2026,D_dosetwin,child#002,13823,40,3.0,2.5
2026,D_dosetwin,adult#010,13828,100,19.5,19.5
2026,D_dosetwin,adolescent#007,13870,60,16.0,8.0
2026,D_dosetwin,child#005,13900,70,12.0,11.5
2026,D_dosetwin,child#001,13935,15,0.5,0.0
2026,D_dosetwin,child#006,13981,15,1.0,2.0
2026,D_dosetwin,child#008,13987,10,0.0,4.0
2026,D_dosetwin,adult#005,13993,20,3.5,0.0
2026,D_dosetwin,adult#006,13995,55,3.0,6.5
2026,D_dosetwin,adult#002,14007,15,1.5,4.0
2026,D_dosetwin,child#004,14017,10,0.5,1.5
2026,D_dosetwin,child#002,14051,10,0.0,0.5
2026,D_dosetwin,adolescent#009,14056,20,2.0,0.5
2026,D_dosetwin,adolescent#010,14138,75,10.0,4.5
2026,D_dosetwin,adolescent#003,14140,55,2.5,2.0
2026,D_dosetwin,adolescent#007,14155,35,11.0,8.5
2026,D_dosetwin,adult#007,14155,100,2.5,4.5
2026,D_dosetwin,child#010,14160,35,0.0,0.0
2026,D_dosetwin,child#009,14165,45,1.0,1.5
2026,D_dosetwin,child#001,14170,50,1.0,1.5
2026,D_dosetwin,adolescent#001,14183,75,5.5,6.0
2026,D_dosetwin,adult#005,14189,80,14.5,14.0
2026,D_dosetwin,adult#010,14203,125,24.5,24.5
2026,D_dosetwin,adolescent#005,14207,95,7.0,8.0
2026,D_dosetwin,adolescent#008,14209,125,29.5,29.0
2026,D_dosetwin,adolescent#006,14210,120,24.0,19.5
2026,D_dosetwin,adolescent#009,14212,40,3.5,1.0
2026,D_dosetwin,adult#003,14214,105,13.5,9.5
2026,D_dosetwin,adult#008,14220,45,6.0,3.0
2026,D_dosetwin,adult#006,14222,185,23.5,18.0
2026,D_dosetwin,adolescent#004,14229,65,8.5,4.5
2026,D_dosetwin,adult#004,14231,75,4.0,6.0
2026,D_dosetwin,adult#001,14233,125,22.0,11.5
2026,D_dosetwin,adult#002,14235,90,13.0,11.0
2026,D_dosetwin,child#008,14235,55,5.0,4.0
2026,D_dosetwin,child#007,14248,45,9.0,6.5
2026,D_dosetwin,adult#009,14256,120,39.0,19.5
2026,D_dosetwin,child#002,14263,50,2.0,2.5
2026,D_dosetwin,child#004,14264,35,1.0,1.5
2026,D_dosetwin,child#006,14271,30,1.5,2.0
2026,D_dosetwin,child#005,14280,25,4.0,4.0
2026,D_dosetwin,child#003,14856,45,0.5,2.0
2026,D_dosetwin,adolescent#006,14863,40,12.0,10.5
2026,D_dosetwin,adolescent#003,14870,35,2.5,2.0
2026,D_dosetwin,adolescent#007,14871,50,15.0,12.5
2026,D_dosetwin,child#002,14874,25,1.5,1.0
2026,D_dosetwin,adult#009,14875,40,0.0,6.5
2026,D_dosetwin,child#010,14875,20,2.0,3.5
2026,D_dosetwin,child#008,14880,20,2.5,2.0
2026,D_dosetwin,child#005,14881,15,0.5,2.5
2026,D_dosetwin,adult#008,14882,65,9.5,5.0
2026,D_dosetwin,adolescent#010,14884,30,5.0,2.5
2026,D_dosetwin,adolescent#008,14885,35,17.5,14.5
2026,D_dosetwin,adolescent#009,14887,55,5.5,3.0
2026,D_dosetwin,child#001,14888,25,1.0,1.0
2026,D_dosetwin,child#006,14889,20,1.0,2.0
2026,D_dosetwin,adult#004,14893,110,4.5,8.5
2026,D_dosetwin,child#009,14897,20,0.5,1.5
2026,D_dosetwin,adult#010,14901,40,18.5,16.0
2026,D_dosetwin,adolescent#001,14904,35,4.0,6.0
2026,D_dosetwin,adolescent#002,14905,60,34.0,17.0
2026,D_dosetwin,adult#006,14905,70,6.5,7.0
2026,D_dosetwin,adult#003,14909,50,9.5,9.5
2026,D_dosetwin,adult#002,14913,30,5.5,4.0
2026,D_dosetwin,adult#005,14922,65,17.0,15.0
2026,D_dosetwin,adult#007,14925,75,3.0,3.5
2026,D_dosetwin,adult#001,14941,30,6.0,3.0
2026,D_dosetwin,child#007,14942,25,6.0,5.0
2026,D_dosetwin,adolescent#004,14948,55,5.0,4.0
2026,D_dosetwin,adult#002,15123,70,10.0,8.0
2026,D_dosetwin,adolescent#001,15124,100,5.5,7.5
2026,D_dosetwin,adolescent#004,15126,35,2.5,1.5
2026,D_dosetwin,child#003,15154,80,2.5,5.0
2026,D_dosetwin,adolescent#009,15158,100,6.0,3.5
2026,D_dosetwin,child#004,15160,30,0.5,1.0
2026,D_dosetwin,adult#006,15176,75,0.0,7.5
2026,D_dosetwin,adolescent#007,15184,65,0.0,9.0
2026,D_dosetwin,child#006,15202,45,2.0,3.5
2026,D_dosetwin,adult#010,15216,100,21.0,19.5
2026,D_dosetwin,child#001,15217,80,1.5,2.5
2026,D_dosetwin,adult#007,15222,155,6.0,7.0
2026,D_dosetwin,adolescent#008,15231,150,34.0,35.0
2026,D_dosetwin,adult#009,15231,70,38.0,8.5
2026,D_dosetwin,adolescent#002,15235,80,42.0,21.0
2026,D_dosetwin,adult#004,15235,180,6.0,14.0
2026,D_dosetwin,adult#008,15239,95,10.0,6.0
2026,D_dosetwin,child#008,15241,70,6.0,6.0
2026,D_dosetwin,child#002,15249,40,2.0,2.0
2026,D_dosetwin,adult#003,15254,70,11.5,9.0
2026,D_dosetwin,child#007,15255,60,6.5,8.0
2026,D_dosetwin,child#005,15256,40,4.0,9.0
2026,D_dosetwin,adolescent#003,15260,40,2.5,1.5
2026,D_dosetwin,adult#001,15264,95,15.0,8.5
2026,D_dosetwin,adolescent#005,15275,70,7.5,6.0
2026,D_dosetwin,adult#005,15277,100,19.5,18.5
2026,D_dosetwin,child#009,15291,30,0.5,1.5
2026,D_dosetwin,child#005,15375,15,0.5,0.5
2026,D_dosetwin,adult#001,15427,20,0.0,1.0
2026,D_dosetwin,adolescent#005,15435,25,0.0,0.0
2026,D_dosetwin,adolescent#009,15437,15,0.0,0.5
2026,D_dosetwin,adolescent#004,15451,45,3.5,3.0
2026,D_dosetwin,adult#008,15486,40,5.5,2.5
2026,D_dosetwin,adult#004,15577,70,3.0,5.5
2026,D_dosetwin,child#002,15612,75,3.5,3.5
2026,D_dosetwin,adolescent#009,15617,65,5.5,2.5
2026,D_dosetwin,adult#006,15623,115,10.0,11.0
2026,D_dosetwin,adolescent#004,15629,75,5.0,4.0
2026,D_dosetwin,child#009,15629,25,0.5,1.0
2026,D_dosetwin,adult#008,15644,125,10.5,6.0
2026,D_dosetwin,child#001,15649,85,1.5,3.0
2026,D_dosetwin,child#005,15653,45,4.5,9.5
2026,D_dosetwin,adult#005,15657,115,21.0,21.5
2026,D_dosetwin,child#004,15660,30,1.0,2.0
2026,D_dosetwin,child#006,15660,105,3.5,7.0
2026,D_dosetwin,adolescent#005,15661,70,6.0,4.5
2026,D_dosetwin,adult#003,15662,70,11.0,6.5
2026,D_dosetwin,child#010,15664,155,4.5,11.0
2026,D_dosetwin,adolescent#002,15669,50,26.0,13.0
2026,D_dosetwin,adolescent#007,15671,115,29.5,20.0
2026,D_dosetwin,adolescent#001,15673,110,8.0,8.5
2026,D_dosetwin,adult#010,15674,145,26.0,28.5
2026,D_dosetwin,adolescent#003,15675,80,3.5,4.5
2026,D_dosetwin,adult#007,15675,100,3.0,4.5
2026,D_dosetwin,adolescent#008,15682,60,26.5,21.0
2026,D_dosetwin,child#007,15685,35,7.0,4.5
2026,D_dosetwin,child#008,15687,40,3.5,3.0
2026,D_dosetwin,adult#009,15696,65,29.0,14.5
2026,D_dosetwin,adult#002,15697,80,12.0,10.0
2026,D_dosetwin,adult#001,15700,85,13.5,8.0
2026,D_dosetwin,child#003,15721,60,2.0,2.5
2026,D_dosetwin,adolescent#010,15743,95,14.0,7.0
2026,D_dosetwin,adult#005,16264,60,16.0,13.0
2026,D_dosetwin,child#006,16294,40,1.5,3.0
2026,D_dosetwin,child#003,16295,25,0.0,1.0
2026,D_dosetwin,child#004,16295,30,0.5,1.5
2026,D_dosetwin,adult#007,16302,70,2.0,5.5
2026,D_dosetwin,adolescent#004,16309,55,5.5,5.0
2026,D_dosetwin,adolescent#007,16311,30,8.0,4.5
2026,D_dosetwin,adult#004,16312,120,5.0,9.5
2026,D_dosetwin,child#010,16313,25,2.0,3.5
2026,D_dosetwin,child#007,16315,25,2.5,3.5
2026,D_dosetwin,child#009,16319,40,0.5,1.5
2026,D_dosetwin,adolescent#002,16320,30,17.0,11.5
2026,D_dosetwin,adolescent#009,16321,35,4.5,3.0
2026,D_dosetwin,adult#010,16322,60,22.0,14.5
2026,D_dosetwin,adolescent#006,16327,35,10.5,8.5
2026,D_dosetwin,adolescent#008,16337,40,11.0,5.5
2026,D_dosetwin,adolescent#003,16340,35,2.0,1.5
2026,D_dosetwin,adult#002,16340,25,6.0,3.0
2026,D_dosetwin,child#002,16340,25,1.0,1.5
2026,D_dosetwin,adult#003,16341,45,8.0,5.5
2026,D_dosetwin,adolescent#010,16343,45,6.0,3.0
2026,D_dosetwin,child#008,16349,35,5.5,5.0
2026,D_dosetwin,adult#009,16359,90,0.0,15.0
2026,D_dosetwin,adult#001,16368,55,10.0,5.0
2026,D_dosetwin,adolescent#001,16381,25,4.0,6.5
2026,D_dosetwin,child#001,16385,45,1.5,2.5
2026,D_dosetwin,adult#008,16393,25,4.5,1.5
2026,D_dosetwin,adult#007,16608,145,3.5,8.0
2026,D_dosetwin,child#009,16616,35,0.5,1.5
2026,D_dosetwin,adolescent#005,16618,115,6.5,7.5
2026,D_dosetwin,adult#005,16620,115,21.5,21.5
2026,D_dosetwin,adult#010,16623,95,28.0,19.0
2026,D_dosetwin,adolescent#002,16633,65,0.0,17.0
2026,D_dosetwin,adolescent#007,16633,110,29.5,15.0
2026,D_dosetwin,adolescent#003,16637,130,4.0,5.0
2026,D_dosetwin,child#001,16643,65,1.5,2.5
2026,D_dosetwin,adult#001,16645,65,10.0,6.0
2026,D_dosetwin,adult#006,16651,80,8.0,9.5
2026,D_dosetwin,child#003,16653,50,1.5,1.5
2026,D_dosetwin,child#008,16654,45,3.5,3.5
2026,D_dosetwin,adolescent#009,16656,50,4.5,2.0
2026,D_dosetwin,adolescent#010,16665,90,11.0,5.5
2026,D_dosetwin,child#004,16666,30,0.5,1.0
2026,D_dosetwin,adult#003,16669,95,13.5,8.5
2026,D_dosetwin,adult#009,16671,75,60.0,16.5
2026,D_dosetwin,child#002,16671,50,2.0,4.0
2026,D_dosetwin,adolescent#001,16680,80,5.5,6.5
2026,D_dosetwin,adult#008,16685,85,9.0,5.5
2026,D_dosetwin,adolescent#004,16686,85,6.5,6.0
2026,D_dosetwin,child#006,16686,120,4.0,8.0
2026,D_dosetwin,child#007,16689,45,5.0,6.0
2026,D_dosetwin,child#005,16692,25,4.0,2.5
2026,D_dosetwin,adolescent#006,16699,35,13.0,6.5
2026,D_dosetwin,adolescent#008,16720,70,28.0,16.5
2026,D_dosetwin,adult#004,16728,65,4.5,6.0
2026,D_dosetwin,adolescent#005,16815,30,2.5,2.5
2026,D_dosetwin,child#005,16865,15,2.0,4.0
2026,D_dosetwin,adolescent#004,16890,15,0.5,1.5
2026,D_dosetwin,adult#003,16892,20,5.0,1.0
2026,D_dosetwin,adult#007,16892,25,0.5,3.0
2026,D_dosetwin,child#007,16900,20,1.5,2.0
2026,D_dosetwin,adolescent#002,16905,25,15.5,20.0
2026,D_dosetwin,adult#002,16906,35,10.0,16.5
2026,D_dosetwin,adult#001,16915,20,0.0,2.0
2026,D_dosetwin,adult#006,16916,35,2.0,5.5
2026,D_dosetwin,adolescent#008,16926,30,7.0,4.5
2026,D_dosetwin,adult#010,16933,40,14.5,8.0
2026,D_dosetwin,child#004,17000,30,1.0,0.0
2026,D_dosetwin,child#009,17000,25,0.5,1.0
2026,D_dosetwin,adult#006,17014,120,9.5,10.5
2026,D_dosetwin,child#002,17054,55,2.0,2.5
2026,D_dosetwin,adolescent#008,17061,70,0.0,13.0
2026,D_dosetwin,adult#005,17070,95,17.5,17.5
2026,D_dosetwin,child#007,17071,45,5.5,5.5
2026,D_dosetwin,child#001,17074,95,2.0,5.5
2026,D_dosetwin,adult#007,17077,115,3.0,7.5
2026,D_dosetwin,adolescent#004,17078,55,5.0,3.5
2026,D_dosetwin,adult#003,17080,95,14.0,7.5
2026,D_dosetwin,adolescent#006,17084,60,14.5,10.5
2026,D_dosetwin,child#005,17085,30,0.0,4.5
2026,D_dosetwin,adult#009,17086,70,23.0,11.5
2026,D_dosetwin,adult#002,17087,50,3.0,4.0
2026,D_dosetwin,adolescent#002,17099,40,0.0,7.5
2026,D_dosetwin,adolescent#009,17101,45,4.5,3.0
2026,D_dosetwin,adult#001,17112,50,9.0,4.5
2026,D_dosetwin,child#008,17114,30,5.0,4.5
2026,D_dosetwin,adolescent#001,17117,55,4.0,4.5
2026,D_dosetwin,adolescent#005,17119,105,7.5,7.5
2026,D_dosetwin,adult#008,17123,190,15.5,12.0
2026,D_dosetwin,child#010,17123,30,2.0,3.5
2026,D_dosetwin,child#006,17128,60,2.5,4.5
2026,D_dosetwin,adult#010,17149,115,31.0,21.0
2026,D_dosetwin,adolescent#007,17155,45,11.5,2.5
2026,D_dosetwin,adolescent#010,17162,65,8.0,4.0
2026,D_dosetwin,adult#004,17169,55,4.0,4.5
2026,D_dosetwin,child#003,17186,60,3.0,2.5
2026,D_dosetwin,child#007,17718,20,2.5,2.5
2026,D_dosetwin,child#004,17722,25,0.5,1.0
2026,D_dosetwin,adolescent#001,17735,35,4.5,6.5
2026,D_dosetwin,adolescent#010,17745,60,8.0,3.5
2026,D_dosetwin,adult#002,17748,35,8.5,6.0
2026,D_dosetwin,adult#009,17751,45,15.0,7.5
2026,D_dosetwin,adult#004,17753,30,2.5,2.5
2026,D_dosetwin,child#010,17753,15,1.5,3.5
2026,D_dosetwin,child#005,17757,20,2.0,3.5
2026,D_dosetwin,adolescent#008,17762,70,14.5,15.5
2026,D_dosetwin,child#003,17765,70,2.0,3.0
2026,D_dosetwin,adolescent#003,17767,35,2.5,2.5
2026,D_dosetwin,child#002,17776,25,1.0,1.0
2026,D_dosetwin,adult#008,17779,25,5.0,2.0
2026,D_dosetwin,adult#001,17786,35,6.0,3.0
2026,D_dosetwin,adult#010,17788,65,16.0,15.5
2026,D_dosetwin,adolescent#004,17789,75,9.5,5.0
2026,D_dosetwin,adolescent#007,17794,30,9.5,8.0
2026,D_dosetwin,adolescent#005,17795,60,6.0,7.5
2026,D_dosetwin,adult#006,17795,50,5.0,5.5
2026,D_dosetwin,child#008,17795,20,2.0,1.5
2026,D_dosetwin,adolescent#002,17801,50,28.0,14.0
2026,D_dosetwin,adolescent#006,17802,30,9.5,8.0
2026,D_dosetwin,adolescent#009,17803,30,5.0,2.5
2026,D_dosetwin,child#009,17809,25,0.5,1.0
2026,D_dosetwin,adult#005,17825,75,23.0,17.0
2026,D_dosetwin,adolescent#001,18024,55,4.0,4.5
2026,D_dosetwin,child#001,18029,65,1.5,2.0
2026,D_dosetwin,child#010,18038,40,2.5,3.0
2026,D_dosetwin,child#009,18053,50,1.0,2.0
2026,D_dosetwin,child#006,18054,50,1.5,2.5
2026,D_dosetwin,adolescent#006,18057,45,11.0,6.5
2026,D_dosetwin,adult#008,18061,40,6.0,3.0
2026,D_dosetwin,adult#006,18072,95,13.5,9.0
2026,D_dosetwin,adolescent#009,18077,105,7.0,4.0
2026,D_dosetwin,adolescent#005,18081,115,7.0,7.5
2026,D_dosetwin,adult#005,18082,185,25.0,34.5
2026,D_dosetwin,adolescent#008,18083,110,35.5,25.5
2026,D_dosetwin,child#003,18088,20,0.0,1.5
2026,D_dosetwin,adult#002,18089,50,7.0,6.0
2026,D_dosetwin,child#004,18089,30,0.5,1.5
2026,D_dosetwin,adult#010,18094,95,19.0,18.5
2026,D_dosetwin,adult#009,18099,55,18.0,9.0
2026,D_dosetwin,adult#007,18110,140,3.5,6.5
2026,D_dosetwin,adolescent#010,18111,40,9.0,4.5
2026,D_dosetwin,child#002,18113,65,2.5,3.0
2026,D_dosetwin,child#007,18113,35,3.5,4.5
2026,D_dosetwin,adolescent#003,18116,80,3.0,3.0
2026,D_dosetwin,adult#003,18121,110,0.0,8.5
2026,D_dosetwin,adolescent#002,18134,35,18.0,9.0
2026,D_dosetwin,adolescent#007,18137,100,30.0,14.0
2026,D_dosetwin,adolescent#004,18142,80,6.0,5.5
2026,D_dosetwin,adult#001,18149,55,10.0,5.0
2026,D_dosetwin,child#005,18166,80,7.0,12.5
2026,D_dosetwin,adult#004,18171,120,5.0,9.5
2026,D_dosetwin,adolescent#004,18304,25,2.0,3.0
2026,D_dosetwin,adult#010,18313,25,3.5,3.0
2026,D_dosetwin,adolescent#003,18324,15,0.5,1.0
2026,D_dosetwin,child#002,18335,10,0.0,0.5
2026,D_dosetwin,child#004,18364,5,0.5,1.5
2026,D_dosetwin,child#009,18469,45,1.0,1.5
2026,D_dosetwin,child#007,18485,35,4.5,5.0
2026,D_dosetwin,adolescent#005,18487,185,9.5,12.5
2026,D_dosetwin,adolescent#010,18489,55,8.0,4.0
2026,D_dosetwin,child#003,18498,25,0.0,1.0
2026,D_dosetwin,adolescent#001,18502,55,4.5,4.5
2026,D_dosetwin,child#010,18507,35,2.5,2.5
2026,D_dosetwin,adolescent#007,18510,40,13.5,11.0
2026,D_dosetwin,adolescent#008,18520,50,19.0,11.5
2026,D_dosetwin,child#008,18528,60,5.0,8.0
2026,D_dosetwin,child#001,18530,35,1.0,2.5
2026,D_dosetwin,adolescent#002,18532,45,24.0,12.0
2026,D_dosetwin,adult#007,18532,140,3.5,7.5
2026,D_dosetwin,adult#008,18537,140,13.5,9.5
2026,D_dosetwin,adult#001,18545,155,19.5,15.5
2026,D_dosetwin,adult#002,18545,105,17.0,18.5
2026,D_dosetwin,adolescent#003,18550,60,4.0,2.5
2026,D_dosetwin,child#005,18557,75,12.5,12.5
2026,D_dosetwin,child#004,18568,35,1.0,1.5
2026,D_dosetwin,adult#005,18577,110,20.5,20.5
2026,D_dosetwin,adult#004,18590,95,0.0,7.5
2026,D_dosetwin,child#006,18594,60,2.0,4.5
2026,D_dosetwin,adult#010,18595,120,22.5,23.5
2026,D_dosetwin,adolescent#004,18628,70,5.5,5.0
2026,D_dosetwin,adult#003,18643,120,26.0,13.0
2026,D_dosetwin,adolescent#006,19160,50,13.5,12.5
2026,D_dosetwin,child#002,19165,20,0.5,1.5
2026,D_dosetwin,child#004,19177,30,1.0,2.0
2026,D_dosetwin,adolescent#003,19178,45,2.5,2.0
2026,D_dosetwin,adolescent#005,19181,80,6.5,6.5
2026,D_dosetwin,adolescent#002,19194,50,30.5,16.0
2026,D_dosetwin,child#005,19197,45,4.5,8.0
2026,D_dosetwin,adolescent#008,19198,50,20.0,18.0
2026,D_dosetwin,adolescent#010,19200,35,4.0,2.5
2026,D_dosetwin,adolescent#001,19206,40,6.5,12.0
2026,D_dosetwin,adult#009,19207,50,36.0,23.0
2026,D_dosetwin,child#007,19207,45,5.5,6.5
2026,D_dosetwin,adolescent#009,19208,20,3.0,1.0
2026,D_dosetwin,adult#004,19208,60,3.5,4.5
2026,D_dosetwin,child#003,19209,45,0.5,2.0
2026,D_dosetwin,child#008,19210,10,1.5,2.5
2026,D_dosetwin,adult#008,19211,50,8.0,4.0
2026,D_dosetwin,adult#001,19215,60,11.0,5.5
2026,D_dosetwin,child#009,19216,15,0.5,0.5
2026,D_dosetwin,child#006,19219,15,1.0,1.5
2026,D_dosetwin,adult#005,19224,90,20.0,18.0
2026,D_dosetwin,child#010,19228,20,2.0,4.0
2026,D_dosetwin,adult#003,19230,60,10.5,9.0
2026,D_dosetwin,adult#006,19230,50,4.5,5.0
2026,D_dosetwin,adolescent#007,19246,35,10.0,5.0
2026,D_dosetwin,adult#002,19255,20,3.0,2.5
2026,D_dosetwin,adolescent#004,19262,55,5.0,4.0
2026,D_dosetwin,child#001,19279,30,1.5,1.5
2026,D_dosetwin,child#007,19433,50,6.0,6.5
2026,D_dosetwin,adolescent#009,19451,65,5.0,2.5
2026,D_dosetwin,child#006,19473,45,2.0,3.0
2026,D_dosetwin,adult#006,19481,80,7.0,10.0
2026,D_dosetwin,child#004,19498,50,1.5,2.5
2026,D_dosetwin,child#010,19505,50,2.5,4.5
2026,D_dosetwin,adolescent#010,19508,60,7.0,3.5
2026,D_dosetwin,adult#005,19508,130,22.0,24.0
2026,D_dosetwin,adolescent#001,19515,60,7.0,5.0
2026,D_dosetwin,adolescent#003,19520,65,2.5,2.5
2026,D_dosetwin,adolescent#008,19521,135,29.5,31.5
2026,D_dosetwin,adult#009,19522,60,20.0,10.0
2026,D_dosetwin,adult#008,19535,45,6.0,3.0
2026,D_dosetwin,child#008,19542,40,0.5,0.5
2026,D_dosetwin,adolescent#004,19543,55,4.0,4.0
2026,D_dosetwin,adolescent#005,19546,105,7.0,7.0
2026,D_dosetwin,child#009,19549,30,1.0,1.0
2026,D_dosetwin,adult#004,19559,130,5.0,10.0
2026,D_dosetwin,adult#010,19561,100,19.5,19.5
2026,D_dosetwin,adult#003,19565,95,14.5,9.0
2026,D_dosetwin,child#002,19573,35,1.5,1.5
2026,D_dosetwin,child#003,19573,65,1.5,3.0
2026,D_dosetwin,adolescent#006,19579,80,25.0,14.0
2026,D_dosetwin,adult#001,19582,40,7.0,3.5
2026,D_dosetwin,child#005,19589,115,20.0,18.0
2026,D_dosetwin,adolescent#002,19598,70,44.0,21.5
2026,D_dosetwin,adult#007,19600,90,4.0,4.0
2026,D_dosetwin,adolescent#007,19602,80,22.0,11.0
2026,D_dosetwin,adult#002,19619,45,8.0,5.5
2026,D_dosetwin,adult#005,19716,40,8.5,4.5
2026,D_dosetwin,adult#010,19728,50,10.5,8.0
2026,D_dosetwin,adolescent#002,19755,10,8.0,0.0
2026,D_dosetwin,child#005,19791,15,0.0,0.0
2026,D_dosetwin,child#003,19802,20,0.0,3.5
2026,D_dosetwin,adult#001,19809,35,6.5,4.5
2026,D_dosetwin,child#002,19813,15,0.5,2.5
2026,D_dosetwin,adult#001,19888,115,10.5,7.5
2026,D_dosetwin,adolescent#006,19931,45,7.5,2.5
2026,D_dosetwin,adolescent#010,19937,80,13.0,6.5
2026,D_dosetwin,adult#007,19940,75,2.0,4.0
2026,D_dosetwin,adolescent#009,19949,55,5.0,2.0
2026,D_dosetwin,adult#005,19949,85,24.0,15.5
2026,D_dosetwin,adult#010,19955,165,28.5,32.0
2026,D_dosetwin,adolescent#007,19960,45,12.0,6.0
2026,D_dosetwin,adult#003,19963,65,11.5,6.0
2026,D_dosetwin,adult#009,19963,145,48.0,24.0
2026,D_dosetwin,child#008,19968,40,3.0,4.0
2026,D_dosetwin,child#007,19976,35,3.5,4.5
2026,D_dosetwin,adolescent#005,19985,100,7.5,9.0
2026,D_dosetwin,adult#008,19986,85,11.0,5.5
2026,D_dosetwin,child#010,19993,55,3.0,6.5
2026,D_dosetwin,adolescent#008,19994,70,28.5,20.0
2026,D_dosetwin,adolescent#002,19995,45,0.0,12.0
2026,D_dosetwin,child#001,19996,35,0.5,1.0
2026,D_dosetwin,adult#004,19999,130,5.0,10.5
2026,D_dosetwin,adolescent#004,20011,60,5.0,4.0
2026,D_dosetwin,child#004,20017,45,1.0,1.5
2026,D_dosetwin,child#009,20017,40,1.0,1.5
2026,D_dosetwin,child#002,20020,85,3.5,4.0
2026,D_dosetwin,adolescent#001,20021,85,7.0,9.0
2026,D_dosetwin,child#005,20021,60,6.0,11.0
2026,D_dosetwin,child#006,20021,55,2.0,3.5
2026,D_dosetwin,adult#006,20028,145,12.5,16.0
2026,D_dosetwin,adolescent#003,20042,25,2.5,1.0
2026,E_dosetwin_population_prior,adult#006,10513,115,11.5,11.0
2026,E_dosetwin_population_prior,adult#008,10517,50,8.0,5.0
2026,E_dosetwin_population_prior,child#005,10526,55,6.5,8.5
2026,E_dosetwin_population_prior,child#001,10527,20,1.0,1.0
2026,E_dosetwin_population_prior,adolescent#004,10528,75,9.5,5.5
2026,E_dosetwin_population_prior,adolescent#002,10532,30,12.5,12.0
2026,E_dosetwin_population_prior,adolescent#007,10533,30,15.0,11.5
2026,E_dosetwin_population_prior,child#006,10539,15,1.5,2.5
2026,E_dosetwin_population_prior,adult#010,10541,45,14.5,15.5
2026,E_dosetwin_population_prior,adult#005,10545,60,15.0,11.5
2026,E_dosetwin_population_prior,child#007,10546,20,3.0,4.0
2026,E_dosetwin_population_prior,adult#003,10548,45,10.0,8.0
2026,E_dosetwin_population_prior,child#003,10559,20,2.0,1.0
2026,E_dosetwin_population_prior,child#010,10560,20,4.0,2.0
2026,E_dosetwin_population_prior,adolescent#006,10562,30,9.5,6.5
2026,E_dosetwin_population_prior,adult#001,10562,35,6.0,3.0
2026,E_dosetwin_population_prior,child#002,10564,35,2.5,1.5
2026,E_dosetwin_population_prior,adolescent#009,10567,60,5.0,3.0
2026,E_dosetwin_population_prior,adolescent#003,10572,25,2.5,1.0
2026,E_dosetwin_population_prior,adolescent#008,10572,45,21.5,16.5
2026,E_dosetwin_population_prior,adolescent#010,10579,45,6.0,5.0
2026,E_dosetwin_population_prior,adult#009,10581,65,26.0,11.0
2026,E_dosetwin_population_prior,child#008,10583,25,7.5,4.0
2026,E_dosetwin_population_prior,adult#002,10585,45,10.0,7.0
2026,E_dosetwin_population_prior,child#004,10599,35,2.0,3.0
2026,E_dosetwin_population_prior,adolescent#005,10602,55,7.0,7.0
2026,E_dosetwin_population_prior,adult#007,10607,100,6.0,4.5
2026,E_dosetwin_population_prior,child#009,10659,15,1.5,1.5
2026,E_dosetwin_population_prior,child#002,10807,60,3.5,3.0
2026,E_dosetwin_population_prior,adult#002,10851,50,10.0,6.0
2026,E_dosetwin_population_prior,child#005,10852,40,5.5,6.0
2026,E_dosetwin_population_prior,adult#001,10870,65,10.5,6.0
2026,E_dosetwin_population_prior,child#006,10870,55,3.5,3.5
2026,E_dosetwin_population_prior,child#004,10875,35,1.5,1.5
2026,E_dosetwin_population_prior,child#001,10877,40,2.0,1.5
2026,E_dosetwin_population_prior,child#007,10877,35,4.0,6.0
2026,E_dosetwin_population_prior,child#008,10885,25,5.0,2.0
2026,E_dosetwin_population_prior,child#009,10887,20,1.5,0.5
2026,E_dosetwin_population_prior,adolescent#005,10903,90,8.5,6.5
2026,E_dosetwin_population_prior,adult#007,10904,105,4.5,5.0
2026,E_dosetwin_population_prior,adult#008,10906,80,11.0,5.0
2026,E_dosetwin_population_prior,adolescent#010,10907,45,6.0,3.5
2026,E_dosetwin_population_prior,adolescent#002,10909,40,16.0,10.5
2026,E_dosetwin_population_prior,adolescent#009,10914,65,5.5,2.5
2026,E_dosetwin_population_prior,adult#004,10914,80,3.0,6.5
2026,E_dosetwin_population_prior,adolescent#003,10916,60,3.5,2.0
2026,E_dosetwin_population_prior,adult#005,10921,75,17.0,14.0
2026,E_dosetwin_population_prior,adult#003,10929,60,11.0,6.0
2026,E_dosetwin_population_prior,adolescent#007,10935,40,11.0,5.5
2026,E_dosetwin_population_prior,adult#006,10943,120,15.5,13.0
2026,E_dosetwin_population_prior,adolescent#008,10945,100,39.0,25.0
2026,E_dosetwin_population_prior,adult#010,10945,110,23.5,21.5
2026,E_dosetwin_population_prior,child#003,10948,40,3.0,2.0
2026,E_dosetwin_population_prior,adolescent#001,10976,45,8.5,10.5
2026,E_dosetwin_population_prior,child#010,10977,35,5.5,4.0
2026,E_dosetwin_population_prior,adolescent#010,11055,20,3.0,0.0
2026,E_dosetwin_population_prior,adult#008,11072,30,3.5,0.0
2026,E_dosetwin_population_prior,adolescent#004,11075,15,0.0,3.0
2026,E_dosetwin_population_prior,child#010,11077,10,1.0,0.0
2026,E_dosetwin_population_prior,adolescent#001,11112,15,0.0,0.0
2026,E_dosetwin_population_prior,adolescent#002,11142,15,8.5,8.0
2026,E_dosetwin_population_prior,child#007,11147,10,1.5,2.5
2026,E_dosetwin_population_prior,adult#006,11149,50,7.5,2.5
2026,E_dosetwin_population_prior,adolescent#009,11158,15,3.0,0.5
2026,E_dosetwin_population_prior,child#005,11176,10,3.0,1.5
2026,E_dosetwin_population_prior,child#009,11287,60,2.5,2.0
2026,E_dosetwin_population_prior,adolescent#006,11289,125,20.0,21.0
2026,E_dosetwin_population_prior,adolescent#008,11306,165,42.5,38.5
2026,E_dosetwin_population_prior,child#005,11306,55,7.5,7.0
2026,E_dosetwin_population_prior,child#006,11311,40,3.0,2.5
2026,E_dosetwin_population_prior,child#004,11312,65,2.5,3.5
2026,E_dosetwin_population_prior,adult#003,11317,80,12.5,8.5
2026,E_dosetwin_population_prior,adolescent#001,11323,100,10.0,8.0
2026,E_dosetwin_population_prior,adult#002,11323,70,12.5,9.0
2026,E_dosetwin_population_prior,adolescent#010,11325,70,8.0,4.0
2026,E_dosetwin_population_prior,adolescent#003,11327,30,2.5,1.0
2026,E_dosetwin_population_prior,child#001,11328,40,2.0,1.5
2026,E_dosetwin_population_prior,adult#005,11329,120,22.0,22.0
2026,E_dosetwin_population_prior,adult#008,11329,55,7.0,3.5
2026,E_dosetwin_population_prior,child#003,11333,80,4.5,4.0
2026,E_dosetwin_population_prior,adolescent#005,11334,40,6.0,4.5
2026,E_dosetwin_population_prior,adult#004,11347,90,3.5,7.0
2026,E_dosetwin_population_prior,adult#009,11347,60,20.0,7.5
2026,E_dosetwin_population_prior,adult#010,11351,150,26.0,25.0
2026,E_dosetwin_population_prior,adult#006,11357,95,10.5,8.0
2026,E_dosetwin_population_prior,child#008,11369,60,11.0,7.0
2026,E_dosetwin_population_prior,adolescent#002,11375,75,19.0,19.5
2026,E_dosetwin_population_prior,adolescent#004,11379,70,9.0,5.0
2026,E_dosetwin_population_prior,child#010,11382,45,6.0,4.0
2026,E_dosetwin_population_prior,child#007,11384,40,6.0,6.5
2026,E_dosetwin_population_prior,adult#007,11391,110,5.0,5.0
2026,E_dosetwin_population_prior,adult#001,11394,70,14.0,6.5
2026,E_dosetwin_population_prior,child#002,11400,45,3.0,2.0
2026,E_dosetwin_population_prior,adolescent#001,11949,55,7.5,11.0
2026,E_dosetwin_population_prior,child#008,11957,20,4.5,1.5
2026,E_dosetwin_population_prior,adult#002,11969,45,10.0,7.5
2026,E_dosetwin_population_prior,adolescent#008,11982,60,24.5,18.5
2026,E_dosetwin_population_prior,adolescent#004,11989,45,6.0,3.0
2026,E_dosetwin_population_prior,adolescent#006,11990,50,12.0,10.5
2026,E_dosetwin_population_prior,adolescent#010,11992,35,5.5,4.0
2026,E_dosetwin_population_prior,child#006,11996,50,3.5,4.5
2026,E_dosetwin_population_prior,adolescent#003,11998,40,3.0,1.5
2026,E_dosetwin_population_prior,adult#009,12000,35,11.0,5.5
2026,E_dosetwin_population_prior,child#004,12000,50,2.0,3.0
2026,E_dosetwin_population_prior,child#003,12001,40,3.0,2.0
2026,E_dosetwin_population_prior,adolescent#002,12006,25,11.5,6.5
2026,E_dosetwin_population_prior,adolescent#007,12012,40,16.5,10.0
2026,E_dosetwin_population_prior,adult#001,12014,50,9.0,4.5
2026,E_dosetwin_population_prior,adolescent#009,12019,50,5.0,3.0
2026,E_dosetwin_population_prior,adult#003,12023,65,11.5,8.5
2026,E_dosetwin_population_prior,adolescent#005,12028,30,5.5,5.0
2026,E_dosetwin_population_prior,adult#004,12031,70,3.0,6.0
2026,E_dosetwin_population_prior,child#005,12035,25,4.5,4.0
2026,E_dosetwin_population_prior,adult#010,12037,115,24.0,25.0
2026,E_dosetwin_population_prior,adult#007,12040,55,3.5,2.5
2026,E_dosetwin_population_prior,child#009,12040,20,1.5,2.0
2026,E_dosetwin_population_prior,adult#006,12054,55,10.0,8.0
2026,E_dosetwin_population_prior,child#002,12061,25,3.0,2.0
2026,E_dosetwin_population_prior,child#007,12064,15,2.5,2.0
2026,E_dosetwin_population_prior,adult#005,12070,55,14.5,13.0
2026,E_dosetwin_population_prior,adult#008,12075,70,9.0,7.5
2026,E_dosetwin_population_prior,adult#004,12237,130,4.0,9.5
2026,E_dosetwin_population_prior,adult#010,12273,90,20.5,17.0
2026,E_dosetwin_population_prior,child#001,12275,65,1.0,2.5
2026,E_dosetwin_population_prior,adult#007,12278,100,6.0,4.5
2026,E_dosetwin_population_prior,child#002,12286,35,2.5,1.5
2026,E_dosetwin_population_prior,adolescent#005,12294,115,9.5,7.5
2026,E_dosetwin_population_prior,child#004,12296,20,1.5,1.0
2026,E_dosetwin_population_prior,adolescent#002,12307,60,17.0,16.0
2026,E_dosetwin_population_prior,adolescent#009,12315,65,5.5,2.5
2026,E_dosetwin_population_prior,adult#001,12320,70,11.0,6.5
2026,E_dosetwin_population_prior,adolescent#007,12324,35,10.0,5.0
2026,E_dosetwin_population_prior,child#010,12329,25,4.5,1.5
2026,E_dosetwin_population_prior,adolescent#010,12332,60,8.0,4.0
2026,E_dosetwin_population_prior,adult#005,12337,105,20.0,19.5
2026,E_dosetwin_population_prior,adult#006,12342,165,14.5,16.0
2026,E_dosetwin_population_prior,child#003,12351,55,4.5,3.0
2026,E_dosetwin_population_prior,adolescent#003,12354,55,3.5,2.0
2026,E_dosetwin_population_prior,adolescent#001,12358,40,6.0,3.0
2026,E_dosetwin_population_prior,child#007,12358,35,4.0,4.5
2026,E_dosetwin_population_prior,adult#002,12367,55,11.0,7.0
2026,E_dosetwin_population_prior,adolescent#008,12371,130,36.0,30.0
2026,E_dosetwin_population_prior,child#009,12382,35,1.5,1.5
2026,E_dosetwin_population_prior,adult#008,12386,65,8.0,4.0
2026,E_dosetwin_population_prior,adult#009,12390,45,15.0,7.5
2026,E_dosetwin_population_prior,child#008,12393,30,6.0,3.5
2026,E_dosetwin_population_prior,adult#003,12394,110,14.0,10.0
2026,E_dosetwin_population_prior,adolescent#004,12407,50,7.0,3.5
2026,E_dosetwin_population_prior,child#006,12419,30,2.5,2.0
2026,E_dosetwin_population_prior,child#005,12430,40,5.5,7.5
2026,E_dosetwin_population_prior,child#008,12495,10,2.5,2.0
2026,E_dosetwin_population_prior,adolescent#002,12579,15,9.0,7.5
2026,E_dosetwin_population_prior,adult#009,12580,40,20.5,20.5
2026,E_dosetwin_population_prior,child#009,12580,15,0.5,0.5
2026,E_dosetwin_population_prior,adolescent#009,12584,35,4.5,1.5
2026,E_dosetwin_population_prior,adult#003,12591,25,5.5,0.0
2026,E_dosetwin_population_prior,child#004,12726,45,2.0,3.0
2026,E_dosetwin_population_prior,adult#002,12737,60,14.5,7.5
2026,E_dosetwin_population_prior,child#006,12744,25,2.0,1.5
2026,E_dosetwin_population_prior,adolescent#010,12747,150,10.5,9.0
2026,E_dosetwin_population_prior,adolescent#004,12749,80,8.0,6.0
2026,E_dosetwin_population_prior,adult#003,12753,105,13.5,8.0
2026,E_dosetwin_population_prior,child#008,12754,55,9.0,4.5
2026,E_dosetwin_population_prior,child#001,12756,60,2.5,2.0
2026,E_dosetwin_population_prior,adolescent#005,12765,65,9.0,4.5
2026,E_dosetwin_population_prior,adolescent#009,12765,90,7.0,2.0
2026,E_dosetwin_population_prior,adolescent#002,12770,40,13.0,9.0
2026,E_dosetwin_population_prior,adult#006,12770,115,11.5,12.0
2026,E_dosetwin_population_prior,child#003,12774,110,5.5,5.0
2026,E_dosetwin_population_prior,child#005,12776,45,8.0,7.0
2026,E_dosetwin_population_prior,adolescent#006,12777,60,13.0,12.0
2026,E_dosetwin_population_prior,adolescent#007,12783,60,19.5,11.0
2026,E_dosetwin_population_prior,adult#009,12784,105,26.0,14.0
2026,E_dosetwin_population_prior,adult#004,12785,85,4.5,7.5
2026,E_dosetwin_population_prior,adult#005,12788,165,27.0,33.5
2026,E_dosetwin_population_prior,adult#010,12790,55,16.0,12.5
2026,E_dosetwin_population_prior,child#009,12807,50,2.0,2.0
2026,E_dosetwin_population_prior,adolescent#008,12813,100,39.5,31.0
2026,E_dosetwin_population_prior,child#010,12813,70,7.5,8.5
2026,E_dosetwin_population_prior,child#002,12815,60,3.5,3.0
2026,E_dosetwin_population_prior,adolescent#001,12817,60,7.5,5.5
2026,E_dosetwin_population_prior,adult#007,12839,100,6.5,4.5
2026,E_dosetwin_population_prior,adult#008,12840,190,14.0,12.0
2026,E_dosetwin_population_prior,child#007,12841,35,5.5,6.5
2026,E_dosetwin_population_prior,adolescent#006,13383,65,14.0,12.5
2026,E_dosetwin_population_prior,adolescent#004,13386,35,5.5,2.5
2026,E_dosetwin_population_prior,adolescent#008,13392,40,20.5,13.5
2026,E_dosetwin_population_prior,child#004,13404,30,1.5,2.0
2026,E_dosetwin_population_prior,child#009,13409,30,1.5,1.0
2026,E_dosetwin_population_prior,child#001,13414,30,1.5,1.5
2026,E_dosetwin_population_prior,adult#002,13421,70,12.5,9.5
2026,E_dosetwin_population_prior,adult#004,13424,75,3.0,6.0
2026,E_dosetwin_population_prior,adolescent#010,13428,50,6.0,4.0
2026,E_dosetwin_population_prior,child#005,13433,40,5.5,6.0
2026,E_dosetwin_population_prior,adult#003,13441,65,11.5,9.5
2026,E_dosetwin_population_prior,adult#008,13441,70,9.0,4.5
2026,E_dosetwin_population_prior,adult#006,13445,70,9.0,7.0
2026,E_dosetwin_population_prior,child#010,13445,20,4.0,3.5
2026,E_dosetwin_population_prior,adolescent#002,13447,40,14.0,11.5
2026,E_dosetwin_population_prior,adult#005,13447,35,11.5,10.5
2026,E_dosetwin_population_prior,child#003,13447,30,2.5,1.5
2026,E_dosetwin_population_prior,adult#007,13450,45,2.5,2.5
2026,E_dosetwin_population_prior,child#008,13450,20,5.0,2.0
2026,E_dosetwin_population_prior,adolescent#001,13456,70,8.0,7.5
2026,E_dosetwin_population_prior,adolescent#007,13456,50,14.0,7.5
2026,E_dosetwin_population_prior,adult#001,13461,30,6.0,3.5
2026,E_dosetwin_population_prior,adolescent#003,13470,55,3.5,2.0
2026,E_dosetwin_population_prior,child#002,13470,55,3.5,2.5
2026,E_dosetwin_population_prior,adult#009,13483,40,13.0,6.5
2026,E_dosetwin_population_prior,adolescent#009,13504,35,4.0,2.0
2026,E_dosetwin_population_prior,adolescent#005,13524,30,6.5,3.0
2026,E_dosetwin_population_prior,child#007,13531,20,4.0,3.0
2026,E_dosetwin_population_prior,adolescent#008,13714,85,28.5,20.0
2026,E_dosetwin_population_prior,adult#004,13714,65,3.0,5.0
2026,E_dosetwin_population_prior,child#009,13714,50,2.0,2.0
2026,E_dosetwin_population_prior,adolescent#005,13724,100,9.0,5.5
2026,E_dosetwin_population_prior,child#010,13724,30,5.0,2.0
2026,E_dosetwin_population_prior,adolescent#009,13738,35,4.0,1.0
2026,E_dosetwin_population_prior,adolescent#003,13739,40,3.0,1.5
2026,E_dosetwin_population_prior,adult#002,13740,60,11.0,7.5
2026,E_dosetwin_population_prior,child#007,13741,20,3.5,2.5
2026,E_dosetwin_population_prior,child#003,13744,35,2.5,1.5
2026,E_dosetwin_population_prior,child#001,13753,60,2.5,2.5
2026,E_dosetwin_population_prior,child#008,13755,45,8.5,5.0
2026,E_dosetwin_population_prior,adult#003,13758,105,14.0,9.5
2026,E_dosetwin_population_prior,adolescent#001,13760,100,9.5,8.0
2026,E_dosetwin_population_prior,adolescent#006,13774,25,8.0,4.5
2026,E_dosetwin_population_prior,child#004,13775,40,2.0,2.0
2026,E_dosetwin_population_prior,adult#006,13787,120,12.5,11.5
2026,E_dosetwin_population_prior,adolescent#002,13788,35,13.0,9.0
2026,E_dosetwin_population_prior,child#006,13792,25,3.0,2.0
2026,E_dosetwin_population_prior,adult#007,13794,145,6.0,6.5
2026,E_dosetwin_population_prior,adult#005,13803,95,19.5,19.0
2026,E_dosetwin_population_prior,adult#008,13806,85,10.0,5.5
2026,E_dosetwin_population_prior,adult#001,13809,70,13.5,6.5
2026,E_dosetwin_population_prior,child#002,13823,40,3.5,3.0
2026,E_dosetwin_population_prior,adult#010,13828,100,22.0,19.5
2026,E_dosetwin_population_prior,adolescent#007,13870,60,16.0,8.0
2026,E_dosetwin_population_prior,child#005,13900,70,10.5,11.5
2026,E_dosetwin_population_prior,child#001,13935,15,0.0,0.0
2026,E_dosetwin_population_prior,child#006,13981,15,1.0,0.5
2026,E_dosetwin_population_prior,child#008,13987,10,4.0,1.5
2026,E_dosetwin_population_prior,adult#005,13993,20,5.5,0.0
2026,E_dosetwin_population_prior,adult#006,13995,55,6.5,6.5
2026,E_dosetwin_population_prior,adult#002,14007,15,3.5,2.0
2026,E_dosetwin_population_prior,child#004,14017,10,1.0,0.5
2026,E_dosetwin_population_prior,child#002,14051,10,1.0,0.5
2026,E_dosetwin_population_prior,adolescent#009,14056,20,3.5,0.5
2026,E_dosetwin_population_prior,adolescent#010,14138,75,7.0,6.0
2026,E_dosetwin_population_prior,adolescent#003,14140,55,3.5,2.0
2026,E_dosetwin_population_prior,adolescent#007,14155,35,15.5,9.0
2026,E_dosetwin_population_prior,adult#007,14155,100,4.5,4.5
2026,E_dosetwin_population_prior,child#010,14160,35,1.5,0.0
2026,E_dosetwin_population_prior,child#009,14165,45,2.0,2.0
2026,E_dosetwin_population_prior,child#001,14170,50,2.0,2.5
2026,E_dosetwin_population_prior,adolescent#001,14183,75,8.5,6.0
2026,E_dosetwin_population_prior,adult#005,14189,80,18.5,14.0
2026,E_dosetwin_population_prior,adult#010,14203,125,0.0,24.5
2026,E_dosetwin_population_prior,adolescent#005,14207,95,9.0,8.0
2026,E_dosetwin_population_prior,adolescent#008,14209,125,36.0,29.0
2026,E_dosetwin_population_prior,adolescent#006,14210,120,19.5,19.5
2026,E_dosetwin_population_prior,adolescent#009,14212,40,4.0,0.0
2026,E_dosetwin_population_prior,adult#003,14214,105,14.0,9.5
2026,E_dosetwin_population_prior,adult#008,14220,45,6.0,3.0
2026,E_dosetwin_population_prior,adult#006,14222,185,20.5,17.5
2026,E_dosetwin_population_prior,adolescent#004,14229,65,9.0,4.5
2026,E_dosetwin_population_prior,adult#004,14231,75,3.0,6.0
2026,E_dosetwin_population_prior,adult#001,14233,125,18.0,11.5
2026,E_dosetwin_population_prior,adult#002,14235,90,14.0,11.0
2026,E_dosetwin_population_prior,child#008,14235,55,8.5,4.5
2026,E_dosetwin_population_prior,child#007,14248,45,6.5,6.0
2026,E_dosetwin_population_prior,adult#009,14256,120,38.0,19.5
2026,E_dosetwin_population_prior,child#002,14263,50,0.0,2.0
2026,E_dosetwin_population_prior,child#004,14264,35,2.0,1.5
2026,E_dosetwin_population_prior,child#006,14271,30,2.5,2.0
2026,E_dosetwin_population_prior,child#005,14280,25,5.5,5.0
2026,E_dosetwin_population_prior,child#003,14856,45,3.5,2.0
2026,E_dosetwin_population_prior,adolescent#006,14863,40,11.0,10.5
2026,E_dosetwin_population_prior,adolescent#003,14870,35,3.0,2.5
2026,E_dosetwin_population_prior,adolescent#007,14871,50,18.0,11.0
2026,E_dosetwin_population_prior,child#002,14874,25,2.0,1.0
2026,E_dosetwin_population_prior,adult#009,14875,40,0.0,6.5
2026,E_dosetwin_population_prior,child#010,14875,20,4.0,3.5
2026,E_dosetwin_population_prior,child#008,14880,20,4.5,1.5
2026,E_dosetwin_population_prior,child#005,14881,15,3.0,3.5
2026,E_dosetwin_population_prior,adult#008,14882,65,9.0,5.0
2026,E_dosetwin_population_prior,adolescent#010,14884,30,5.0,2.5
2026,E_dosetwin_population_prior,adolescent#008,14885,35,19.0,13.5
2026,E_dosetwin_population_prior,adolescent#009,14887,55,5.0,2.5
2026,E_dosetwin_population_prior,child#001,14888,25,1.5,1.0
2026,E_dosetwin_population_prior,child#006,14889,20,2.0,2.0
2026,E_dosetwin_population_prior,adult#004,14893,110,4.0,9.0
2026,E_dosetwin_population_prior,child#009,14897,20,1.0,1.5
2026,E_dosetwin_population_prior,adult#010,14901,40,17.5,12.0
2026,E_dosetwin_population_prior,adolescent#001,14904,35,6.0,6.5
2026,E_dosetwin_population_prior,adolescent#002,14905,60,17.0,17.5
2026,E_dosetwin_population_prior,adult#006,14905,70,9.0,7.0
2026,E_dosetwin_population_prior,adult#003,14909,50,6.5,3.0
2026,E_dosetwin_population_prior,adult#002,14913,30,8.0,4.0
2026,E_dosetwin_population_prior,adult#005,14922,65,16.0,14.0
2026,E_dosetwin_population_prior,adult#007,14925,75,5.0,3.5
2026,E_dosetwin_population_prior,adult#001,14941,30,6.0,3.0
2026,E_dosetwin_population_prior,child#007,14942,25,4.5,5.5
2026,E_dosetwin_population_prior,adolescent#004,14948,55,6.5,4.0
2026,E_dosetwin_population_prior,adult#002,15123,70,11.5,8.0
2026,E_dosetwin_population_prior,adolescent#001,15124,100,9.5,7.5
2026,E_dosetwin_population_prior,adolescent#004,15126,35,4.5,0.5
2026,E_dosetwin_population_prior,child#003,15154,80,4.0,3.5
2026,E_dosetwin_population_prior,adolescent#009,15158,100,6.0,3.5
2026,E_dosetwin_population_prior,child#004,15160,30,1.5,1.0
2026,E_dosetwin_population_prior,adult#006,15176,75,9.5,7.5
2026,E_dosetwin_population_prior,adolescent#007,15184,65,18.0,9.0
2026,E_dosetwin_population_prior,child#006,15202,45,3.0,3.0
2026,E_dosetwin_population_prior,adult#010,15216,100,23.0,19.5
2026,E_dosetwin_population_prior,child#001,15217,80,3.0,2.5
2026,E_dosetwin_population_prior,adult#007,15222,155,8.0,7.5
2026,E_dosetwin_population_prior,adolescent#008,15231,150,38.5,35.0
2026,E_dosetwin_population_prior,adult#009,15231,70,17.5,9.5
2026,E_dosetwin_population_prior,adolescent#002,15235,80,19.5,21.0
2026,E_dosetwin_population_prior,adult#004,15235,180,5.5,14.0
2026,E_dosetwin_population_prior,adult#008,15239,95,10.5,6.0
2026,E_dosetwin_population_prior,child#008,15241,70,10.0,5.0
2026,E_dosetwin_population_prior,child#002,15249,40,3.0,2.0
2026,E_dosetwin_population_prior,adult#003,15254,70,11.5,8.5
2026,E_dosetwin_population_prior,child#007,15255,60,6.5,8.0
2026,E_dosetwin_population_prior,child#005,15256,40,5.5,6.5
2026,E_dosetwin_population_prior,adolescent#003,15260,40,3.5,1.5
2026,E_dosetwin_population_prior,adult#001,15264,95,12.5,8.5
2026,E_dosetwin_population_prior,adolescent#005,15275,70,9.5,6.0
2026,E_dosetwin_population_prior,adult#005,15277,100,20.0,18.5
2026,E_dosetwin_population_prior,child#009,15291,30,1.5,1.5
2026,E_dosetwin_population_prior,child#005,15375,15,2.0,0.0
2026,E_dosetwin_population_prior,adult#001,15427,20,2.5,3.0
2026,E_dosetwin_population_prior,adolescent#005,15435,25,2.5,0.0
2026,E_dosetwin_population_prior,adolescent#009,15437,15,2.0,0.5
2026,E_dosetwin_population_prior,adolescent#004,15451,45,0.0,3.0
2026,E_dosetwin_population_prior,adult#008,15486,40,5.5,2.5
2026,E_dosetwin_population_prior,adult#004,15577,70,3.0,5.5
2026,E_dosetwin_population_prior,child#002,15612,75,4.0,3.5
2026,E_dosetwin_population_prior,adolescent#009,15617,65,5.5,2.0
2026,E_dosetwin_population_prior,adult#006,15623,115,12.0,11.0
2026,E_dosetwin_population_prior,adolescent#004,15629,75,7.5,8.0
2026,E_dosetwin_population_prior,child#009,15629,25,1.5,1.0
2026,E_dosetwin_population_prior,adult#008,15644,125,11.5,6.0
2026,E_dosetwin_population_prior,child#001,15649,85,3.0,3.5
2026,E_dosetwin_population_prior,child#005,15653,45,6.0,8.5
2026,E_dosetwin_population_prior,adult#005,15657,115,21.5,22.0
2026,E_dosetwin_population_prior,child#004,15660,30,1.5,1.5
2026,E_dosetwin_population_prior,child#006,15660,105,7.0,7.5
2026,E_dosetwin_population_prior,adolescent#005,15661,70,8.0,4.5
2026,E_dosetwin_population_prior,adult#003,15662,70,11.5,7.0
2026,E_dosetwin_population_prior,child#010,15664,155,11.0,11.0
2026,E_dosetwin_population_prior,adolescent#002,15669,50,17.5,13.0
2026,E_dosetwin_population_prior,adolescent#007,15671,115,25.5,18.0
2026,E_dosetwin_population_prior,adolescent#001,15673,110,10.0,8.5
2026,E_dosetwin_population_prior,adult#010,15674,145,27.5,28.5
2026,E_dosetwin_population_prior,adolescent#003,15675,80,4.0,3.5
2026,E_dosetwin_population_prior,adult#007,15675,100,4.5,4.5
2026,E_dosetwin_population_prior,adolescent#008,15682,60,30.0,20.0
2026,E_dosetwin_population_prior,child#007,15685,35,4.5,4.5
2026,E_dosetwin_population_prior,child#008,15687,40,6.0,3.5
2026,E_dosetwin_population_prior,adult#009,15696,65,22.5,15.0
2026,E_dosetwin_population_prior,adult#002,15697,80,13.5,10.0
2026,E_dosetwin_population_prior,adult#001,15700,85,12.0,8.0
2026,E_dosetwin_population_prior,child#003,15721,60,4.0,2.5
2026,E_dosetwin_population_prior,adolescent#010,15743,95,8.5,7.0
2026,E_dosetwin_population_prior,adult#005,16264,60,15.0,13.0
2026,E_dosetwin_population_prior,child#006,16294,40,3.0,3.5
2026,E_dosetwin_population_prior,child#003,16295,25,3.0,1.0
2026,E_dosetwin_population_prior,child#004,16295,30,1.5,2.0
2026,E_dosetwin_population_prior,adult#007,16302,70,3.5,5.0
2026,E_dosetwin_population_prior,adolescent#004,16309,55,6.5,5.5
2026,E_dosetwin_population_prior,adolescent#007,16311,30,8.0,4.0
2026,E_dosetwin_population_prior,adult#004,16312,120,4.0,10.0
2026,E_dosetwin_population_prior,child#010,16313,25,4.5,2.0
2026,E_dosetwin_population_prior,child#007,16315,25,3.5,3.5
2026,E_dosetwin_population_prior,child#009,16319,40,2.0,1.5
2026,E_dosetwin_population_prior,adolescent#002,16320,30,12.5,10.0
2026,E_dosetwin_population_prior,adolescent#009,16321,35,4.0,3.0
2026,E_dosetwin_population_prior,adult#010,16322,60,21.5,15.0
2026,E_dosetwin_population_prior,adolescent#006,16327,35,10.5,9.0
2026,E_dosetwin_population_prior,adolescent#008,16337,40,20.5,15.5
2026,E_dosetwin_population_prior,adolescent#003,16340,35,3.0,1.5
2026,E_dosetwin_population_prior,adult#002,16340,25,8.0,3.5
2026,E_dosetwin_population_prior,child#002,16340,25,2.0,1.0
2026,E_dosetwin_population_prior,adult#003,16341,45,10.0,5.5
2026,E_dosetwin_population_prior,adolescent#010,16343,45,7.0,2.5
2026,E_dosetwin_population_prior,child#008,16349,35,8.0,3.0
2026,E_dosetwin_population_prior,adult#009,16359,90,27.5,15.0
2026,E_dosetwin_population_prior,adult#001,16368,55,10.0,5.0
2026,E_dosetwin_population_prior,adolescent#001,16381,25,5.0,6.5
2026,E_dosetwin_population_prior,child#001,16385,45,2.5,2.5
2026,E_dosetwin_population_prior,adult#008,16393,25,5.0,1.5
2026,E_dosetwin_population_prior,adult#007,16608,145,5.5,6.5
2026,E_dosetwin_population_prior,child#009,16616,35,1.5,1.5
2026,E_dosetwin_population_prior,adolescent#005,16618,115,9.5,7.5
2026,E_dosetwin_population_prior,adult#005,16620,115,21.5,21.5
2026,E_dosetwin_population_prior,adult#010,16623,95,27.0,19.0
2026,E_dosetwin_population_prior,adolescent#002,16633,65,17.5,17.0
2026,E_dosetwin_population_prior,adolescent#007,16633,110,25.0,15.0
2026,E_dosetwin_population_prior,adolescent#003,16637,130,5.5,5.0
2026,E_dosetwin_population_prior,child#001,16643,65,2.5,2.0
2026,E_dosetwin_population_prior,adult#001,16645,65,10.5,6.0
2026,E_dosetwin_population_prior,adult#006,16651,80,9.5,10.0
2026,E_dosetwin_population_prior,child#003,16653,50,3.0,2.5
2026,E_dosetwin_population_prior,child#008,16654,45,8.5,4.0
2026,E_dosetwin_population_prior,adolescent#009,16656,50,4.5,2.5
2026,E_dosetwin_population_prior,adolescent#010,16665,90,10.0,5.5
2026,E_dosetwin_population_prior,child#004,16666,30,1.5,1.5
2026,E_dosetwin_population_prior,adult#003,16669,95,13.0,8.5
2026,E_dosetwin_population_prior,adult#009,16671,75,29.0,18.5
2026,E_dosetwin_population_prior,child#002,16671,50,3.0,2.5
2026,E_dosetwin_population_prior,adolescent#001,16680,80,8.5,6.5
2026,E_dosetwin_population_prior,adult#008,16685,85,9.5,5.5
2026,E_dosetwin_population_prior,adolescent#004,16686,85,8.0,6.0
2026,E_dosetwin_population_prior,child#006,16686,120,8.0,9.0
2026,E_dosetwin_population_prior,child#007,16689,45,5.0,6.0
2026,E_dosetwin_population_prior,child#005,16692,25,5.0,2.5
2026,E_dosetwin_population_prior,adolescent#006,16699,35,12.5,6.5
2026,E_dosetwin_population_prior,adolescent#008,16720,70,32.5,19.5
2026,E_dosetwin_population_prior,adult#004,16728,65,3.5,6.0
2026,E_dosetwin_population_prior,adolescent#005,16815,30,4.0,0.5
2026,E_dosetwin_population_prior,child#005,16865,15,2.5,3.0
2026,E_dosetwin_population_prior,adolescent#004,16890,15,2.0,0.0
2026,E_dosetwin_population_prior,adult#003,16892,20,5.0,1.0
2026,E_dosetwin_population_prior,adult#007,16892,25,1.5,1.0
2026,E_dosetwin_population_prior,child#007,16900,20,3.0,2.0
2026,E_dosetwin_population_prior,adolescent#002,16905,25,11.0,12.5
2026,E_dosetwin_population_prior,adult#002,16906,35,9.0,15.0
2026,E_dosetwin_population_prior,adult#001,16915,20,4.5,2.0
2026,E_dosetwin_population_prior,adult#006,16916,35,6.0,4.0
2026,E_dosetwin_population_prior,adolescent#008,16926,30,15.0,4.0
2026,E_dosetwin_population_prior,adult#010,16933,40,14.0,8.0
2026,E_dosetwin_population_prior,child#004,17000,30,1.5,1.0
2026,E_dosetwin_population_prior,child#009,17000,25,1.5,1.0
2026,E_dosetwin_population_prior,adult#006,17014,120,10.5,8.0
2026,E_dosetwin_population_prior,child#002,17054,55,3.5,2.5
2026,E_dosetwin_population_prior,adolescent#008,17061,70,0.0,9.5
2026,E_dosetwin_population_prior,adult#005,17070,95,19.5,17.5
2026,E_dosetwin_population_prior,child#007,17071,45,5.0,5.0
2026,E_dosetwin_population_prior,child#001,17074,95,4.0,5.5
2026,E_dosetwin_population_prior,adult#007,17077,115,5.0,5.0
2026,E_dosetwin_population_prior,adolescent#004,17078,55,6.5,3.5
2026,E_dosetwin_population_prior,adult#003,17080,95,13.0,7.5
2026,E_dosetwin_population_prior,adolescent#006,17084,60,13.5,10.0
2026,E_dosetwin_population_prior,child#005,17085,30,5.0,4.5
2026,E_dosetwin_population_prior,adult#009,17086,70,23.0,11.5
2026,E_dosetwin_population_prior,adult#002,17087,50,10.0,4.0
2026,E_dosetwin_population_prior,adolescent#002,17099,40,14.0,8.5
2026,E_dosetwin_population_prior,adolescent#009,17101,45,4.5,3.0
2026,E_dosetwin_population_prior,adult#001,17112,50,9.0,4.0
2026,E_dosetwin_population_prior,child#008,17114,30,8.0,4.5
2026,E_dosetwin_population_prior,adolescent#001,17117,55,8.5,4.5
2026,E_dosetwin_population_prior,adolescent#005,17119,105,9.0,8.5
2026,E_dosetwin_population_prior,adult#008,17123,190,14.0,12.0
2026,E_dosetwin_population_prior,child#010,17123,30,5.0,4.0
2026,E_dosetwin_population_prior,child#006,17128,60,5.0,4.0
2026,E_dosetwin_population_prior,adult#010,17149,115,30.0,21.0
2026,E_dosetwin_population_prior,adolescent#007,17155,45,12.0,2.5
2026,E_dosetwin_population_prior,adolescent#010,17162,65,7.5,4.0
2026,E_dosetwin_population_prior,adult#004,17169,55,3.5,5.0
2026,E_dosetwin_population_prior,child#003,17186,60,4.5,3.0
2026,E_dosetwin_population_prior,child#007,17718,20,3.0,2.5
2026,E_dosetwin_population_prior,child#004,17722,25,1.5,1.5
2026,E_dosetwin_population_prior,adolescent#001,17735,35,6.0,5.5
2026,E_dosetwin_population_prior,adolescent#010,17745,60,6.5,4.0
2026,E_dosetwin_population_prior,adult#002,17748,35,9.0,4.5
2026,E_dosetwin_population_prior,adult#009,17751,45,15.0,7.5
2026,E_dosetwin_population_prior,adult#004,17753,30,1.5,2.5
2026,E_dosetwin_population_prior,child#010,17753,15,3.5,2.5
2026,E_dosetwin_population_prior,child#005,17757,20,4.0,3.5
2026,E_dosetwin_population_prior,adolescent#008,17762,70,19.0,15.5
2026,E_dosetwin_population_prior,child#003,17765,70,4.5,3.0
2026,E_dosetwin_population_prior,adolescent#003,17767,35,3.0,2.5
2026,E_dosetwin_population_prior,child#002,17776,25,2.0,1.5
2026,E_dosetwin_population_prior,adult#008,17779,25,5.5,3.0
2026,E_dosetwin_population_prior,adult#001,17786,35,6.0,3.0
2026,E_dosetwin_population_prior,adult#010,17788,65,17.5,15.5
2026,E_dosetwin_population_prior,adolescent#004,17789,75,9.5,5.0
2026,E_dosetwin_population_prior,adolescent#007,17794,30,9.0,5.0
2026,E_dosetwin_population_prior,adolescent#005,17795,60,7.0,6.5
2026,E_dosetwin_population_prior,adult#006,17795,50,7.5,6.0
2026,E_dosetwin_population_prior,child#008,17795,20,4.5,1.5
2026,E_dosetwin_population_prior,adolescent#002,17801,50,15.5,17.0
2026,E_dosetwin_population_prior,adolescent#006,17802,30,9.5,8.0
2026,E_dosetwin_population_prior,adolescent#009,17803,30,4.5,2.5
2026,E_dosetwin_population_prior,child#009,17809,25,1.5,1.0
2026,E_dosetwin_population_prior,adult#005,17825,75,22.0,16.5
2026,E_dosetwin_population_prior,adolescent#001,18024,55,7.0,4.5
2026,E_dosetwin_population_prior,child#001,18029,65,2.5,2.0
2026,E_dosetwin_population_prior,child#010,18038,40,5.5,3.0
2026,E_dosetwin_population_prior,child#009,18053,50,2.0,2.0
2026,E_dosetwin_population_prior,child#006,18054,50,3.5,2.5
2026,E_dosetwin_population_prior,adolescent#006,18057,45,11.0,6.5
2026,E_dosetwin_population_prior,adult#008,18061,40,6.0,3.0
2026,E_dosetwin_population_prior,adult#006,18072,95,13.0,9.0
2026,E_dosetwin_population_prior,adolescent#009,18077,105,6.5,4.0
2026,E_dosetwin_population_prior,adolescent#005,18081,115,9.5,7.5
2026,E_dosetwin_population_prior,adult#005,18082,185,28.0,34.5
2026,E_dosetwin_population_prior,adolescent#008,18083,110,41.0,26.0
2026,E_dosetwin_population_prior,child#003,18088,20,2.5,2.5
2026,E_dosetwin_population_prior,adult#002,18089,50,10.5,6.0
2026,E_dosetwin_population_prior,child#004,18089,30,1.5,1.5
2026,E_dosetwin_population_prior,adult#010,18094,95,21.5,18.5
2026,E_dosetwin_population_prior,adult#009,18099,55,18.0,9.0
2026,E_dosetwin_population_prior,adult#007,18110,140,5.5,6.5
2026,E_dosetwin_population_prior,adolescent#010,18111,40,5.5,3.0
2026,E_dosetwin_population_prior,child#002,18113,65,3.5,3.0
2026,E_dosetwin_population_prior,child#007,18113,35,4.0,5.0
2026,E_dosetwin_population_prior,adolescent#003,18116,80,4.0,3.0
2026,E_dosetwin_population_prior,adult#003,18121,110,14.5,8.5
2026,E_dosetwin_population_prior,adolescent#002,18134,35,13.0,10.0
2026,E_dosetwin_population_prior,adolescent#007,18137,100,29.0,14.0
2026,E_dosetwin_population_prior,adolescent#004,18142,80,8.0,5.5
2026,E_dosetwin_population_prior,adult#001,18149,55,10.0,5.0
2026,E_dosetwin_population_prior,child#005,18166,80,8.5,13.5
2026,E_dosetwin_population_prior,adult#004,18171,120,4.0,9.5
2026,E_dosetwin_population_prior,adolescent#004,18304,25,3.0,2.0
2026,E_dosetwin_population_prior,adult#010,18313,25,9.5,3.0
2026,E_dosetwin_population_prior,adolescent#003,18324,15,1.5,0.5
2026,E_dosetwin_population_prior,child#002,18335,10,2.0,0.0
2026,E_dosetwin_population_prior,child#004,18364,5,0.5,0.0
2026,E_dosetwin_population_prior,child#009,18469,45,2.0,1.5
2026,E_dosetwin_population_prior,child#007,18485,35,4.0,5.0
2026,E_dosetwin_population_prior,adolescent#005,18487,185,12.5,13.0
2026,E_dosetwin_population_prior,adolescent#010,18489,55,6.5,5.0
2026,E_dosetwin_population_prior,child#003,18498,25,2.0,1.0
2026,E_dosetwin_population_prior,adolescent#001,18502,55,7.5,4.5
2026,E_dosetwin_population_prior,child#010,18507,35,5.5,5.0
2026,E_dosetwin_population_prior,adolescent#007,18510,40,17.0,11.0
2026,E_dosetwin_population_prior,adolescent#008,18520,50,22.5,11.5
2026,E_dosetwin_population_prior,child#008,18528,60,9.0,7.5
2026,E_dosetwin_population_prior,child#001,18530,35,1.5,2.5
2026,E_dosetwin_population_prior,adolescent#002,18532,45,15.0,12.0
2026,E_dosetwin_population_prior,adult#007,18532,140,5.5,8.0
2026,E_dosetwin_population_prior,adult#008,18537,140,12.0,9.5
2026,E_dosetwin_population_prior,adult#001,18545,155,16.0,15.5
2026,E_dosetwin_population_prior,adult#002,18545,105,15.5,16.0
2026,E_dosetwin_population_prior,adolescent#003,18550,60,5.0,2.0
2026,E_dosetwin_population_prior,child#005,18557,75,11.0,12.0
2026,E_dosetwin_population_prior,child#004,18568,35,2.0,1.5
2026,E_dosetwin_population_prior,adult#005,18577,110,21.0,20.5
2026,E_dosetwin_population_prior,adult#004,18590,95,4.0,7.5
2026,E_dosetwin_population_prior,child#006,18594,60,3.5,5.5
2026,E_dosetwin_population_prior,adult#010,18595,120,25.5,23.5
2026,E_dosetwin_population_prior,adolescent#004,18628,70,7.5,5.0
2026,E_dosetwin_population_prior,adult#003,18643,120,18.0,16.5
2026,E_dosetwin_population_prior,adolescent#006,19160,50,12.0,13.0
2026,E_dosetwin_population_prior,child#002,19165,20,2.0,1.0
2026,E_dosetwin_population_prior,child#004,19177,30,1.5,1.5
2026,E_dosetwin_population_prior,adolescent#003,19178,45,3.0,2.0
2026,E_dosetwin_population_prior,adolescent#005,19181,80,8.0,6.5
2026,E_dosetwin_population_prior,adolescent#002,19194,50,15.5,15.0
2026,E_dosetwin_population_prior,child#005,19197,45,6.0,7.0
2026,E_dosetwin_population_prior,adolescent#008,19198,50,22.5,17.5
2026,E_dosetwin_population_prior,adolescent#010,19200,35,5.5,5.5
2026,E_dosetwin_population_prior,adolescent#001,19206,40,8.0,11.0
2026,E_dosetwin_population_prior,adult#009,19207,50,20.5,23.0
2026,E_dosetwin_population_prior,child#007,19207,45,5.0,7.0
2026,E_dosetwin_population_prior,adolescent#009,19208,20,3.5,1.0
2026,E_dosetwin_population_prior,adult#004,19208,60,2.5,4.5
2026,E_dosetwin_population_prior,child#003,19209,45,3.0,2.0
2026,E_dosetwin_population_prior,child#008,19210,10,4.5,2.0
2026,E_dosetwin_population_prior,adult#008,19211,50,9.0,4.0
2026,E_dosetwin_population_prior,adult#001,19215,60,10.5,5.5
2026,E_dosetwin_population_prior,child#009,19216,15,1.0,1.0
2026,E_dosetwin_population_prior,child#006,19219,15,1.5,1.5
2026,E_dosetwin_population_prior,adult#005,19224,90,19.0,19.5
2026,E_dosetwin_population_prior,child#010,19228,20,4.0,3.0
2026,E_dosetwin_population_prior,adult#003,19230,60,11.0,7.5
2026,E_dosetwin_population_prior,adult#006,19230,50,7.5,5.0
2026,E_dosetwin_population_prior,adolescent#007,19246,35,10.0,5.0
2026,E_dosetwin_population_prior,adult#002,19255,20,5.5,2.5
2026,E_dosetwin_population_prior,adolescent#004,19262,55,6.5,4.0
2026,E_dosetwin_population_prior,child#001,19279,30,2.0,1.5
2026,E_dosetwin_population_prior,child#007,19433,50,5.0,6.5
2026,E_dosetwin_population_prior,adolescent#009,19451,65,5.0,2.5
2026,E_dosetwin_population_prior,child#006,19473,45,3.0,3.0
2026,E_dosetwin_population_prior,adult#006,19481,80,9.0,8.0
2026,E_dosetwin_population_prior,child#004,19498,50,3.0,2.5
2026,E_dosetwin_population_prior,child#010,19505,50,6.0,3.5
2026,E_dosetwin_population_prior,adolescent#010,19508,60,6.5,4.0
2026,E_dosetwin_population_prior,adult#005,19508,130,23.0,25.0
2026,E_dosetwin_population_prior,adolescent#001,19515,60,9.5,4.5
2026,E_dosetwin_population_prior,adolescent#003,19520,65,4.0,2.5
2026,E_dosetwin_population_prior,adolescent#008,19521,135,36.0,31.5
2026,E_dosetwin_population_prior,adult#009,19522,60,21.5,12.0
2026,E_dosetwin_population_prior,adult#008,19535,45,6.0,3.0
2026,E_dosetwin_population_prior,child#008,19542,40,6.0,3.0
2026,E_dosetwin_population_prior,adolescent#004,19543,55,6.5,4.0
2026,E_dosetwin_population_prior,adolescent#005,19546,105,9.0,7.0
2026,E_dosetwin_population_prior,child#009,19549,30,2.0,1.0
2026,E_dosetwin_population_prior,adult#004,19559,130,4.5,10.5
2026,E_dosetwin_population_prior,adult#010,19561,100,22.0,19.5
2026,E_dosetwin_population_prior,adult#003,19565,95,13.5,9.0
2026,E_dosetwin_population_prior,child#002,19573,35,3.0,1.5
2026,E_dosetwin_population_prior,child#003,19573,65,3.5,3.0
2026,E_dosetwin_population_prior,adolescent#006,19579,80,19.5,16.0
2026,E_dosetwin_population_prior,adult#001,19582,40,7.0,3.5
2026,E_dosetwin_population_prior,child#005,19589,115,15.0,18.5
2026,E_dosetwin_population_prior,adolescent#002,19598,70,23.0,19.0
2026,E_dosetwin_population_prior,adult#007,19600,90,5.5,4.0
2026,E_dosetwin_population_prior,adolescent#007,19602,80,25.0,11.0
2026,E_dosetwin_population_prior,adult#002,19619,45,10.0,5.5
2026,E_dosetwin_population_prior,adult#005,19716,40,11.0,4.5
2026,E_dosetwin_population_prior,adult#010,19728,50,12.5,6.0
2026,E_dosetwin_population_prior,adolescent#002,19755,10,4.5,0.5
2026,E_dosetwin_population_prior,child#005,19791,15,4.5,0.0
2026,E_dosetwin_population_prior,child#003,19802,20,2.5,1.0
2026,E_dosetwin_population_prior,adult#001,19809,35,7.5,5.0
2026,E_dosetwin_population_prior,child#002,19813,15,1.5,1.0
2026,E_dosetwin_population_prior,adult#001,19888,115,10.5,7.5
2026,E_dosetwin_population_prior,adolescent#006,19931,45,11.5,12.5
2026,E_dosetwin_population_prior,adolescent#010,19937,80,7.5,6.5
2026,E_dosetwin_population_prior,adult#007,19940,75,3.5,3.5
2026,E_dosetwin_population_prior,adolescent#009,19949,55,5.0,2.0
2026,E_dosetwin_population_prior,adult#005,19949,85,23.5,15.5
2026,E_dosetwin_population_prior,adult#010,19955,165,29.5,31.5
2026,E_dosetwin_population_prior,adolescent#007,19960,45,12.0,6.0
2026,E_dosetwin_population_prior,adult#003,19963,65,11.5,6.0
2026,E_dosetwin_population_prior,adult#009,19963,145,32.0,24.0
2026,E_dosetwin_population_prior,child#008,19968,40,7.5,7.0
2026,E_dosetwin_population_prior,child#007,19976,35,4.0,4.5
2026,E_dosetwin_population_prior,adolescent#005,19985,100,9.0,9.5
2026,E_dosetwin_population_prior,adult#008,19986,85,10.5,5.5
2026,E_dosetwin_population_prior,child#010,19993,55,6.5,6.0
2026,E_dosetwin_population_prior,adolescent#008,19994,70,32.5,19.5
2026,E_dosetwin_population_prior,adolescent#002,19995,45,14.5,12.0
2026,E_dosetwin_population_prior,child#001,19996,35,1.5,1.0
2026,E_dosetwin_population_prior,adult#004,19999,130,4.5,10.0
2026,E_dosetwin_population_prior,adolescent#004,20011,60,7.0,4.0
2026,E_dosetwin_population_prior,child#004,20017,45,2.5,1.5
2026,E_dosetwin_population_prior,child#009,20017,40,2.0,1.5
2026,E_dosetwin_population_prior,child#002,20020,85,4.5,3.5
2026,E_dosetwin_population_prior,adolescent#001,20021,85,9.0,8.5
2026,E_dosetwin_population_prior,child#005,20021,60,7.0,9.0
2026,E_dosetwin_population_prior,child#006,20021,55,3.5,4.0
2026,E_dosetwin_population_prior,adult#006,20028,145,13.5,16.5
2026,E_dosetwin_population_prior,adolescent#003,20042,25,3.0,1.5
2027,C_twin_dose+trend_alert,child#004,10486,40,1.5,1.5
2027,C_twin_dose+trend_alert,child#007,10503,20,3.5,4.0
2027,C_twin_dose+trend_alert,adolescent#008,10506,45,28.0,16.0
2027,C_twin_dose+trend_alert,adult#007,10527,105,2.0,7.0
2027,C_twin_dose+trend_alert,adolescent#001,10528,30,4.0,4.0
2027,C_twin_dose+trend_alert,child#009,10540,25,1.0,2.0
2027,C_twin_dose+trend_alert,adult#002,10542,70,11.5,7.0
2027,C_twin_dose+trend_alert,adolescent#005,10543,60,8.0,7.5
2027,C_twin_dose+trend_alert,child#010,10553,30,2.5,2.5
2027,C_twin_dose+trend_alert,adult#001,10554,35,12.0,5.5
2027,C_twin_dose+trend_alert,child#003,10554,20,1.5,1.5
2027,C_twin_dose+trend_alert,adult#005,10557,65,19.0,22.5
2027,C_twin_dose+trend_alert,adult#010,10557,35,8.0,10.0
2027,C_twin_dose+trend_alert,adolescent#002,10559,30,15.0,8.0
2027,C_twin_dose+trend_alert,adult#004,10559,55,4.5,3.5
2027,C_twin_dose+trend_alert,child#005,10560,35,5.0,7.5
2027,C_twin_dose+trend_alert,adult#008,10561,40,6.0,4.0
2027,C_twin_dose+trend_alert,child#006,10561,25,2.0,2.0
2027,C_twin_dose+trend_alert,adult#003,10565,25,6.0,7.0
2027,C_twin_dose+trend_alert,adolescent#009,10568,85,5.5,6.0
2027,C_twin_dose+trend_alert,adult#009,10570,60,21.5,12.0
2027,C_twin_dose+trend_alert,child#001,10571,20,1.0,2.5
2027,C_twin_dose+trend_alert,adolescent#010,10572,75,8.0,7.0
2027,C_twin_dose+trend_alert,adolescent#006,10576,55,12.5,12.0
2027,C_twin_dose+trend_alert,child#002,10577,20,3.5,3.0
2027,C_twin_dose+trend_alert,adult#006,10582,35,10.0,5.0
2027,C_twin_dose+trend_alert,adolescent#003,10595,60,3.0,3.0
2027,C_twin_dose+trend_alert,adolescent#007,10604,30,15.0,8.5
2027,C_twin_dose+trend_alert,adolescent#004,10608,25,5.5,3.0
2027,C_twin_dose+trend_alert,child#008,10611,25,4.0,5.0
2027,C_twin_dose+trend_alert,adolescent#009,10823,105,5.0,5.5
2027,C_twin_dose+trend_alert,adolescent#008,10826,90,44.0,25.5
2027,C_twin_dose+trend_alert,child#006,10842,90,3.5,5.5
2027,C_twin_dose+trend_alert,adult#006,10843,160,0.0,14.0
2027,C_twin_dose+trend_alert,child#001,10853,40,1.0,2.0
2027,C_twin_dose+trend_alert,child#007,10853,45,5.0,5.0
2027,C_twin_dose+trend_alert,adolescent#004,10863,40,6.0,3.0
2027,C_twin_dose+trend_alert,child#010,10863,55,3.0,2.5
2027,C_twin_dose+trend_alert,adolescent#007,10869,35,11.0,5.5
2027,C_twin_dose+trend_alert,child#009,10887,50,1.5,3.0
2027,C_twin_dose+trend_alert,adolescent#003,10892,45,3.5,4.0
2027,C_twin_dose+trend_alert,adolescent#010,10895,90,9.5,5.0
2027,C_twin_dose+trend_alert,adult#005,10896,80,20.0,19.0
2027,C_twin_dose+trend_alert,child#005,10896,40,5.5,8.0
2027,C_twin_dose+trend_alert,adolescent#002,10900,145,38.0,27.0
2027,C_twin_dose+trend_alert,adult#003,10900,55,8.0,6.5
2027,C_twin_dose+trend_alert,adult#004,10901,115,6.0,7.0
2027,C_twin_dose+trend_alert,adult#007,10907,95,1.5,5.0
2027,C_twin_dose+trend_alert,adult#009,10908,140,49.0,23.5
2027,C_twin_dose+trend_alert,adult#002,10911,45,4.5,4.5
2027,C_twin_dose+trend_alert,child#003,10917,35,2.5,3.5
2027,C_twin_dose+trend_alert,adolescent#006,10920,100,18.0,15.0
2027,C_twin_dose+trend_alert,adult#008,10921,105,9.0,7.0
2027,C_twin_dose+trend_alert,child#002,10929,60,6.0,3.0
2027,C_twin_dose+trend_alert,adolescent#005,10932,125,10.5,12.5
2027,C_twin_dose+trend_alert,adult#001,10944,45,10.0,6.0
2027,C_twin_dose+trend_alert,adult#004,11073,30,1.5,0.0
2027,C_twin_dose+trend_alert,adult#010,11108,40,1.0,7.5
2027,C_twin_dose+trend_alert,adult#003,11131,20,3.5,2.5
2027,C_twin_dose+trend_alert,adolescent#007,11153,20,6.0,3.0
2027,C_twin_dose+trend_alert,child#005,11165,20,4.5,3.5
2027,C_twin_dose+trend_alert,adolescent#005,11167,25,5.0,6.0
2027,C_twin_dose+trend_alert,child#007,11169,10,2.0,1.0
2027,C_twin_dose+trend_alert,adolescent#009,11174,35,2.5,2.0
2027,C_twin_dose+trend_alert,adolescent#004,11275,95,11.5,7.5
2027,C_twin_dose+trend_alert,adult#003,11295,95,11.0,9.5
2027,C_twin_dose+trend_alert,child#009,11300,25,1.0,2.0
2027,C_twin_dose+trend_alert,adolescent#002,11303,85,25.5,15.5
2027,C_twin_dose+trend_alert,adult#009,11310,75,25.0,12.5
2027,C_twin_dose+trend_alert,adult#005,11315,95,23.0,24.5
2027,C_twin_dose+trend_alert,adolescent#005,11322,80,6.5,5.5
2027,C_twin_dose+trend_alert,child#006,11328,45,2.5,4.0
2027,C_twin_dose+trend_alert,adolescent#006,11329,90,17.0,15.0
2027,C_twin_dose+trend_alert,child#002,11336,65,4.5,3.5
2027,C_twin_dose+trend_alert,child#008,11339,35,2.5,3.0
2027,C_twin_dose+trend_alert,child#005,11352,40,7.0,6.0
2027,C_twin_dose+trend_alert,child#010,11357,40,3.0,2.0
2027,C_twin_dose+trend_alert,adolescent#001,11361,70,0.0,0.0
2027,C_twin_dose+trend_alert,adolescent#007,11366,95,19.5,14.0
2027,C_twin_dose+trend_alert,adult#004,11366,50,5.5,4.0
2027,C_twin_dose+trend_alert,adult#006,11366,165,24.0,15.0
2027,C_twin_dose+trend_alert,adolescent#003,11368,90,4.0,6.0
2027,C_twin_dose+trend_alert,adolescent#010,11370,105,9.0,6.5
2027,C_twin_dose+trend_alert,adult#001,11370,70,11.0,9.0
2027,C_twin_dose+trend_alert,child#001,11372,55,1.5,3.0
2027,C_twin_dose+trend_alert,child#003,11382,70,3.5,3.0
2027,C_twin_dose+trend_alert,child#004,11383,55,1.5,2.0
2027,C_twin_dose+trend_alert,adult#007,11384,145,3.0,8.0
2027,C_twin_dose+trend_alert,adult#008,11384,165,11.5,11.0
2027,C_twin_dose+trend_alert,adult#010,11396,80,21.0,19.5
2027,C_twin_dose+trend_alert,child#007,11405,30,3.0,3.0
2027,C_twin_dose+trend_alert,adolescent#009,11410,125,6.0,6.5
2027,C_twin_dose+trend_alert,adult#002,11417,75,15.0,7.5
2027,C_twin_dose+trend_alert,adolescent#001,11968,50,5.5,9.0
2027,C_twin_dose+trend_alert,child#008,11971,30,4.0,4.5
2027,C_twin_dose+trend_alert,adult#003,11980,45,7.5,6.5
2027,C_twin_dose+trend_alert,child#002,11980,30,3.0,2.5
2027,C_twin_dose+trend_alert,adult#005,11981,40,14.5,15.0
2027,C_twin_dose+trend_alert,child#010,11983,45,3.0,3.5
2027,C_twin_dose+trend_alert,adult#006,11984,45,10.0,5.0
2027,C_twin_dose+trend_alert,adult#009,11984,70,23.0,11.5
2027,C_twin_dose+trend_alert,adolescent#010,11986,55,6.0,4.0
2027,C_twin_dose+trend_alert,adolescent#005,11989,25,5.0,3.0
2027,C_twin_dose+trend_alert,child#006,11993,35,2.0,3.0
2027,C_twin_dose+trend_alert,adolescent#004,11994,40,6.0,3.0
2027,C_twin_dose+trend_alert,adult#004,11997,55,5.0,5.5
2027,C_twin_dose+trend_alert,child#001,11998,25,1.0,1.0
2027,C_twin_dose+trend_alert,adolescent#002,12000,35,12.5,9.5
2027,C_twin_dose+trend_alert,child#004,12000,15,1.0,1.5
2027,C_twin_dose+trend_alert,child#005,12000,55,6.0,9.5
2027,C_twin_dose+trend_alert,adolescent#003,12001,65,3.5,4.5
2027,C_twin_dose+trend_alert,adolescent#008,12004,65,35.0,22.0
2027,C_twin_dose+trend_alert,adult#008,12004,40,4.5,2.5
2027,C_twin_dose+trend_alert,adult#007,12007,35,1.0,2.0
2027,C_twin_dose+trend_alert,adult#001,12012,40,10.0,5.0
2027,C_twin_dose+trend_alert,adolescent#007,12014,35,11.0,5.5
2027,C_twin_dose+trend_alert,adolescent#009,12021,70,4.5,4.0
2027,C_twin_dose+trend_alert,child#009,12040,20,1.0,2.5
2027,C_twin_dose+trend_alert,adolescent#006,12041,30,7.5,6.0
2027,C_twin_dose+trend_alert,child#003,12043,15,1.0,0.5
2027,C_twin_dose+trend_alert,adult#002,12045,45,9.0,4.5
2027,C_twin_dose+trend_alert,adult#010,12049,35,8.0,7.0
2027,C_twin_dose+trend_alert,child#007,12049,30,4.5,6.0
2027,C_twin_dose+trend_alert,child#006,12247,50,2.5,3.0
2027,C_twin_dose+trend_alert,adult#005,12282,80,19.0,21.0
2027,C_twin_dose+trend_alert,child#003,12301,50,3.0,2.5
2027,C_twin_dose+trend_alert,child#001,12302,50,1.0,2.0
2027,C_twin_dose+trend_alert,adolescent#005,12305,70,7.5,6.5
2027,C_twin_dose+trend_alert,adolescent#007,12305,40,9.5,6.0
2027,C_twin_dose+trend_alert,adult#007,12307,65,2.0,3.5
2027,C_twin_dose+trend_alert,adolescent#003,12311,75,3.5,4.0
2027,C_twin_dose+trend_alert,adult#002,12312,60,8.5,6.0
2027,C_twin_dose+trend_alert,child#009,12314,45,1.0,2.0
2027,C_twin_dose+trend_alert,adult#001,12328,70,12.5,9.0
2027,C_twin_dose+trend_alert,adolescent#008,12335,55,31.0,15.5
2027,C_twin_dose+trend_alert,child#002,12337,80,7.5,7.0
2027,C_twin_dose+trend_alert,child#010,12338,20,2.0,1.0
2027,C_twin_dose+trend_alert,adult#009,12340,50,19.0,10.0
2027,C_twin_dose+trend_alert,adolescent#004,12341,60,8.0,4.5
2027,C_twin_dose+trend_alert,adult#003,12348,85,11.0,11.0
2027,C_twin_dose+trend_alert,adult#004,12359,90,7.5,7.0
2027,C_twin_dose+trend_alert,adolescent#010,12360,75,6.5,4.5
2027,C_twin_dose+trend_alert,child#005,12370,40,4.0,7.0
2027,C_twin_dose+trend_alert,child#008,12374,50,4.0,4.5
2027,C_twin_dose+trend_alert,adolescent#001,12375,105,7.0,7.5
2027,C_twin_dose+trend_alert,adult#010,12379,85,14.5,16.5
2027,C_twin_dose+trend_alert,adolescent#006,12388,100,18.5,16.5
2027,C_twin_dose+trend_alert,child#007,12402,30,3.5,3.5
2027,C_twin_dose+trend_alert,adolescent#002,12403,100,26.5,18.5
2027,C_twin_dose+trend_alert,child#004,12418,55,2.5,2.0
2027,C_twin_dose+trend_alert,adult#001,12532,20,0.0,0.5
2027,C_twin_dose+trend_alert,child#004,12536,10,0.0,0.0
2027,C_twin_dose+trend_alert,child#001,12543,15,1.0,0.5
2027,C_twin_dose+trend_alert,adult#008,12556,30,7.5,6.0
2027,C_twin_dose+trend_alert,adult#004,12574,40,4.0,2.0
2027,C_twin_dose+trend_alert,child#008,12586,15,1.5,1.0
2027,C_twin_dose+trend_alert,adolescent#006,12598,30,6.5,2.0
2027,C_twin_dose+trend_alert,child#006,12609,15,2.0,1.0
2027,C_twin_dose+trend_alert,child#003,12610,15,1.5,0.5
2027,C_twin_dose+trend_alert,adolescent#009,12643,30,4.0,3.5
2027,C_twin_dose+trend_alert,child#009,12702,40,1.5,3.0
2027,C_twin_dose+trend_alert,adult#001,12703,55,8.5,7.0
2027,C_twin_dose+trend_alert,adolescent#002,12725,130,30.5,25.0
2027,C_twin_dose+trend_alert,child#003,12726,60,4.0,2.0
2027,C_twin_dose+trend_alert,adolescent#001,12727,90,5.5,6.5
2027,C_twin_dose+trend_alert,adult#008,12735,90,6.5,4.0
2027,C_twin_dose+trend_alert,child#001,12735,105,1.5,3.0
2027,C_twin_dose+trend_alert,child#010,12739,35,3.0,5.0
2027,C_twin_dose+trend_alert,adult#003,12740,85,11.5,9.5
2027,C_twin_dose+trend_alert,adult#006,12744,45,8.0,4.0
2027,C_twin_dose+trend_alert,adolescent#006,12745,130,21.5,17.0
2027,C_twin_dose+trend_alert,child#006,12747,15,1.0,0.0
2027,C_twin_dose+trend_alert,adult#009,12748,65,21.0,10.5
2027,C_twin_dose+trend_alert,child#007,12750,60,7.5,9.5
2027,C_twin_dose+trend_alert,adolescent#008,12752,55,34.0,23.0
2027,C_twin_dose+trend_alert,child#004,12759,60,2.5,3.0
2027,C_twin_dose+trend_alert,adult#004,12762,95,5.5,5.0
2027,C_twin_dose+trend_alert,child#005,12762,35,2.5,7.0
2027,C_twin_dose+trend_alert,adolescent#004,12764,125,13.5,9.5
2027,C_twin_dose+trend_alert,adult#002,12776,90,15.0,12.0
2027,C_twin_dose+trend_alert,adult#010,12791,90,15.5,19.0
2027,C_twin_dose+trend_alert,adolescent#010,12806,60,7.0,5.0
2027,C_twin_dose+trend_alert,adult#007,12826,60,1.0,3.5
2027,C_twin_dose+trend_alert,adolescent#003,12830,145,6.0,9.0
2027,C_twin_dose+trend_alert,child#008,12831,65,4.0,6.0
2027,C_twin_dose+trend_alert,adolescent#009,12852,115,5.0,5.5
2027,C_twin_dose+trend_alert,adult#005,12878,60,15.5,13.5
2027,C_twin_dose+trend_alert,child#002,13389,15,2.5,4.0
2027,C_twin_dose+trend_alert,child#006,13401,15,1.5,1.5
2027,C_twin_dose+trend_alert,adult#005,13412,65,19.5,26.0
2027,C_twin_dose+trend_alert,child#010,13412,25,2.5,3.0
2027,C_twin_dose+trend_alert,adult#007,13416,115,2.0,6.5
2027,C_twin_dose+trend_alert,adolescent#010,13417,45,6.0,5.0
2027,C_twin_dose+trend_alert,adult#002,13420,90,14.0,9.0
2027,C_twin_dose+trend_alert,adult#008,13421,65,10.5,5.5
2027,C_twin_dose+trend_alert,adult#010,13431,60,11.5,13.0
2027,C_twin_dose+trend_alert,adolescent#009,13438,75,5.0,5.0
2027,C_twin_dose+trend_alert,adolescent#004,13439,25,5.0,2.0
2027,C_twin_dose+trend_alert,adult#001,13445,55,16.5,10.0
2027,C_twin_dose+trend_alert,adolescent#008,13450,40,26.5,14.5
2027,C_twin_dose+trend_alert,adult#009,13452,45,16.0,8.0
2027,C_twin_dose+trend_alert,adolescent#006,13454,40,9.0,7.5
2027,C_twin_dose+trend_alert,adolescent#001,13456,100,7.0,11.0
2027,C_twin_dose+trend_alert,adult#006,13457,90,16.0,8.0
2027,C_twin_dose+trend_alert,adult#004,13459,100,6.0,7.5
2027,C_twin_dose+trend_alert,child#008,13461,15,3.0,2.5
2027,C_twin_dose+trend_alert,child#007,13463,20,5.0,5.0
2027,C_twin_dose+trend_alert,adolescent#007,13465,35,10.5,6.0
2027,C_twin_dose+trend_alert,adolescent#002,13468,75,20.5,15.5
2027,C_twin_dose+trend_alert,adolescent#005,13469,25,5.5,4.0
2027,C_twin_dose+trend_alert,adult#003,13477,25,5.5,5.0
2027,C_twin_dose+trend_alert,child#009,13484,15,1.0,1.5
2027,C_twin_dose+trend_alert,child#004,13489,35,1.0,2.0
2027,C_twin_dose+trend_alert,adolescent#003,13496,45,3.0,4.0
2027,C_twin_dose+trend_alert,child#001,13504,40,1.5,3.0
2027,C_twin_dose+trend_alert,child#006,13706,20,1.5,1.0
2027,C_twin_dose+trend_alert,child#001,13714,55,1.0,1.5
2027,C_twin_dose+trend_alert,adult#008,13719,45,3.5,3.0
2027,C_twin_dose+trend_alert,child#004,13722,50,2.0,2.0
2027,C_twin_dose+trend_alert,adolescent#007,13739,65,14.5,10.5
2027,C_twin_dose+trend_alert,child#010,13746,45,3.0,3.0
2027,C_twin_dose+trend_alert,adolescent#008,13750,30,17.0,8.5
2027,C_twin_dose+trend_alert,adolescent#006,13757,90,16.5,13.5
2027,C_twin_dose+trend_alert,adolescent#002,13761,70,20.0,13.0
2027,C_twin_dose+trend_alert,adolescent#009,13769,80,4.5,4.0
2027,C_twin_dose+trend_alert,adolescent#005,13772,75,8.0,7.0
2027,C_twin_dose+trend_alert,child#002,13773,25,3.0,2.0
2027,C_twin_dose+trend_alert,adult#010,13779,120,18.5,23.5
2027,C_twin_dose+trend_alert,adult#007,13788,125,2.0,7.0
2027,C_twin_dose+trend_alert,adult#002,13796,65,11.0,7.5
2027,C_twin_dose+trend_alert,adult#001,13802,65,0.0,8.5
2027,C_twin_dose+trend_alert,adolescent#001,13806,90,5.5,6.5
2027,C_twin_dose+trend_alert,child#008,13809,30,4.0,7.0
2027,C_twin_dose+trend_alert,adult#006,13812,195,26.0,17.0
2027,C_twin_dose+trend_alert,adult#009,13823,75,25.0,12.5
2027,C_twin_dose+trend_alert,adult#004,13829,40,2.5,2.5
2027,C_twin_dose+trend_alert,child#007,13831,40,5.5,5.0
2027,C_twin_dose+trend_alert,adult#005,13838,90,20.5,20.0
2027,C_twin_dose+trend_alert,adolescent#003,13849,40,2.5,2.5
2027,C_twin_dose+trend_alert,adult#003,13860,45,11.5,7.0
2027,C_twin_dose+trend_alert,child#004,13939,10,0.5,0.0
2027,C_twin_dose+trend_alert,child#007,13976,10,0.0,0.0
2027,C_twin_dose+trend_alert,adult#006,13978,20,0.0,0.0
2027,C_twin_dose+trend_alert,adolescent#008,13991,15,15.0,11.0
2027,C_twin_dose+trend_alert,child#002,13993,15,1.0,0.5
2027,C_twin_dose+trend_alert,adult#004,14008,30,4.0,2.5
2027,C_twin_dose+trend_alert,child#001,14013,10,1.0,2.5
2027,C_twin_dose+trend_alert,adult#007,14016,25,0.5,2.5
2027,C_twin_dose+trend_alert,adolescent#009,14021,40,4.0,2.0
2027,C_twin_dose+trend_alert,adolescent#001,14032,20,0.5,1.0
2027,C_twin_dose+trend_alert,adult#008,14041,15,3.0,1.0
2027,C_twin_dose+trend_alert,child#003,14044,15,1.0,0.0
2027,C_twin_dose+trend_alert,adolescent#007,14045,15,3.0,2.5
2027,C_twin_dose+trend_alert,adult#002,14067,20,0.0,2.0
2027,C_twin_dose+trend_alert,child#009,14137,20,1.0,1.0
2027,C_twin_dose+trend_alert,child#003,14144,45,2.0,1.0
2027,C_twin_dose+trend_alert,adolescent#004,14153,65,0.0,5.0
2027,C_twin_dose+trend_alert,adult#009,14157,105,39.0,20.5
2027,C_twin_dose+trend_alert,adolescent#005,14162,45,6.5,6.0
2027,C_twin_dose+trend_alert,adult#004,14162,100,6.5,4.5
2027,C_twin_dose+trend_alert,adult#003,14177,55,12.0,6.0
2027,C_twin_dose+trend_alert,adult#006,14197,65,11.0,5.5
2027,C_twin_dose+trend_alert,adult#005,14200,110,25.5,30.0
2027,C_twin_dose+trend_alert,adolescent#010,14204,85,5.5,5.0
2027,C_twin_dose+trend_alert,adolescent#009,14206,110,5.0,4.5
2027,C_twin_dose+trend_alert,adult#001,14209,55,19.0,17.5
2027,C_twin_dose+trend_alert,adult#008,14210,50,3.0,2.5
2027,C_twin_dose+trend_alert,child#002,14213,35,4.5,2.0
2027,C_twin_dose+trend_alert,child#007,14214,45,5.0,5.0
2027,C_twin_dose+trend_alert,child#005,14218,25,5.5,4.0
2027,C_twin_dose+trend_alert,adolescent#003,14223,80,3.5,4.5
2027,C_twin_dose+trend_alert,adult#007,14234,135,2.5,7.5
2027,C_twin_dose+trend_alert,child#001,14235,20,0.5,0.5
2027,C_twin_dose+trend_alert,adult#002,14240,90,18.0,9.0
2027,C_twin_dose+trend_alert,adolescent#007,14252,40,10.0,5.5
2027,C_twin_dose+trend_alert,adult#010,14268,90,15.5,17.5
2027,C_twin_dose+trend_alert,child#004,14270,30,1.0,1.5
2027,C_twin_dose+trend_alert,child#008,14273,35,3.5,4.0
2027,C_twin_dose+trend_alert,child#006,14298,50,2.5,3.0
2027,C_twin_dose+trend_alert,adolescent#006,14306,165,27.5,24.5
2027,C_twin_dose+trend_alert,adult#004,14810,55,4.5,4.0
2027,C_twin_dose+trend_alert,adult#003,14822,60,9.0,9.5
2027,C_twin_dose+trend_alert,child#005,14846,35,4.0,6.0
2027,C_twin_dose+trend_alert,child#009,14846,40,1.5,2.5
2027,C_twin_dose+trend_alert,adult#008,14860,45,6.0,3.0
2027,C_twin_dose+trend_alert,child#003,14865,20,1.5,1.0
2027,C_twin_dose+trend_alert,child#001,14866,15,1.0,1.5
2027,C_twin_dose+trend_alert,child#002,14873,45,4.0,3.5
2027,C_twin_dose+trend_alert,adult#007,14877,50,0.5,2.5
2027,C_twin_dose+trend_alert,adolescent#009,14883,40,4.0,6.5
2027,C_twin_dose+trend_alert,adolescent#003,14884,80,4.0,5.0
2027,C_twin_dose+trend_alert,adolescent#006,14885,35,9.0,7.5
2027,C_twin_dose+trend_alert,child#010,14895,15,2.0,1.5
2027,C_twin_dose+trend_alert,adult#002,14897,90,15.5,9.0
2027,C_twin_dose+trend_alert,adult#010,14900,75,13.5,15.0
2027,C_twin_dose+trend_alert,child#008,14900,20,4.0,5.0
2027,C_twin_dose+trend_alert,adult#001,14902,45,12.0,6.0
2027,C_twin_dose+trend_alert,child#006,14906,45,2.5,2.5
2027,C_twin_dose+trend_alert,adolescent#010,14910,60,6.5,5.0
2027,C_twin_dose+trend_alert,adolescent#007,14911,55,20.5,10.0
2027,C_twin_dose+trend_alert,adult#005,14912,45,21.5,15.0
2027,C_twin_dose+trend_alert,adult#009,14913,55,18.0,9.0
2027,C_twin_dose+trend_alert,adolescent#001,14924,60,5.5,6.5
2027,C_twin_dose+trend_alert,child#004,14926,10,0.5,0.5
2027,C_twin_dose+trend_alert,adolescent#008,14927,35,24.0,12.0
2027,C_twin_dose+trend_alert,adult#006,14949,100,20.0,9.5
2027,C_twin_dose+trend_alert,child#007,14951,40,8.0,5.5
2027,C_twin_dose+trend_alert,adolescent#005,15117,55,5.0,4.5
2027,C_twin_dose+trend_alert,adult#008,15142,90,8.5,6.0
2027,C_twin_dose+trend_alert,adolescent#004,15164,50,0.5,5.0
2027,C_twin_dose+trend_alert,adult#009,15177,140,55.0,32.5
2027,C_twin_dose+trend_alert,adult#010,15181,105,16.5,26.5
2027,C_twin_dose+trend_alert,child#001,15181,50,1.0,1.5
2027,C_twin_dose+trend_alert,adolescent#009,15184,115,5.5,6.0
2027,C_twin_dose+trend_alert,adolescent#002,15187,70,12.5,12.5
2027,C_twin_dose+trend_alert,adolescent#010,15188,40,0.0,2.5
2027,C_twin_dose+trend_alert,child#007,15192,35,4.5,3.5
2027,C_twin_dose+trend_alert,adolescent#006,15196,90,17.5,15.5
2027,C_twin_dose+trend_alert,adult#003,15199,55,13.5,7.0
2027,C_twin_dose+trend_alert,adult#007,15199,135,2.5,9.0
2027,C_twin_dose+trend_alert,adolescent#007,15203,80,17.5,16.5
2027,C_twin_dose+trend_alert,child#002,15205,40,3.5,2.0
2027,C_twin_dose+trend_alert,child#006,15208,30,2.0,1.5
2027,C_twin_dose+trend_alert,adult#001,15211,90,12.5,11.5
2027,C_twin_dose+trend_alert,adult#002,15213,95,13.0,9.5
2027,C_twin_dose+trend_alert,child#008,15216,45,3.5,5.0
2027,C_twin_dose+trend_alert,adolescent#003,15225,80,4.0,4.0
2027,C_twin_dose+trend_alert,child#009,15225,30,1.0,1.5
2027,C_twin_dose+trend_alert,adolescent#008,15233,50,29.0,14.5
2027,C_twin_dose+trend_alert,adult#004,15233,70,5.0,4.5
2027,C_twin_dose+trend_alert,child#010,15235,65,3.5,3.5
2027,C_twin_dose+trend_alert,child#004,15255,40,2.0,3.5
2027,C_twin_dose+trend_alert,adult#005,15261,70,17.5,15.5
2027,C_twin_dose+trend_alert,adult#006,15283,70,12.0,6.0
2027,C_twin_dose+trend_alert,child#003,15318,55,4.0,2.5
2027,C_twin_dose+trend_alert,child#008,15403,15,1.0,5.0
2027,C_twin_dose+trend_alert,adolescent#008,15409,25,14.5,3.5
2027,C_twin_dose+trend_alert,adolescent#002,15411,15,1.0,2.5
2027,C_twin_dose+trend_alert,adult#003,15426,25,3.0,2.0
2027,C_twin_dose+trend_alert,adult#006,15429,15,0.0,0.0
2027,C_twin_dose+trend_alert,adult#009,15450,20,15.0,12.5
2027,C_twin_dose+trend_alert,adolescent#010,15454,20,3.0,2.0
2027,C_twin_dose+trend_alert,child#009,15546,10,1.0,1.5
2027,C_twin_dose+trend_alert,adolescent#002,15590,160,38.5,29.5
2027,C_twin_dose+trend_alert,adolescent#001,15607,90,7.0,9.5
2027,C_twin_dose+trend_alert,adult#004,15611,110,6.0,6.5
2027,C_twin_dose+trend_alert,adolescent#004,15616,45,7.0,3.5
2027,C_twin_dose+trend_alert,child#010,15625,95,4.0,4.5
2027,C_twin_dose+trend_alert,adolescent#003,15627,60,3.0,3.0
2027,C_twin_dose+trend_alert,adolescent#007,15629,45,12.5,10.5
2027,C_twin_dose+trend_alert,adult#008,15634,75,7.0,5.0
2027,C_twin_dose+trend_alert,adult#010,15640,85,15.5,22.0
2027,C_twin_dose+trend_alert,adolescent#006,15641,80,23.5,14.5
2027,C_twin_dose+trend_alert,adolescent#009,15648,145,9.0,11.0
2027,C_twin_dose+trend_alert,adult#006,15652,110,19.0,9.5
2027,C_twin_dose+trend_alert,adult#001,15656,60,8.5,8.0
2027,C_twin_dose+trend_alert,adult#003,15656,55,7.5,6.0
2027,C_twin_dose+trend_alert,adult#009,15657,115,38.0,17.0
2027,C_twin_dose+trend_alert,adult#005,15661,90,18.5,20.0
2027,C_twin_dose+trend_alert,adult#007,15664,125,2.0,7.0
2027,C_twin_dose+trend_alert,child#002,15664,45,3.5,3.0
2027,C_twin_dose+trend_alert,child#008,15672,25,3.0,2.0
2027,C_twin_dose+trend_alert,adolescent#008,15674,100,48.5,28.5
2027,C_twin_dose+trend_alert,child#007,15675,45,9.0,5.5
2027,C_twin_dose+trend_alert,child#009,15675,40,1.0,1.5
2027,C_twin_dose+trend_alert,child#006,15677,45,2.5,3.5
2027,C_twin_dose+trend_alert,child#004,15710,15,1.0,1.0
2027,C_twin_dose+trend_alert,adult#002,15717,135,20.0,16.5
2027,C_twin_dose+trend_alert,child#001,15722,25,1.0,1.0
2027,C_twin_dose+trend_alert,child#005,15738,40,4.0,7.0
2027,C_twin_dose+trend_alert,adult#009,16272,30,10.0,5.0
2027,C_twin_dose+trend_alert,child#007,16297,25,4.0,5.5
2027,C_twin_dose+trend_alert,adolescent#003,16305,45,4.0,3.5
2027,C_twin_dose+trend_alert,adult#003,16305,60,9.0,7.5
2027,C_twin_dose+trend_alert,child#002,16308,35,3.5,3.0
2027,C_twin_dose+trend_alert,adolescent#007,16311,35,10.5,5.5
2027,C_twin_dose+trend_alert,adult#005,16312,35,13.0,11.0
2027,C_twin_dose+trend_alert,adolescent#008,16313,40,27.0,17.5
2027,C_twin_dose+trend_alert,adult#010,16313,115,18.5,22.5
2027,C_twin_dose+trend_alert,adolescent#004,16315,35,6.0,3.0
2027,C_twin_dose+trend_alert,child#004,16317,20,1.0,1.0
2027,C_twin_dose+trend_alert,adult#008,16320,40,5.0,2.5
2027,C_twin_dose+trend_alert,adult#007,16321,65,1.0,3.5
2027,C_twin_dose+trend_alert,child#006,16325,25,2.0,2.0
2027,C_twin_dose+trend_alert,child#005,16327,25,4.0,5.5
2027,C_twin_dose+trend_alert,child#008,16329,30,4.5,4.0
2027,C_twin_dose+trend_alert,adolescent#005,16333,40,6.5,5.0
2027,C_twin_dose+trend_alert,adult#002,16334,65,11.0,6.5
2027,C_twin_dose+trend_alert,adolescent#009,16346,75,5.0,4.5
2027,C_twin_dose+trend_alert,adolescent#001,16347,40,4.5,4.5
2027,C_twin_dose+trend_alert,adult#001,16358,40,15.5,7.5
2027,C_twin_dose+trend_alert,child#009,16358,15,1.0,3.0
2027,C_twin_dose+trend_alert,child#010,16373,40,3.5,2.5
2027,C_twin_dose+trend_alert,adult#004,16379,50,5.5,4.0
2027,C_twin_dose+trend_alert,child#003,16395,25,1.5,1.0
2027,C_twin_dose+trend_alert,adolescent#010,16410,85,10.0,5.0
2027,C_twin_dose+trend_alert,adolescent#004,16586,50,6.5,4.0
2027,C_twin_dose+trend_alert,adolescent#003,16617,115,5.0,6.5
2027,C_twin_dose+trend_alert,adult#001,16620,80,6.0,10.5
2027,C_twin_dose+trend_alert,child#007,16623,55,6.5,6.0
2027,C_twin_dose+trend_alert,child#010,16623,40,2.5,2.0
2027,C_twin_dose+trend_alert,child#008,16635,40,3.0,3.0
2027,C_twin_dose+trend_alert,child#006,16640,35,2.0,2.0
2027,C_twin_dose+trend_alert,adolescent#002,16642,80,20.5,15.5
2027,C_twin_dose+trend_alert,adolescent#007,16642,45,14.0,7.0
2027,C_twin_dose+trend_alert,child#001,16643,35,1.0,1.5
2027,C_twin_dose+trend_alert,child#002,16658,25,2.5,1.5
2027,C_twin_dose+trend_alert,child#003,16665,50,3.0,2.0
2027,C_twin_dose+trend_alert,adult#004,16667,120,8.0,8.5
2027,C_twin_dose+trend_alert,child#004,16667,60,2.5,2.5
2027,C_twin_dose+trend_alert,adolescent#006,16669,120,32.5,19.5
2027,C_twin_dose+trend_alert,child#009,16670,45,1.5,2.0
2027,C_twin_dose+trend_alert,adult#003,16675,90,11.5,10.0
2027,C_twin_dose+trend_alert,adult#009,16677,70,22.5,11.5
2027,C_twin_dose+trend_alert,child#005,16678,65,6.5,11.0
2027,C_twin_dose+trend_alert,adolescent#010,16685,35,5.0,2.0
2027,C_twin_dose+trend_alert,adult#005,16688,95,22.5,24.5
2027,C_twin_dose+trend_alert,adult#010,16699,70,14.0,13.5
2027,C_twin_dose+trend_alert,adolescent#009,16708,135,8.5,7.0
2027,C_twin_dose+trend_alert,adult#006,16710,85,15.0,7.5
2027,C_twin_dose+trend_alert,adolescent#008,16726,60,35.0,17.0
2027,C_twin_dose+trend_alert,adult#008,16731,110,10.0,7.5
2027,C_twin_dose+trend_alert,adult#002,16735,65,11.0,6.5
2027,C_twin_dose+trend_alert,child#001,16833,15,1.0,1.0
2027,C_twin_dose+trend_alert,adult#004,16838,35,2.0,0.0
2027,C_twin_dose+trend_alert,adult#006,16861,35,0.0,0.0
2027,C_twin_dose+trend_alert,adolescent#004,16877,10,0.5,1.0
2027,C_twin_dose+trend_alert,adolescent#008,16901,45,21.5,6.0
2027,C_twin_dose+trend_alert,child#003,16909,15,1.0,1.5
2027,C_twin_dose+trend_alert,adolescent#002,16912,25,5.0,11.0
2027,C_twin_dose+trend_alert,adult#007,16922,40,1.0,5.0
2027,C_twin_dose+trend_alert,adolescent#009,16930,15,0.0,0.0
2027,C_twin_dose+trend_alert,child#008,16932,15,0.0,0.0
2027,C_twin_dose+trend_alert,adult#009,16940,45,21.0,11.0
2027,C_twin_dose+trend_alert,adult#001,17000,85,15.5,12.5
2027,C_twin_dose+trend_alert,adolescent#002,17016,190,41.0,35.0
2027,C_twin_dose+trend_alert,child#001,17023,60,1.0,1.5
2027,C_twin_dose+trend_alert,adolescent#009,17046,115,5.5,6.0
2027,C_twin_dose+trend_alert,child#007,17056,65,7.5,9.0
2027,C_twin_dose+trend_alert,adult#004,17069,85,5.0,5.0
2027,C_twin_dose+trend_alert,adult#006,17070,80,14.0,7.0
2027,C_twin_dose+trend_alert,adult#007,17081,125,2.0,7.5
2027,C_twin_dose+trend_alert,adolescent#008,17085,65,0.0,13.5
2027,C_twin_dose+trend_alert,child#008,17088,75,2.0,6.5
2027,C_twin_dose+trend_alert,adult#003,17089,75,10.5,8.5
2027,C_twin_dose+trend_alert,adolescent#010,17094,105,9.0,6.0
2027,C_twin_dose+trend_alert,adult#009,17096,50,16.0,1.0
2027,C_twin_dose+trend_alert,child#006,17096,70,4.0,4.0
2027,C_twin_dose+trend_alert,adolescent#006,17103,130,34.5,20.5
2027,C_twin_dose+trend_alert,child#004,17110,40,1.5,3.0
2027,C_twin_dose+trend_alert,child#003,17111,45,0.0,2.0
2027,C_twin_dose+trend_alert,adolescent#005,17127,50,7.0,5.0
2027,C_twin_dose+trend_alert,adult#005,17129,145,30.5,35.5
2027,C_twin_dose+trend_alert,child#005,17141,20,3.0,4.0
2027,C_twin_dose+trend_alert,adult#008,17142,45,4.0,3.0
2027,C_twin_dose+trend_alert,child#009,17144,30,1.0,2.0
2027,C_twin_dose+trend_alert,adolescent#007,17146,40,11.5,6.0
2027,C_twin_dose+trend_alert,adolescent#003,17154,95,4.5,5.0
2027,C_twin_dose+trend_alert,adult#002,17161,80,12.5,8.5
2027,C_twin_dose+trend_alert,child#002,17175,45,4.0,2.5
2027,C_twin_dose+trend_alert,child#010,17187,45,3.0,2.0
2027,C_twin_dose+trend_alert,adolescent#006,17726,75,14.5,12.0
2027,C_twin_dose+trend_alert,adolescent#008,17728,35,25.5,16.5
2027,C_twin_dose+trend_alert,child#003,17728,25,2.0,2.0
2027,C_twin_dose+trend_alert,adolescent#010,17736,100,9.0,6.5
2027,C_twin_dose+trend_alert,child#008,17736,30,4.0,6.5
2027,C_twin_dose+trend_alert,child#006,17739,75,3.0,5.0
2027,C_twin_dose+trend_alert,adult#006,17745,40,9.0,4.5
2027,C_twin_dose+trend_alert,child#007,17746,35,5.0,7.0
2027,C_twin_dose+trend_alert,adolescent#001,17754,70,6.5,9.0
2027,C_twin_dose+trend_alert,adolescent#003,17758,50,4.0,3.5
2027,C_twin_dose+trend_alert,adolescent#009,17764,55,4.0,3.0
2027,C_twin_dose+trend_alert,adult#002,17764,75,12.0,7.5
2027,C_twin_dose+trend_alert,adolescent#007,17765,45,12.5,7.0
2027,C_twin_dose+trend_alert,adult#004,17767,125,6.5,8.0
2027,C_twin_dose+trend_alert,adolescent#004,17768,50,7.5,4.0
2027,C_twin_dose+trend_alert,adolescent#002,17772,40,13.5,8.5
2027,C_twin_dose+trend_alert,adult#007,17773,65,2.0,3.5
2027,C_twin_dose+trend_alert,child#009,17773,20,1.0,1.5
2027,C_twin_dose+trend_alert,child#004,17776,30,1.0,2.0
2027,C_twin_dose+trend_alert,child#001,17792,40,1.0,2.5
2027,C_twin_dose+trend_alert,child#005,17792,20,5.0,5.0
2027,C_twin_dose+trend_alert,adult#009,17797,40,13.0,6.5
2027,C_twin_dose+trend_alert,child#002,17804,25,3.0,2.0
2027,C_twin_dose+trend_alert,adolescent#005,17806,40,8.0,5.0
2027,C_twin_dose+trend_alert,child#010,17809,35,3.5,2.5
2027,C_twin_dose+trend_alert,adult#003,17813,45,7.5,7.0
2027,C_twin_dose+trend_alert,adult#003,17994,45,5.0,3.0
2027,C_twin_dose+trend_alert,adolescent#010,18037,65,7.0,4.0
2027,C_twin_dose+trend_alert,adolescent#006,18041,80,14.5,12.0
2027,C_twin_dose+trend_alert,child#009,18042,40,1.0,2.0
2027,C_twin_dose+trend_alert,adult#006,18043,60,10.0,5.0
2027,C_twin_dose+trend_alert,adult#010,18049,140,18.0,26.5
2027,C_twin_dose+trend_alert,child#007,18049,30,3.0,3.0
2027,C_twin_dose+trend_alert,adult#002,18060,55,5.5,5.5
2027,C_twin_dose+trend_alert,child#008,18060,20,2.5,2.0
2027,C_twin_dose+trend_alert,adult#008,18062,85,10.0,9.5
2027,C_twin_dose+trend_alert,child#003,18071,50,3.0,2.5
2027,C_twin_dose+trend_alert,adolescent#002,18074,90,22.0,16.5
2027,C_twin_dose+trend_alert,adolescent#005,18074,80,7.5,7.5
2027,C_twin_dose+trend_alert,adult#005,18077,70,1.0,17.0
2027,C_twin_dose+trend_alert,adolescent#007,18080,40,12.0,6.0
2027,C_twin_dose+trend_alert,child#005,18086,50,6.5,9.5
2027,C_twin_dose+trend_alert,child#001,18093,45,1.0,1.5
2027,C_twin_dose+trend_alert,adolescent#008,18094,50,34.0,21.0
2027,C_twin_dose+trend_alert,adolescent#001,18101,150,8.0,10.5
2027,C_twin_dose+trend_alert,adolescent#004,18103,75,9.0,6.0
2027,C_twin_dose+trend_alert,adult#004,18110,85,5.0,5.0
2027,C_twin_dose+trend_alert,adult#009,18115,80,26.0,13.0
2027,C_twin_dose+trend_alert,child#002,18115,35,3.0,2.0
2027,C_twin_dose+trend_alert,child#006,18115,45,2.5,2.5
2027,C_twin_dose+trend_alert,child#004,18116,35,1.0,1.5
2027,C_twin_dose+trend_alert,adolescent#009,18151,110,8.0,6.0
2027,C_twin_dose+trend_alert,adult#001,18151,70,18.5,15.5
2027,C_twin_dose+trend_alert,adolescent#003,18175,55,3.0,3.0
2027,C_twin_dose+trend_alert,child#001,18290,20,0.5,0.5
2027,C_twin_dose+trend_alert,adult#008,18323,25,1.0,1.5
2027,C_twin_dose+trend_alert,adolescent#006,18347,35,8.0,6.0
2027,C_twin_dose+trend_alert,adolescent#001,18379,30,2.5,2.0
2027,C_twin_dose+trend_alert,adult#005,18396,35,12.5,11.5
2027,C_twin_dose+trend_alert,adult#006,18410,20,4.5,1.5
2027,C_twin_dose+trend_alert,adult#005,18483,120,19.5,22.5
2027,C_twin_dose+trend_alert,child#007,18492,25,2.5,2.5
2027,C_twin_dose+trend_alert,adolescent#006,18501,100,18.0,12.0
2027,C_twin_dose+trend_alert,child#002,18511,80,6.0,5.0
2027,C_twin_dose+trend_alert,child#010,18512,40,2.5,2.0
2027,C_twin_dose+trend_alert,adult#003,18513,120,15.5,14.5
2027,C_twin_dose+trend_alert,child#005,18515,30,5.0,6.0
2027,C_twin_dose+trend_alert,adolescent#010,18519,70,6.5,4.0
2027,C_twin_dose+trend_alert,adult#001,18521,35,2.0,4.5
2027,C_twin_dose+trend_alert,adult#007,18525,160,5.0,9.5
2027,C_twin_dose+trend_alert,child#004,18526,40,1.0,0.0
2027,C_twin_dose+trend_alert,child#003,18527,25,1.5,1.0
2027,C_twin_dose+trend_alert,adult#006,18532,95,14.5,6.0
2027,C_twin_dose+trend_alert,adolescent#005,18533,95,9.5,9.0
2027,C_twin_dose+trend_alert,adolescent#003,18546,100,4.5,7.5
2027,C_twin_dose+trend_alert,adolescent#007,18556,75,24.5,13.0
2027,C_twin_dose+trend_alert,adolescent#004,18557,105,12.5,8.0
2027,C_twin_dose+trend_alert,adult#004,18573,155,7.0,9.0
2027,C_twin_dose+trend_alert,adult#008,18573,170,12.5,11.0
2027,C_twin_dose+trend_alert,adult#002,18575,100,15.5,10.0
2027,C_twin_dose+trend_alert,child#006,18594,45,3.0,3.5
2027,C_twin_dose+trend_alert,adolescent#001,18611,90,4.5,6.5
2027,C_twin_dose+trend_alert,child#008,18619,70,5.0,7.0
2027,C_twin_dose+trend_alert,adult#010,18659,140,31.5,35.0
2027,C_twin_dose+trend_alert,child#007,19138,20,3.0,3.0
2027,C_twin_dose+trend_alert,adult#003,19157,100,13.5,14.5
2027,C_twin_dose+trend_alert,adolescent#005,19159,25,5.5,4.0
2027,C_twin_dose+trend_alert,adolescent#006,19159,50,10.5,8.5
2027,C_twin_dose+trend_alert,child#002,19162,20,3.5,3.5
2027,C_twin_dose+trend_alert,adult#001,19168,35,12.0,6.0
2027,C_twin_dose+trend_alert,adolescent#003,19169,40,2.5,2.0
2027,C_twin_dose+trend_alert,adult#007,19177,80,1.5,4.5
2027,C_twin_dose+trend_alert,adult#004,19192,80,5.5,5.5
2027,C_twin_dose+trend_alert,child#009,19196,20,1.0,2.0
2027,C_twin_dose+trend_alert,adolescent#009,19197,35,3.5,4.0
2027,C_twin_dose+trend_alert,adolescent#001,19199,55,5.0,5.5
2027,C_twin_dose+trend_alert,adolescent#008,19201,35,25.0,14.5
2027,C_twin_dose+trend_alert,child#005,19206,20,2.0,3.5
2027,C_twin_dose+trend_alert,adult#005,19212,45,14.5,12.0
2027,C_twin_dose+trend_alert,adult#006,19213,65,13.0,6.5
2027,C_twin_dose+trend_alert,child#004,19226,15,1.0,1.5
2027,C_twin_dose+trend_alert,child#006,19227,30,2.0,3.5
2027,C_twin_dose+trend_alert,adult#002,19234,75,12.5,7.5
2027,C_twin_dose+trend_alert,adolescent#004,19240,55,8.0,4.0
2027,C_twin_dose+trend_alert,child#008,19240,30,4.5,7.0
2027,C_twin_dose+trend_alert,child#001,19247,30,1.0,2.0
2027,C_twin_dose+trend_alert,adult#009,19250,50,20.5,18.0
2027,C_twin_dose+trend_alert,adult#008,19261,55,7.0,4.5
2027,C_twin_dose+trend_alert,child#010,19271,25,3.0,3.0
2027,C_twin_dose+trend_alert,child#010,19441,50,3.0,1.5
2027,C_twin_dose+trend_alert,child#006,19466,35,2.0,2.0
2027,C_twin_dose+trend_alert,child#003,19479,40,3.0,4.5
2027,C_twin_dose+trend_alert,adult#006,19485,55,8.0,5.0
2027,C_twin_dose+trend_alert,adolescent#008,19497,45,26.0,13.0
2027,C_twin_dose+trend_alert,adult#004,19498,120,6.0,7.0
2027,C_twin_dose+trend_alert,adult#003,19516,85,11.5,9.5
2027,C_twin_dose+trend_alert,adolescent#005,19517,85,9.0,9.0
2027,C_twin_dose+trend_alert,adult#009,19521,95,36.5,20.0
2027,C_twin_dose+trend_alert,child#001,19524,60,1.5,2.0
2027,C_twin_dose+trend_alert,child#009,19524,25,1.0,1.5
2027,C_twin_dose+trend_alert,adolescent#007,19527,40,11.5,5.0
2027,C_twin_dose+trend_alert,child#002,19527,40,3.5,3.0
2027,C_twin_dose+trend_alert,adolescent#009,19528,90,5.0,4.5
2027,C_twin_dose+trend_alert,adult#008,19529,60,6.0,4.0
2027,C_twin_dose+trend_alert,child#008,19531,40,3.0,3.5
2027,C_twin_dose+trend_alert,adult#007,19542,115,2.0,6.5
2027,C_twin_dose+trend_alert,child#007,19542,60,11.0,6.0
2027,C_twin_dose+trend_alert,adult#002,19544,165,22.0,16.0
2027,C_twin_dose+trend_alert,adult#005,19544,105,21.0,23.5
2027,C_twin_dose+trend_alert,child#005,19544,45,5.0,7.5
2027,C_twin_dose+trend_alert,adolescent#010,19546,110,15.0,7.5
2027,C_twin_dose+trend_alert,adolescent#003,19549,40,2.5,2.0
2027,C_twin_dose+trend_alert,adolescent#002,19550,120,28.5,22.0
2027,C_twin_dose+trend_alert,adult#001,19554,45,9.5,6.0
2027,C_twin_dose+trend_alert,adult#010,19556,80,9.0,10.5
2027,C_twin_dose+trend_alert,child#004,19567,40,1.5,1.5
2027,C_twin_dose+trend_alert,adolescent#006,19608,45,10.0,8.0
2027,C_twin_dose+trend_alert,adolescent#001,19733,60,6.5,11.0
2027,C_twin_dose+trend_alert,adult#008,19735,15,5.0,3.0
2027,C_twin_dose+trend_alert,adult#003,19744,55,6.5,5.5
2027,C_twin_dose+trend_alert,adolescent#005,19749,20,2.0,1.5
2027,C_twin_dose+trend_alert,adult#002,19765,15,0.0,0.0
2027,C_twin_dose+trend_alert,child#006,19765,15,1.0,1.0
2027,C_twin_dose+trend_alert,adolescent#002,19799,20,0.5,3.5
2027,C_twin_dose+trend_alert,child#003,19916,90,4.5,5.0
2027,C_twin_dose+trend_alert,adolescent#010,19926,65,7.0,3.5
2027,C_twin_dose+trend_alert,adult#006,19927,105,18.5,10.0
2027,C_twin_dose+trend_alert,child#007,19930,40,6.0,7.0
2027,C_twin_dose+trend_alert,adult#007,19942,80,1.5,4.5
2027,C_twin_dose+trend_alert,adolescent#005,19950,85,8.0,7.5
2027,C_twin_dose+trend_alert,adolescent#004,19952,55,8.0,4.0
2027,C_twin_dose+trend_alert,child#005,19954,30,5.0,8.0
2027,C_twin_dose+trend_alert,child#002,19963,40,3.5,2.0
2027,C_twin_dose+trend_alert,adult#002,19970,100,15.5,10.0
2027,C_twin_dose+trend_alert,adult#003,19975,100,13.5,11.0
2027,C_twin_dose+trend_alert,child#001,19976,65,1.5,2.5
2027,C_twin_dose+trend_alert,adolescent#007,19980,75,15.0,13.0
2027,C_twin_dose+trend_alert,adult#001,19980,55,10.5,7.0
2027,C_twin_dose+trend_alert,child#009,19987,60,1.5,3.0
2027,C_twin_dose+trend_alert,child#008,19991,50,4.0,6.5
2027,C_twin_dose+trend_alert,adolescent#003,19998,105,4.5,6.0
2027,C_twin_dose+trend_alert,adult#008,19999,45,4.5,3.0
2027,C_twin_dose+trend_alert,adolescent#006,20003,55,18.0,11.0
2027,C_twin_dose+trend_alert,child#006,20014,45,3.0,2.5
2027,C_twin_dose+trend_alert,adolescent#008,20022,60,34.0,21.0
2027,C_twin_dose+trend_alert,child#004,20027,35,1.5,2.5
2027,C_twin_dose+trend_alert,adolescent#002,20039,115,46.0,22.5
2027,C_twin_dose+trend_alert,child#010,20051,60,3.5,3.0
2027,C_twin_dose+trend_alert,adolescent#001,20053,75,4.5,5.5
2027,C_twin_dose+trend_alert,adult#005,20064,95,23.5,26.5
2027,D_dosetwin,child#004,10486,40,1.5,1.5
2027,D_dosetwin,child#007,10503,20,3.5,4.0
2027,D_dosetwin,adolescent#008,10506,45,28.5,19.0
2027,D_dosetwin,adult#007,10527,105,2.0,6.5
2027,D_dosetwin,adolescent#001,10528,30,4.0,4.0
2027,D_dosetwin,child#009,10540,25,1.0,2.0
2027,D_dosetwin,adult#002,10542,70,11.5,7.0
2027,D_dosetwin,adolescent#005,10543,60,8.0,7.5
2027,D_dosetwin,child#010,10553,30,2.5,2.5
2027,D_dosetwin,adult#001,10554,35,9.0,4.5
2027,D_dosetwin,child#003,10554,20,1.5,1.5
2027,D_dosetwin,adult#005,10557,65,19.0,22.5
2027,D_dosetwin,adult#010,10557,35,8.0,9.5
2027,D_dosetwin,adolescent#002,10559,30,15.0,8.0
2027,D_dosetwin,adult#004,10559,55,4.5,3.5
2027,D_dosetwin,child#005,10560,35,5.0,7.5
2027,D_dosetwin,adult#008,10561,40,6.0,4.0
2027,D_dosetwin,child#006,10561,25,2.0,2.0
2027,D_dosetwin,adult#003,10565,25,6.0,7.0
2027,D_dosetwin,adolescent#009,10568,85,5.5,6.0
2027,D_dosetwin,adult#009,10570,60,19.5,10.0
2027,D_dosetwin,child#001,10571,20,1.0,2.5
2027,D_dosetwin,adolescent#010,10572,75,8.0,7.0
2027,D_dosetwin,adolescent#006,10576,55,12.0,10.5
2027,D_dosetwin,child#002,10577,20,3.5,3.0
2027,D_dosetwin,adult#006,10582,35,10.0,5.0
2027,D_dosetwin,adolescent#003,10595,60,3.0,3.0
2027,D_dosetwin,adolescent#007,10604,30,15.0,8.5
2027,D_dosetwin,adolescent#004,10608,25,5.5,3.0
2027,D_dosetwin,child#008,10611,25,4.0,5.5
2027,D_dosetwin,adolescent#009,10823,105,5.0,5.5
2027,D_dosetwin,adolescent#008,10826,90,44.0,26.0
2027,D_dosetwin,child#006,10842,90,3.5,5.5
2027,D_dosetwin,adult#006,10843,160,23.5,14.0
2027,D_dosetwin,child#001,10853,40,1.0,2.0
2027,D_dosetwin,child#007,10853,45,4.5,4.5
2027,D_dosetwin,adolescent#004,10863,40,6.0,3.0
2027,D_dosetwin,child#010,10863,55,3.5,4.5
2027,D_dosetwin,adolescent#007,10869,35,11.0,5.5
2027,D_dosetwin,child#009,10887,50,1.5,2.5
2027,D_dosetwin,adolescent#003,10892,45,3.5,4.0
2027,D_dosetwin,adolescent#010,10895,90,8.5,5.0
2027,D_dosetwin,adult#005,10896,80,18.5,18.0
2027,D_dosetwin,child#005,10896,40,4.0,7.0
2027,D_dosetwin,adolescent#002,10900,145,35.5,27.0
2027,D_dosetwin,adult#003,10900,55,8.0,6.5
2027,D_dosetwin,adult#004,10901,115,6.0,7.0
2027,D_dosetwin,adult#007,10907,95,1.5,5.0
2027,D_dosetwin,adult#009,10908,140,51.0,24.5
2027,D_dosetwin,adult#002,10911,45,4.5,4.5
2027,D_dosetwin,child#003,10917,35,2.0,1.5
2027,D_dosetwin,adolescent#006,10920,100,18.0,15.0
2027,D_dosetwin,adult#008,10921,105,9.0,7.0
2027,D_dosetwin,child#002,10929,60,6.0,3.0
2027,D_dosetwin,adolescent#005,10932,125,10.5,12.5
2027,D_dosetwin,adult#001,10944,45,8.5,6.0
2027,D_dosetwin,adult#004,11073,30,1.5,0.0
2027,D_dosetwin,adult#010,11108,40,1.0,7.5
2027,D_dosetwin,adult#003,11131,20,3.5,2.5
2027,D_dosetwin,adolescent#007,11153,20,6.0,3.0
2027,D_dosetwin,child#005,11165,20,4.5,4.0
2027,D_dosetwin,adolescent#005,11167,25,5.0,6.0
2027,D_dosetwin,child#007,11169,10,2.5,1.0
2027,D_dosetwin,adolescent#009,11174,35,2.5,2.0
2027,D_dosetwin,adolescent#004,11275,95,11.0,7.5
2027,D_dosetwin,adult#003,11295,95,11.0,9.5
2027,D_dosetwin,child#009,11300,25,1.0,2.0
2027,D_dosetwin,adolescent#002,11303,85,25.5,15.5
2027,D_dosetwin,adult#009,11310,75,25.0,12.5
2027,D_dosetwin,adult#005,11315,95,23.5,25.0
2027,D_dosetwin,adolescent#005,11322,80,6.5,5.5
2027,D_dosetwin,child#006,11328,45,2.5,4.0
2027,D_dosetwin,adolescent#006,11329,90,17.0,15.0
2027,D_dosetwin,child#002,11336,65,4.5,3.5
2027,D_dosetwin,child#008,11339,35,2.5,3.0
2027,D_dosetwin,child#005,11352,40,7.0,6.0
2027,D_dosetwin,child#010,11357,40,3.0,2.0
2027,D_dosetwin,adolescent#001,11361,70,0.0,0.0
2027,D_dosetwin,adolescent#007,11366,95,19.0,14.0
2027,D_dosetwin,adult#004,11366,50,5.5,4.0
2027,D_dosetwin,adult#006,11366,165,24.0,15.0
2027,D_dosetwin,adolescent#003,11368,90,4.0,6.0
2027,D_dosetwin,adolescent#010,11370,105,9.5,6.5
2027,D_dosetwin,adult#001,11370,70,13.0,9.0
2027,D_dosetwin,child#001,11372,55,1.5,3.0
2027,D_dosetwin,child#003,11382,70,3.5,3.0
2027,D_dosetwin,child#004,11383,55,1.5,2.0
2027,D_dosetwin,adult#007,11384,145,2.5,8.0
2027,D_dosetwin,adult#008,11384,165,11.5,11.0
2027,D_dosetwin,adult#010,11396,80,21.0,19.5
2027,D_dosetwin,child#007,11405,30,4.0,3.0
2027,D_dosetwin,adolescent#009,11410,125,6.0,6.5
2027,D_dosetwin,adult#002,11417,75,15.0,7.5
2027,D_dosetwin,adolescent#001,11968,50,5.5,8.0
2027,D_dosetwin,child#008,11971,30,4.0,4.5
2027,D_dosetwin,adult#003,11980,45,7.5,6.5
2027,D_dosetwin,child#002,11980,30,3.0,2.0
2027,D_dosetwin,adult#005,11981,40,14.5,15.0
2027,D_dosetwin,child#010,11983,45,3.0,3.5
2027,D_dosetwin,adult#006,11984,45,10.0,5.0
2027,D_dosetwin,adult#009,11984,70,23.0,11.5
2027,D_dosetwin,adolescent#010,11986,55,6.5,5.5
2027,D_dosetwin,adolescent#005,11989,25,5.0,3.0
2027,D_dosetwin,child#006,11993,35,2.0,3.0
2027,D_dosetwin,adolescent#004,11994,40,6.0,3.0
2027,D_dosetwin,adult#004,11997,55,5.0,5.5
2027,D_dosetwin,child#001,11998,25,1.0,1.0
2027,D_dosetwin,adolescent#002,12000,35,12.5,10.0
2027,D_dosetwin,child#004,12000,15,1.0,1.5
2027,D_dosetwin,child#005,12000,55,7.0,11.0
2027,D_dosetwin,adolescent#003,12001,65,3.5,4.5
2027,D_dosetwin,adolescent#008,12004,65,35.0,22.0
2027,D_dosetwin,adult#008,12004,40,4.5,2.5
2027,D_dosetwin,adult#007,12007,35,1.0,2.0
2027,D_dosetwin,adult#001,12012,40,10.0,5.0
2027,D_dosetwin,adolescent#007,12014,35,10.0,5.5
2027,D_dosetwin,adolescent#009,12021,70,4.5,3.5
2027,D_dosetwin,child#009,12040,20,1.0,2.5
2027,D_dosetwin,adolescent#006,12041,30,7.5,6.0
2027,D_dosetwin,child#003,12043,15,1.0,1.0
2027,D_dosetwin,adult#002,12045,45,9.0,4.5
2027,D_dosetwin,adult#010,12049,35,8.0,9.5
2027,D_dosetwin,child#007,12049,30,4.5,5.5
2027,D_dosetwin,child#006,12247,50,2.5,3.0
2027,D_dosetwin,adult#005,12282,80,19.0,21.0
2027,D_dosetwin,child#003,12301,50,3.0,2.5
2027,D_dosetwin,child#001,12302,50,1.0,2.0
2027,D_dosetwin,adolescent#005,12305,70,7.5,6.5
2027,D_dosetwin,adolescent#007,12305,40,10.0,6.0
2027,D_dosetwin,adult#007,12307,65,2.0,3.5
2027,D_dosetwin,adolescent#003,12311,75,3.5,4.0
2027,D_dosetwin,adult#002,12312,60,8.5,6.0
2027,D_dosetwin,child#009,12314,45,1.0,2.0
2027,D_dosetwin,adult#001,12328,70,12.0,9.0
2027,D_dosetwin,adolescent#008,12335,55,31.0,15.5
2027,D_dosetwin,child#002,12337,80,7.5,7.0
2027,D_dosetwin,child#010,12338,20,2.0,1.0
2027,D_dosetwin,adult#009,12340,50,24.0,12.0
2027,D_dosetwin,adolescent#004,12341,60,8.0,4.5
2027,D_dosetwin,adult#003,12348,85,11.0,11.0
2027,D_dosetwin,adult#004,12359,90,7.5,7.0
2027,D_dosetwin,adolescent#010,12360,75,6.5,4.5
2027,D_dosetwin,child#005,12370,40,4.0,7.0
2027,D_dosetwin,child#008,12374,50,4.0,4.5
2027,D_dosetwin,adolescent#001,12375,105,6.5,7.5
2027,D_dosetwin,adult#010,12379,85,14.5,16.5
2027,D_dosetwin,adolescent#006,12388,100,18.5,16.5
2027,D_dosetwin,child#007,12402,30,3.5,3.5
2027,D_dosetwin,adolescent#002,12403,100,28.5,19.0
2027,D_dosetwin,child#004,12418,55,2.5,2.0
2027,D_dosetwin,adult#001,12532,20,0.0,1.0
2027,D_dosetwin,child#004,12536,10,0.0,0.0
2027,D_dosetwin,child#001,12543,15,0.5,0.5
2027,D_dosetwin,adult#008,12556,30,7.5,6.0
2027,D_dosetwin,adult#004,12574,40,4.0,2.0
2027,D_dosetwin,child#008,12586,15,1.0,1.0
2027,D_dosetwin,adolescent#006,12598,30,6.5,2.0
2027,D_dosetwin,child#006,12609,15,1.5,1.0
2027,D_dosetwin,child#003,12610,15,1.5,1.0
2027,D_dosetwin,adolescent#009,12643,30,3.0,0.5
2027,D_dosetwin,child#009,12702,40,1.5,3.0
2027,D_dosetwin,adult#001,12703,55,9.0,7.0
2027,D_dosetwin,adolescent#002,12725,130,30.5,25.5
2027,D_dosetwin,child#003,12726,60,4.0,2.0
2027,D_dosetwin,adolescent#001,12727,90,5.5,6.5
2027,D_dosetwin,adult#008,12735,90,6.5,4.0
2027,D_dosetwin,child#001,12735,105,1.5,3.0
2027,D_dosetwin,child#010,12739,35,3.0,5.0
2027,D_dosetwin,adult#003,12740,85,11.0,9.5
2027,D_dosetwin,adult#006,12744,45,9.0,4.5
2027,D_dosetwin,adolescent#006,12745,130,21.5,17.0
2027,D_dosetwin,child#006,12747,15,1.0,0.0
2027,D_dosetwin,adult#009,12748,65,21.0,10.5
2027,D_dosetwin,child#007,12750,60,7.5,9.5
2027,D_dosetwin,adolescent#008,12752,55,34.5,23.0
2027,D_dosetwin,child#004,12759,60,2.5,2.0
2027,D_dosetwin,adult#004,12762,95,5.0,5.0
2027,D_dosetwin,child#005,12762,35,2.0,6.5
2027,D_dosetwin,adolescent#004,12764,125,13.5,9.5
2027,D_dosetwin,adult#002,12776,90,14.5,10.5
2027,D_dosetwin,adult#010,12791,90,15.5,19.0
2027,D_dosetwin,adolescent#010,12806,60,7.0,5.0
2027,D_dosetwin,adult#007,12826,60,1.0,3.5
2027,D_dosetwin,adolescent#003,12830,145,6.0,9.0
2027,D_dosetwin,child#008,12831,65,4.0,5.5
2027,D_dosetwin,adolescent#009,12852,115,5.0,5.5
2027,D_dosetwin,adult#005,12878,60,15.5,13.5
2027,D_dosetwin,child#002,13389,15,0.0,1.0
2027,D_dosetwin,child#006,13401,15,1.5,1.5
2027,D_dosetwin,adult#005,13412,65,19.5,26.0
2027,D_dosetwin,child#010,13412,25,2.5,3.0
2027,D_dosetwin,adult#007,13416,115,2.0,6.5
2027,D_dosetwin,adolescent#010,13417,45,6.0,5.0
2027,D_dosetwin,adult#002,13420,90,14.0,9.0
2027,D_dosetwin,adult#008,13421,65,10.5,5.5
2027,D_dosetwin,adult#010,13431,60,11.5,13.0
2027,D_dosetwin,adolescent#009,13438,75,5.0,4.0
2027,D_dosetwin,adolescent#004,13439,25,5.0,2.0
2027,D_dosetwin,adult#001,13445,55,16.5,9.5
2027,D_dosetwin,adolescent#008,13450,40,27.0,18.0
2027,D_dosetwin,adult#009,13452,45,15.0,7.5
2027,D_dosetwin,adolescent#006,13454,40,9.0,7.5
2027,D_dosetwin,adolescent#001,13456,100,7.0,11.0
2027,D_dosetwin,adult#006,13457,90,16.0,8.0
2027,D_dosetwin,adult#004,13459,100,6.0,7.5
2027,D_dosetwin,child#008,13461,15,3.0,4.0
2027,D_dosetwin,child#007,13463,20,5.0,6.0
2027,D_dosetwin,adolescent#007,13465,35,10.5,5.5
2027,D_dosetwin,adolescent#002,13468,75,20.5,15.5
2027,D_dosetwin,adolescent#005,13469,25,5.5,4.0
2027,D_dosetwin,adult#003,13477,25,5.5,5.0
2027,D_dosetwin,child#009,13484,15,1.0,1.5
2027,D_dosetwin,child#004,13489,35,1.0,1.5
2027,D_dosetwin,adolescent#003,13496,45,2.5,3.0
2027,D_dosetwin,child#001,13504,40,1.5,3.0
2027,D_dosetwin,child#006,13706,20,1.5,1.0
2027,D_dosetwin,child#001,13714,55,1.0,1.5
2027,D_dosetwin,adult#008,13719,45,3.5,3.0
2027,D_dosetwin,child#004,13722,50,2.0,2.0
2027,D_dosetwin,adolescent#007,13739,65,14.5,10.5
2027,D_dosetwin,child#010,13746,45,3.0,3.0
2027,D_dosetwin,adolescent#008,13750,30,17.0,8.5
2027,D_dosetwin,adolescent#006,13757,90,16.5,13.5
2027,D_dosetwin,adolescent#002,13761,70,17.0,13.0
2027,D_dosetwin,adolescent#009,13769,80,4.5,4.0
2027,D_dosetwin,adolescent#005,13772,75,8.0,7.0
2027,D_dosetwin,child#002,13773,25,3.0,2.5
2027,D_dosetwin,adult#010,13779,120,18.5,23.5
2027,D_dosetwin,adult#007,13788,125,2.0,7.0
2027,D_dosetwin,adult#002,13796,65,11.0,7.5
2027,D_dosetwin,adult#001,13802,65,0.0,8.5
2027,D_dosetwin,adolescent#001,13806,90,5.5,6.5
2027,D_dosetwin,child#008,13809,30,4.0,7.0
2027,D_dosetwin,adult#006,13812,195,26.0,17.0
2027,D_dosetwin,adult#009,13823,75,25.0,12.5
2027,D_dosetwin,adult#004,13829,40,2.5,2.5
2027,D_dosetwin,child#007,13831,40,5.5,5.0
2027,D_dosetwin,adult#005,13838,90,20.5,20.0
2027,D_dosetwin,adolescent#003,13849,40,2.5,3.0
2027,D_dosetwin,adult#003,13860,45,11.5,7.0
2027,D_dosetwin,child#004,13939,10,0.0,0.0
2027,D_dosetwin,child#007,13976,10,0.0,0.0
2027,D_dosetwin,adult#006,13978,20,0.0,0.0
2027,D_dosetwin,adolescent#008,13991,15,15.0,11.0
2027,D_dosetwin,child#002,13993,15,1.0,0.5
2027,D_dosetwin,adult#004,14008,30,4.0,2.5
2027,D_dosetwin,child#001,14013,10,1.0,2.5
2027,D_dosetwin,adult#007,14016,25,0.5,2.5
2027,D_dosetwin,adolescent#009,14021,40,4.0,2.0
2027,D_dosetwin,adolescent#001,14032,20,0.5,1.0
2027,D_dosetwin,adult#008,14041,15,3.0,1.0
2027,D_dosetwin,child#003,14044,15,0.0,0.0
2027,D_dosetwin,adolescent#007,14045,15,3.0,2.5
2027,D_dosetwin,adult#002,14067,20,0.0,2.0
2027,D_dosetwin,child#009,14137,20,1.0,1.0
2027,D_dosetwin,child#003,14144,45,2.5,2.0
2027,D_dosetwin,adolescent#004,14153,65,0.0,5.0
2027,D_dosetwin,adult#009,14157,105,39.0,21.0
2027,D_dosetwin,adolescent#005,14162,45,6.5,6.0
2027,D_dosetwin,adult#004,14162,100,6.5,4.5
2027,D_dosetwin,adult#003,14177,55,12.0,6.0
2027,D_dosetwin,adult#006,14197,65,11.0,5.5
2027,D_dosetwin,adult#005,14200,110,25.5,30.0
2027,D_dosetwin,adolescent#010,14204,85,5.5,5.0
2027,D_dosetwin,adolescent#009,14206,110,5.0,4.5
2027,D_dosetwin,adult#001,14209,55,18.5,17.0
2027,D_dosetwin,adult#008,14210,50,3.0,2.5
2027,D_dosetwin,child#002,14213,35,4.0,1.5
2027,D_dosetwin,child#007,14214,45,5.5,5.5
2027,D_dosetwin,child#005,14218,25,5.5,4.5
2027,D_dosetwin,adolescent#003,14223,80,3.5,4.5
2027,D_dosetwin,adult#007,14234,135,2.5,7.5
2027,D_dosetwin,child#001,14235,20,0.5,0.5
2027,D_dosetwin,adult#002,14240,90,18.0,9.0
2027,D_dosetwin,adolescent#007,14252,40,10.0,5.5
2027,D_dosetwin,adult#010,14268,90,15.5,17.5
2027,D_dosetwin,child#004,14270,30,1.0,1.0
2027,D_dosetwin,child#008,14273,35,3.5,4.5
2027,D_dosetwin,child#006,14298,50,2.5,3.0
2027,D_dosetwin,adolescent#006,14306,165,27.5,24.5
2027,D_dosetwin,adult#004,14810,55,4.5,4.0
2027,D_dosetwin,adult#003,14822,60,9.0,9.5
2027,D_dosetwin,child#005,14846,35,4.0,6.0
2027,D_dosetwin,child#009,14846,40,1.5,2.5
2027,D_dosetwin,adult#008,14860,45,5.0,3.0
2027,D_dosetwin,child#003,14865,20,1.0,1.0
2027,D_dosetwin,child#001,14866,15,1.0,1.5
2027,D_dosetwin,child#002,14873,45,4.0,3.5
2027,D_dosetwin,adult#007,14877,50,0.5,2.5
2027,D_dosetwin,adolescent#009,14883,40,4.0,6.0
2027,D_dosetwin,adolescent#003,14884,80,4.0,5.0
2027,D_dosetwin,adolescent#006,14885,35,8.5,7.5
2027,D_dosetwin,child#010,14895,15,2.0,1.5
2027,D_dosetwin,adult#002,14897,90,15.5,9.0
2027,D_dosetwin,adult#010,14900,75,13.5,15.0
2027,D_dosetwin,child#008,14900,20,4.0,5.5
2027,D_dosetwin,adult#001,14902,45,12.0,6.0
2027,D_dosetwin,child#006,14906,45,2.5,2.5
2027,D_dosetwin,adolescent#010,14910,60,6.5,5.0
2027,D_dosetwin,adolescent#007,14911,55,20.0,9.5
2027,D_dosetwin,adult#005,14912,45,21.5,15.0
2027,D_dosetwin,adult#009,14913,55,18.0,9.0
2027,D_dosetwin,adolescent#001,14924,60,5.5,6.5
2027,D_dosetwin,child#004,14926,10,0.5,0.5
2027,D_dosetwin,adolescent#008,14927,35,24.0,12.0
2027,D_dosetwin,adult#006,14949,100,20.0,9.5
2027,D_dosetwin,child#007,14951,40,8.0,5.5
2027,D_dosetwin,adolescent#005,15117,55,5.0,4.5
2027,D_dosetwin,adult#008,15142,90,8.5,6.0
2027,D_dosetwin,adolescent#004,15164,50,0.5,4.5
2027,D_dosetwin,adult#009,15177,140,53.0,28.0
2027,D_dosetwin,adult#010,15181,105,16.5,26.5
2027,D_dosetwin,child#001,15181,50,1.0,1.5
2027,D_dosetwin,adolescent#009,15184,115,5.5,6.0
2027,D_dosetwin,adolescent#002,15187,70,16.5,11.5
2027,D_dosetwin,adolescent#010,15188,40,0.0,2.5
2027,D_dosetwin,child#007,15192,35,4.5,3.5
2027,D_dosetwin,adolescent#006,15196,90,17.5,16.0
2027,D_dosetwin,adult#003,15199,55,13.5,7.0
2027,D_dosetwin,adult#007,15199,135,2.5,9.0
2027,D_dosetwin,adolescent#007,15203,80,0.0,12.5
2027,D_dosetwin,child#002,15205,40,3.5,2.5
2027,D_dosetwin,child#006,15208,30,2.0,1.5
2027,D_dosetwin,adult#001,15211,90,12.5,11.5
2027,D_dosetwin,adult#002,15213,95,13.0,9.5
2027,D_dosetwin,child#008,15216,45,3.5,5.5
2027,D_dosetwin,adolescent#003,15225,80,4.0,4.0
2027,D_dosetwin,child#009,15225,30,1.0,1.5
2027,D_dosetwin,adolescent#008,15233,50,29.0,14.5
2027,D_dosetwin,adult#004,15233,70,5.0,4.5
2027,D_dosetwin,child#010,15235,65,3.5,3.5
2027,D_dosetwin,child#004,15255,40,2.0,3.5
2027,D_dosetwin,adult#005,15261,70,17.5,15.5
2027,D_dosetwin,adult#006,15283,70,12.0,6.0
2027,D_dosetwin,child#003,15318,55,4.0,3.0
2027,D_dosetwin,child#008,15403,15,1.0,4.5
2027,D_dosetwin,adolescent#008,15409,25,14.5,3.5
2027,D_dosetwin,adolescent#002,15411,15,2.0,4.5
2027,D_dosetwin,adult#003,15426,25,3.0,2.0
2027,D_dosetwin,adult#006,15429,15,0.0,0.0
2027,D_dosetwin,adult#009,15450,20,15.0,12.0
2027,D_dosetwin,adolescent#010,15454,20,3.0,2.0
2027,D_dosetwin,child#009,15546,10,1.0,1.5
2027,D_dosetwin,adolescent#002,15590,160,39.0,29.0
2027,D_dosetwin,adolescent#001,15607,90,7.0,9.5
2027,D_dosetwin,adult#004,15611,110,6.0,6.5
2027,D_dosetwin,adolescent#004,15616,45,7.0,3.5
2027,D_dosetwin,child#010,15625,95,4.0,4.5
2027,D_dosetwin,adolescent#003,15627,60,3.0,3.0
2027,D_dosetwin,adolescent#007,15629,45,12.0,7.0
2027,D_dosetwin,adult#008,15634,75,7.5,5.0
2027,D_dosetwin,adult#010,15640,85,15.5,22.0
2027,D_dosetwin,adolescent#006,15641,80,23.5,14.5
2027,D_dosetwin,adolescent#009,15648,145,9.0,11.0
2027,D_dosetwin,adult#006,15652,110,19.0,9.5
2027,D_dosetwin,adult#001,15656,60,8.5,8.0
2027,D_dosetwin,adult#003,15656,55,7.5,6.0
2027,D_dosetwin,adult#009,15657,115,38.0,17.0
2027,D_dosetwin,adult#005,15661,90,18.5,20.0
2027,D_dosetwin,adult#007,15664,125,2.0,7.0
2027,D_dosetwin,child#002,15664,45,4.0,3.0
2027,D_dosetwin,child#008,15672,25,3.0,2.0
2027,D_dosetwin,adolescent#008,15674,100,45.5,28.5
2027,D_dosetwin,child#007,15675,45,9.0,5.5
2027,D_dosetwin,child#009,15675,40,1.0,1.5
2027,D_dosetwin,child#006,15677,45,2.5,2.5
2027,D_dosetwin,child#004,15710,15,1.0,1.0
2027,D_dosetwin,adult#002,15717,135,20.0,17.0
2027,D_dosetwin,child#001,15722,25,1.0,1.0
2027,D_dosetwin,child#005,15738,40,4.0,7.0
2027,D_dosetwin,adult#009,16272,30,10.0,5.0
2027,D_dosetwin,child#007,16297,25,4.5,6.5
2027,D_dosetwin,adolescent#003,16305,45,4.0,2.5
2027,D_dosetwin,adult#003,16305,60,8.5,6.5
2027,D_dosetwin,child#002,16308,35,3.5,4.0
2027,D_dosetwin,adolescent#007,16311,35,10.5,5.5
2027,D_dosetwin,adult#005,16312,35,13.0,11.0
2027,D_dosetwin,adolescent#008,16313,40,27.0,18.0
2027,D_dosetwin,adult#010,16313,115,18.5,22.5
2027,D_dosetwin,adolescent#004,16315,35,6.5,3.5
2027,D_dosetwin,child#004,16317,20,1.0,1.0
2027,D_dosetwin,adult#008,16320,40,5.0,2.5
2027,D_dosetwin,adult#007,16321,65,1.0,3.5
2027,D_dosetwin,child#006,16325,25,2.0,2.0
2027,D_dosetwin,child#005,16327,25,4.0,5.5
2027,D_dosetwin,child#008,16329,30,4.5,4.0
2027,D_dosetwin,adolescent#005,16333,40,6.5,5.0
2027,D_dosetwin,adult#002,16334,65,11.0,6.5
2027,D_dosetwin,adolescent#009,16346,75,5.0,4.5
2027,D_dosetwin,adolescent#001,16347,40,4.5,4.5
2027,D_dosetwin,adult#001,16358,40,15.5,7.5
2027,D_dosetwin,child#009,16358,15,1.0,3.0
2027,D_dosetwin,child#010,16373,40,3.5,2.5
2027,D_dosetwin,adult#004,16379,50,5.5,4.0
2027,D_dosetwin,child#003,16395,25,2.5,1.0
2027,D_dosetwin,adolescent#010,16410,85,10.0,5.0
2027,D_dosetwin,adolescent#004,16586,50,6.0,4.0
2027,D_dosetwin,adolescent#003,16617,115,4.5,6.0
2027,D_dosetwin,adult#001,16620,80,6.5,10.5
2027,D_dosetwin,child#007,16623,55,6.0,5.5
2027,D_dosetwin,child#010,16623,40,2.5,2.0
2027,D_dosetwin,child#008,16635,40,3.0,3.0
2027,D_dosetwin,child#006,16640,35,2.0,2.0
2027,D_dosetwin,adolescent#002,16642,80,20.5,15.5
2027,D_dosetwin,adolescent#007,16642,45,14.0,7.0
2027,D_dosetwin,child#001,16643,35,1.0,1.0
2027,D_dosetwin,child#002,16658,25,2.5,1.5
2027,D_dosetwin,child#003,16665,50,2.5,2.0
2027,D_dosetwin,adult#004,16667,120,8.0,8.5
2027,D_dosetwin,child#004,16667,60,2.5,2.5
2027,D_dosetwin,adolescent#006,16669,120,32.5,19.5
2027,D_dosetwin,child#009,16670,45,1.5,2.0
2027,D_dosetwin,adult#003,16675,90,11.5,10.0
2027,D_dosetwin,adult#009,16677,70,22.5,11.5
2027,D_dosetwin,child#005,16678,65,6.5,11.0
2027,D_dosetwin,adolescent#010,16685,35,5.0,2.0
2027,D_dosetwin,adult#005,16688,95,22.5,24.5
2027,D_dosetwin,adult#010,16699,70,14.0,13.5
2027,D_dosetwin,adolescent#009,16708,135,8.5,9.0
2027,D_dosetwin,adult#006,16710,85,15.0,7.5
2027,D_dosetwin,adolescent#008,16726,60,45.0,22.5
2027,D_dosetwin,adult#008,16731,110,10.0,7.5
2027,D_dosetwin,adult#002,16735,65,11.0,6.5
2027,D_dosetwin,child#001,16833,15,1.0,1.0
2027,D_dosetwin,adult#004,16838,35,2.0,0.0
2027,D_dosetwin,adult#006,16861,35,0.0,0.0
2027,D_dosetwin,adolescent#004,16877,10,1.5,1.0
2027,D_dosetwin,adolescent#008,16901,45,19.5,3.0
2027,D_dosetwin,child#003,16909,15,1.5,1.5
2027,D_dosetwin,adolescent#002,16912,25,5.0,11.0
2027,D_dosetwin,adult#007,16922,40,1.0,5.0
2027,D_dosetwin,adolescent#009,16930,15,0.0,0.0
2027,D_dosetwin,child#008,16932,15,0.0,0.0
2027,D_dosetwin,adult#009,16940,45,21.0,11.0
2027,D_dosetwin,adult#001,17000,85,15.0,11.0
2027,D_dosetwin,adolescent#002,17016,190,41.0,35.0
2027,D_dosetwin,child#001,17023,60,1.0,1.5
2027,D_dosetwin,adolescent#009,17046,115,5.5,6.0
2027,D_dosetwin,child#007,17056,65,7.5,9.0
2027,D_dosetwin,adult#004,17069,85,5.0,5.0
2027,D_dosetwin,adult#006,17070,80,14.0,7.0
2027,D_dosetwin,adult#007,17081,125,2.0,7.5
2027,D_dosetwin,adolescent#008,17085,65,0.0,14.0
2027,D_dosetwin,child#008,17088,75,2.0,7.0
2027,D_dosetwin,adult#003,17089,75,10.5,8.5
2027,D_dosetwin,adolescent#010,17094,105,9.0,6.0
2027,D_dosetwin,adult#009,17096,50,16.0,1.0
2027,D_dosetwin,child#006,17096,70,4.0,4.0
2027,D_dosetwin,adolescent#006,17103,130,34.5,20.5
2027,D_dosetwin,child#004,17110,40,1.5,3.0
2027,D_dosetwin,child#003,17111,45,2.5,2.0
2027,D_dosetwin,adolescent#005,17127,50,6.5,4.5
2027,D_dosetwin,adult#005,17129,145,30.5,35.5
2027,D_dosetwin,child#005,17141,20,3.0,4.0
2027,D_dosetwin,adult#008,17142,45,4.0,3.0
2027,D_dosetwin,child#009,17144,30,1.0,2.0
2027,D_dosetwin,adolescent#007,17146,40,11.5,6.0
2027,D_dosetwin,adolescent#003,17154,95,4.5,5.5
2027,D_dosetwin,adult#002,17161,80,12.5,9.0
2027,D_dosetwin,child#002,17175,45,3.5,2.5
2027,D_dosetwin,child#010,17187,45,3.0,2.0
2027,D_dosetwin,adolescent#006,17726,75,14.5,12.0
2027,D_dosetwin,adolescent#008,17728,35,24.5,13.5
2027,D_dosetwin,child#003,17728,25,2.0,1.5
2027,D_dosetwin,adolescent#010,17736,100,9.0,6.5
2027,D_dosetwin,child#008,17736,30,4.0,6.5
2027,D_dosetwin,child#006,17739,75,3.0,5.0
2027,D_dosetwin,adult#006,17745,40,9.0,4.5
2027,D_dosetwin,child#007,17746,35,4.0,4.0
2027,D_dosetwin,adolescent#001,17754,70,6.5,9.0
2027,D_dosetwin,adolescent#003,17758,50,4.0,3.5
2027,D_dosetwin,adolescent#009,17764,55,4.0,3.0
2027,D_dosetwin,adult#002,17764,75,12.0,7.5
2027,D_dosetwin,adolescent#007,17765,45,12.5,7.0
2027,D_dosetwin,adult#004,17767,125,6.5,7.5
2027,D_dosetwin,adolescent#004,17768,50,7.5,4.0
2027,D_dosetwin,adolescent#002,17772,40,13.5,8.5
2027,D_dosetwin,adult#007,17773,65,2.0,3.5
2027,D_dosetwin,child#009,17773,20,1.0,1.5
2027,D_dosetwin,child#004,17776,30,1.0,2.0
2027,D_dosetwin,child#001,17792,40,1.0,2.5
2027,D_dosetwin,child#005,17792,20,5.0,5.0
2027,D_dosetwin,adult#009,17797,40,13.0,6.5
2027,D_dosetwin,child#002,17804,25,3.0,3.5
2027,D_dosetwin,adolescent#005,17806,40,8.0,4.0
2027,D_dosetwin,child#010,17809,35,3.5,2.5
2027,D_dosetwin,adult#003,17813,45,7.5,7.0
2027,D_dosetwin,adult#003,17994,45,5.0,3.0
2027,D_dosetwin,adolescent#010,18037,65,7.0,4.0
2027,D_dosetwin,adolescent#006,18041,80,14.5,12.0
2027,D_dosetwin,child#009,18042,40,1.0,2.0
2027,D_dosetwin,adult#006,18043,60,10.0,5.0
2027,D_dosetwin,adult#010,18049,140,18.0,26.5
2027,D_dosetwin,child#007,18049,30,3.5,3.0
2027,D_dosetwin,adult#002,18060,55,5.5,5.5
2027,D_dosetwin,child#008,18060,20,2.5,2.0
2027,D_dosetwin,adult#008,18062,85,10.0,9.0
2027,D_dosetwin,child#003,18071,50,3.0,2.5
2027,D_dosetwin,adolescent#002,18074,90,22.0,16.5
2027,D_dosetwin,adolescent#005,18074,80,7.5,7.5
2027,D_dosetwin,adult#005,18077,70,1.0,17.0
2027,D_dosetwin,adolescent#007,18080,40,12.0,6.0
2027,D_dosetwin,child#005,18086,50,6.5,9.5
2027,D_dosetwin,child#001,18093,45,1.0,1.5
2027,D_dosetwin,adolescent#008,18094,50,34.0,21.5
2027,D_dosetwin,adolescent#001,18101,150,8.0,10.5
2027,D_dosetwin,adolescent#004,18103,75,9.0,6.0
2027,D_dosetwin,adult#004,18110,85,5.0,5.0
2027,D_dosetwin,adult#009,18115,80,26.0,13.0
2027,D_dosetwin,child#002,18115,35,3.0,2.0
2027,D_dosetwin,child#006,18115,45,2.5,2.5
2027,D_dosetwin,child#004,18116,35,1.0,1.5
2027,D_dosetwin,adolescent#009,18151,110,8.0,6.0
2027,D_dosetwin,adult#001,18151,70,18.5,15.5
2027,D_dosetwin,adolescent#003,18175,55,3.0,3.0
2027,D_dosetwin,child#001,18290,20,0.5,0.5
2027,D_dosetwin,adult#008,18323,25,1.0,1.5
2027,D_dosetwin,adolescent#006,18347,35,8.0,6.0
2027,D_dosetwin,adolescent#001,18379,30,2.5,2.0
2027,D_dosetwin,adult#005,18396,35,13.0,12.0
2027,D_dosetwin,adult#006,18410,20,4.5,1.5
2027,D_dosetwin,adult#005,18483,120,19.0,22.5
2027,D_dosetwin,child#007,18492,25,2.5,2.5
2027,D_dosetwin,adolescent#006,18501,100,18.0,12.0
2027,D_dosetwin,child#002,18511,80,6.0,5.0
2027,D_dosetwin,child#010,18512,40,2.5,2.0
2027,D_dosetwin,adult#003,18513,120,15.5,14.5
2027,D_dosetwin,child#005,18515,30,5.0,6.0
2027,D_dosetwin,adolescent#010,18519,70,6.5,4.0
2027,D_dosetwin,adult#001,18521,35,2.0,4.5
2027,D_dosetwin,adult#007,18525,160,5.0,9.5
2027,D_dosetwin,child#004,18526,40,1.0,0.0
2027,D_dosetwin,child#003,18527,25,2.0,1.0
2027,D_dosetwin,adult#006,18532,95,14.5,6.0
2027,D_dosetwin,adolescent#005,18533,95,9.5,9.0
2027,D_dosetwin,adolescent#003,18546,100,4.5,7.5
2027,D_dosetwin,adolescent#007,18556,75,24.5,13.0
2027,D_dosetwin,adolescent#004,18557,105,12.5,8.0
2027,D_dosetwin,adult#004,18573,155,7.0,9.0
2027,D_dosetwin,adult#008,18573,170,12.5,11.0
2027,D_dosetwin,adult#002,18575,100,15.5,10.0
2027,D_dosetwin,child#006,18594,45,3.0,3.5
2027,D_dosetwin,adolescent#001,18611,90,4.5,6.5
2027,D_dosetwin,child#008,18619,70,5.0,7.0
2027,D_dosetwin,adult#010,18659,140,31.5,35.0
2027,D_dosetwin,child#007,19138,20,3.0,3.0
2027,D_dosetwin,adult#003,19157,100,13.5,13.5
2027,D_dosetwin,adolescent#005,19159,25,5.5,4.0
2027,D_dosetwin,adolescent#006,19159,50,10.5,8.5
2027,D_dosetwin,child#002,19162,20,3.5,2.5
2027,D_dosetwin,adult#001,19168,35,12.0,6.0
2027,D_dosetwin,adolescent#003,19169,40,2.5,2.0
2027,D_dosetwin,adult#007,19177,80,1.5,4.5
2027,D_dosetwin,adult#004,19192,80,5.5,5.5
2027,D_dosetwin,child#009,19196,20,1.0,2.0
2027,D_dosetwin,adolescent#009,19197,35,3.5,4.5
2027,D_dosetwin,adolescent#001,19199,55,5.0,5.5
2027,D_dosetwin,adolescent#008,19201,35,25.0,14.5
2027,D_dosetwin,child#005,19206,20,2.0,3.5
2027,D_dosetwin,adult#005,19212,45,14.5,12.0
2027,D_dosetwin,adult#006,19213,65,13.0,6.5
2027,D_dosetwin,child#004,19226,15,1.0,1.5
2027,D_dosetwin,child#006,19227,30,2.0,3.5
2027,D_dosetwin,adult#002,19234,75,12.0,7.5
2027,D_dosetwin,adolescent#004,19240,55,8.0,4.0
2027,D_dosetwin,child#008,19240,30,4.5,4.0
2027,D_dosetwin,child#001,19247,30,1.0,1.5
2027,D_dosetwin,adult#009,19250,50,20.0,17.5
2027,D_dosetwin,adult#008,19261,55,7.0,4.5
2027,D_dosetwin,child#010,19271,25,3.0,3.0
2027,D_dosetwin,child#010,19441,50,2.5,1.5
2027,D_dosetwin,child#006,19466,35,2.0,2.0
2027,D_dosetwin,child#003,19479,40,3.0,4.5
2027,D_dosetwin,adult#006,19485,55,8.0,5.0
2027,D_dosetwin,adolescent#008,19497,45,26.0,13.0
2027,D_dosetwin,adult#004,19498,120,6.0,7.0
2027,D_dosetwin,adult#003,19516,85,11.5,9.5
2027,D_dosetwin,adolescent#005,19517,85,9.0,9.0
2027,D_dosetwin,adult#009,19521,95,36.5,20.0
2027,D_dosetwin,child#001,19524,60,1.5,2.0
2027,D_dosetwin,child#009,19524,25,1.0,1.5
2027,D_dosetwin,adolescent#007,19527,40,12.0,6.0
2027,D_dosetwin,child#002,19527,40,3.5,2.0
2027,D_dosetwin,adolescent#009,19528,90,5.0,4.5
2027,D_dosetwin,adult#008,19529,60,6.0,4.0
2027,D_dosetwin,child#008,19531,40,3.0,3.5
2027,D_dosetwin,adult#007,19542,115,2.0,6.5
2027,D_dosetwin,child#007,19542,60,11.0,6.0
2027,D_dosetwin,adult#002,19544,165,22.0,16.0
2027,D_dosetwin,adult#005,19544,105,21.0,23.5
2027,D_dosetwin,child#005,19544,45,5.0,7.5
2027,D_dosetwin,adolescent#010,19546,110,14.0,7.0
2027,D_dosetwin,adolescent#003,19549,40,2.5,2.0
2027,D_dosetwin,adolescent#002,19550,120,28.5,22.0
2027,D_dosetwin,adult#001,19554,45,9.5,6.0
2027,D_dosetwin,adult#010,19556,80,12.0,15.5
2027,D_dosetwin,child#004,19567,40,1.5,1.5
2027,D_dosetwin,adolescent#006,19608,45,10.0,8.0
2027,D_dosetwin,adolescent#001,19733,60,6.5,11.0
2027,D_dosetwin,adult#008,19735,15,3.0,1.0
2027,D_dosetwin,adult#003,19744,55,6.5,5.5
2027,D_dosetwin,adolescent#005,19749,20,2.0,1.5
2027,D_dosetwin,adult#002,19765,15,0.0,0.0
2027,D_dosetwin,child#006,19765,15,1.0,1.0
2027,D_dosetwin,adolescent#002,19799,20,0.5,3.5
2027,D_dosetwin,child#003,19916,90,4.5,4.5
2027,D_dosetwin,adolescent#010,19926,65,7.0,3.5
2027,D_dosetwin,adult#006,19927,105,18.5,10.0
2027,D_dosetwin,child#007,19930,40,5.0,4.5
2027,D_dosetwin,adult#007,19942,80,1.5,4.5
2027,D_dosetwin,adolescent#005,19950,85,8.0,7.5
2027,D_dosetwin,adolescent#004,19952,55,8.0,4.0
2027,D_dosetwin,child#005,19954,30,1.5,4.5
2027,D_dosetwin,child#002,19963,40,3.5,2.0
2027,D_dosetwin,adult#002,19970,100,15.5,10.0
2027,D_dosetwin,adult#003,19975,100,13.5,11.0
2027,D_dosetwin,child#001,19976,65,1.5,2.5
2027,D_dosetwin,adolescent#007,19980,75,15.0,14.0
2027,D_dosetwin,adult#001,19980,55,10.5,7.0
2027,D_dosetwin,child#009,19987,60,1.5,3.0
2027,D_dosetwin,child#008,19991,50,4.0,4.0
2027,D_dosetwin,adolescent#003,19998,105,4.5,5.5
2027,D_dosetwin,adult#008,19999,45,5.5,3.0
2027,D_dosetwin,adolescent#006,20003,55,18.0,11.0
2027,D_dosetwin,child#006,20014,45,3.0,2.5
2027,D_dosetwin,adolescent#008,20022,60,34.0,21.0
2027,D_dosetwin,child#004,20027,35,1.5,2.5
2027,D_dosetwin,adolescent#002,20039,115,49.0,27.0
2027,D_dosetwin,child#010,20051,60,3.5,5.0
2027,D_dosetwin,adolescent#001,20053,75,4.0,5.5
2027,D_dosetwin,adult#005,20064,95,23.5,27.0
2027,E_dosetwin_population_prior,child#004,10486,40,2.5,2.5
2027,E_dosetwin_population_prior,child#007,10503,20,5.0,4.0
2027,E_dosetwin_population_prior,adolescent#008,10506,45,24.0,16.0
2027,E_dosetwin_population_prior,adult#007,10527,105,4.5,6.5
2027,E_dosetwin_population_prior,adolescent#001,10528,30,5.0,4.0
2027,E_dosetwin_population_prior,child#009,10540,25,2.0,2.0
2027,E_dosetwin_population_prior,adult#002,10542,70,13.5,7.0
2027,E_dosetwin_population_prior,adolescent#005,10543,60,10.0,7.5
2027,E_dosetwin_population_prior,child#010,10553,30,3.5,2.5
2027,E_dosetwin_population_prior,adult#001,10554,35,9.0,4.5
2027,E_dosetwin_population_prior,child#003,10554,20,2.0,1.5
2027,E_dosetwin_population_prior,adult#005,10557,65,19.0,22.5
2027,E_dosetwin_population_prior,adult#010,10557,35,13.5,9.5
2027,E_dosetwin_population_prior,adolescent#002,10559,30,15.0,8.0
2027,E_dosetwin_population_prior,adult#004,10559,55,3.0,3.5
2027,E_dosetwin_population_prior,child#005,10560,35,4.5,7.0
2027,E_dosetwin_population_prior,adult#008,10561,40,8.0,4.0
2027,E_dosetwin_population_prior,child#006,10561,25,2.0,2.5
2027,E_dosetwin_population_prior,adult#003,10565,25,5.0,7.5
2027,E_dosetwin_population_prior,adolescent#009,10568,85,6.5,6.0
2027,E_dosetwin_population_prior,adult#009,10570,60,20.0,10.0
2027,E_dosetwin_population_prior,child#001,10571,20,1.5,2.5
2027,E_dosetwin_population_prior,adolescent#010,10572,75,5.5,7.0
2027,E_dosetwin_population_prior,adolescent#006,10576,55,10.0,12.0
2027,E_dosetwin_population_prior,child#002,10577,20,4.0,3.0
2027,E_dosetwin_population_prior,adult#006,10582,35,8.0,5.0
2027,E_dosetwin_population_prior,adolescent#003,10595,60,3.5,3.5
2027,E_dosetwin_population_prior,adolescent#007,10604,30,16.0,8.5
2027,E_dosetwin_population_prior,adolescent#004,10608,25,6.0,3.0
2027,E_dosetwin_population_prior,child#008,10611,25,8.0,5.0
2027,E_dosetwin_population_prior,adolescent#009,10823,105,7.0,5.5
2027,E_dosetwin_population_prior,adolescent#008,10826,90,34.5,27.0
2027,E_dosetwin_population_prior,child#006,10842,90,4.5,5.5
2027,E_dosetwin_population_prior,adult#006,10843,160,15.5,14.0
2027,E_dosetwin_population_prior,child#001,10853,40,1.5,1.5
2027,E_dosetwin_population_prior,child#007,10853,45,7.0,4.5
2027,E_dosetwin_population_prior,adolescent#004,10863,40,6.0,3.0
2027,E_dosetwin_population_prior,child#010,10863,55,4.5,4.0
2027,E_dosetwin_population_prior,adolescent#007,10869,35,11.0,5.5
2027,E_dosetwin_population_prior,child#009,10887,50,3.0,3.0
2027,E_dosetwin_population_prior,adolescent#003,10892,45,4.0,3.5
2027,E_dosetwin_population_prior,adolescent#010,10895,90,6.0,5.0
2027,E_dosetwin_population_prior,adult#005,10896,80,21.0,19.0
2027,E_dosetwin_population_prior,child#005,10896,40,5.0,8.0
2027,E_dosetwin_population_prior,adolescent#002,10900,145,27.0,27.0
2027,E_dosetwin_population_prior,adult#003,10900,55,7.0,7.0
2027,E_dosetwin_population_prior,adult#004,10901,115,4.5,7.0
2027,E_dosetwin_population_prior,adult#007,10907,95,4.0,5.0
2027,E_dosetwin_population_prior,adult#009,10908,140,29.5,24.0
2027,E_dosetwin_population_prior,adult#002,10911,45,9.0,4.5
2027,E_dosetwin_population_prior,child#003,10917,35,2.5,3.0
2027,E_dosetwin_population_prior,adolescent#006,10920,100,14.0,15.0
2027,E_dosetwin_population_prior,adult#008,10921,105,11.5,7.0
2027,E_dosetwin_population_prior,child#002,10929,60,6.5,3.0
2027,E_dosetwin_population_prior,adolescent#005,10932,125,14.5,11.5
2027,E_dosetwin_population_prior,adult#001,10944,45,12.0,6.0
2027,E_dosetwin_population_prior,adult#004,11073,30,1.5,1.0
2027,E_dosetwin_population_prior,adult#010,11108,40,7.0,9.5
2027,E_dosetwin_population_prior,adult#003,11131,20,4.0,3.0
2027,E_dosetwin_population_prior,adolescent#007,11153,20,6.0,3.0
2027,E_dosetwin_population_prior,child#005,11165,20,4.0,4.0
2027,E_dosetwin_population_prior,adolescent#005,11167,25,7.0,2.5
2027,E_dosetwin_population_prior,child#007,11169,10,4.0,1.0
2027,E_dosetwin_population_prior,adolescent#009,11174,35,4.5,2.0
2027,E_dosetwin_population_prior,adolescent#004,11275,95,12.0,7.5
2027,E_dosetwin_population_prior,adult#003,11295,95,9.0,9.5
2027,E_dosetwin_population_prior,child#009,11300,25,2.0,1.5
2027,E_dosetwin_population_prior,adolescent#002,11303,85,22.0,15.5
2027,E_dosetwin_population_prior,adult#009,11310,75,22.5,15.5
2027,E_dosetwin_population_prior,adult#005,11315,95,23.0,26.5
2027,E_dosetwin_population_prior,adolescent#005,11322,80,11.5,5.0
2027,E_dosetwin_population_prior,child#006,11328,45,1.0,2.5
2027,E_dosetwin_population_prior,adolescent#006,11329,90,13.0,15.5
2027,E_dosetwin_population_prior,child#002,11336,65,6.0,3.5
2027,E_dosetwin_population_prior,child#008,11339,35,6.0,3.0
2027,E_dosetwin_population_prior,child#005,11352,40,6.0,6.0
2027,E_dosetwin_population_prior,child#010,11357,40,4.0,3.0
2027,E_dosetwin_population_prior,adolescent#001,11361,70,4.0,0.0
2027,E_dosetwin_population_prior,adolescent#007,11366,95,22.5,14.0
2027,E_dosetwin_population_prior,adult#004,11366,50,3.5,4.0
2027,E_dosetwin_population_prior,adult#006,11366,165,16.0,16.0
2027,E_dosetwin_population_prior,adolescent#003,11368,90,4.5,5.5
2027,E_dosetwin_population_prior,adolescent#010,11370,105,6.5,7.5
2027,E_dosetwin_population_prior,adult#001,11370,70,18.0,9.0
2027,E_dosetwin_population_prior,child#001,11372,55,1.5,0.0
2027,E_dosetwin_population_prior,child#003,11382,70,3.5,3.0
2027,E_dosetwin_population_prior,child#004,11383,55,2.5,2.5
2027,E_dosetwin_population_prior,adult#007,11384,145,5.5,8.0
2027,E_dosetwin_population_prior,adult#008,11384,165,14.0,11.0
2027,E_dosetwin_population_prior,adult#010,11396,80,25.5,17.0
2027,E_dosetwin_population_prior,child#007,11405,30,6.0,3.0
2027,E_dosetwin_population_prior,adolescent#009,11410,125,8.0,6.5
2027,E_dosetwin_population_prior,adult#002,11417,75,15.0,7.5
2027,E_dosetwin_population_prior,adolescent#001,11968,50,6.0,8.5
2027,E_dosetwin_population_prior,child#008,11971,30,7.5,4.5
2027,E_dosetwin_population_prior,adult#003,11980,45,6.5,6.5
2027,E_dosetwin_population_prior,child#002,11980,30,4.0,2.0
2027,E_dosetwin_population_prior,adult#005,11981,40,14.5,15.0
2027,E_dosetwin_population_prior,child#010,11983,45,4.0,3.5
2027,E_dosetwin_population_prior,adult#006,11984,45,9.0,5.0
2027,E_dosetwin_population_prior,adult#009,11984,70,23.0,11.5
2027,E_dosetwin_population_prior,adolescent#010,11986,55,5.0,5.0
2027,E_dosetwin_population_prior,adolescent#005,11989,25,7.0,4.0
2027,E_dosetwin_population_prior,child#006,11993,35,2.5,3.5
2027,E_dosetwin_population_prior,adolescent#004,11994,40,8.0,4.0
2027,E_dosetwin_population_prior,adult#004,11997,55,3.0,5.5
2027,E_dosetwin_population_prior,child#001,11998,25,1.5,1.5
2027,E_dosetwin_population_prior,adolescent#002,12000,35,13.0,11.0
2027,E_dosetwin_population_prior,child#004,12000,15,1.5,1.5
2027,E_dosetwin_population_prior,child#005,12000,55,6.0,9.5
2027,E_dosetwin_population_prior,adolescent#003,12001,65,4.0,4.0
2027,E_dosetwin_population_prior,adolescent#008,12004,65,29.0,22.0
2027,E_dosetwin_population_prior,adult#008,12004,40,5.5,2.5
2027,E_dosetwin_population_prior,adult#007,12007,35,2.5,2.0
2027,E_dosetwin_population_prior,adult#001,12012,40,10.0,5.0
2027,E_dosetwin_population_prior,adolescent#007,12014,35,11.0,5.5
2027,E_dosetwin_population_prior,adolescent#009,12021,70,6.0,3.5
2027,E_dosetwin_population_prior,child#009,12040,20,2.5,2.5
2027,E_dosetwin_population_prior,adolescent#006,12041,30,7.5,6.0
2027,E_dosetwin_population_prior,child#003,12043,15,1.5,0.5
2027,E_dosetwin_population_prior,adult#002,12045,45,9.0,4.5
2027,E_dosetwin_population_prior,adult#010,12049,35,13.5,8.0
2027,E_dosetwin_population_prior,child#007,12049,30,6.0,5.0
2027,E_dosetwin_population_prior,child#006,12247,50,3.0,3.0
2027,E_dosetwin_population_prior,adult#005,12282,80,20.5,21.0
2027,E_dosetwin_population_prior,child#003,12301,50,3.0,2.0
2027,E_dosetwin_population_prior,child#001,12302,50,0.0,1.5
2027,E_dosetwin_population_prior,adolescent#005,12305,70,11.0,6.5
2027,E_dosetwin_population_prior,adolescent#007,12305,40,12.0,6.0
2027,E_dosetwin_population_prior,adult#007,12307,65,4.0,3.5
2027,E_dosetwin_population_prior,adolescent#003,12311,75,4.0,4.0
2027,E_dosetwin_population_prior,adult#002,12312,60,12.0,6.0
2027,E_dosetwin_population_prior,child#009,12314,45,3.0,2.0
2027,E_dosetwin_population_prior,adult#001,12328,70,16.5,9.0
2027,E_dosetwin_population_prior,adolescent#008,12335,55,27.5,15.5
2027,E_dosetwin_population_prior,child#002,12337,80,7.5,7.0
2027,E_dosetwin_population_prior,child#010,12338,20,3.0,1.0
2027,E_dosetwin_population_prior,adult#009,12340,50,23.0,10.5
2027,E_dosetwin_population_prior,adolescent#004,12341,60,0.0,4.5
2027,E_dosetwin_population_prior,adult#003,12348,85,9.0,11.5
2027,E_dosetwin_population_prior,adult#004,12359,90,2.5,5.5
2027,E_dosetwin_population_prior,adolescent#010,12360,75,5.5,5.0
2027,E_dosetwin_population_prior,child#005,12370,40,5.0,7.5
2027,E_dosetwin_population_prior,child#008,12374,50,8.0,4.0
2027,E_dosetwin_population_prior,adolescent#001,12375,105,9.0,7.5
2027,E_dosetwin_population_prior,adult#010,12379,85,20.5,16.5
2027,E_dosetwin_population_prior,adolescent#006,12388,100,14.0,16.5
2027,E_dosetwin_population_prior,child#007,12402,30,5.5,3.5
2027,E_dosetwin_population_prior,adolescent#002,12403,100,23.0,19.0
2027,E_dosetwin_population_prior,child#004,12418,55,3.5,3.5
2027,E_dosetwin_population_prior,adult#001,12532,20,5.5,0.0
2027,E_dosetwin_population_prior,child#004,12536,10,0.5,0.0
2027,E_dosetwin_population_prior,child#001,12543,15,1.0,0.0
2027,E_dosetwin_population_prior,adult#008,12556,30,7.0,6.0
2027,E_dosetwin_population_prior,adult#004,12574,40,2.0,4.0
2027,E_dosetwin_population_prior,child#008,12586,15,0.0,0.5
2027,E_dosetwin_population_prior,adolescent#006,12598,30,6.5,2.5
2027,E_dosetwin_population_prior,child#006,12609,15,2.0,1.0
2027,E_dosetwin_population_prior,child#003,12610,15,1.5,0.5
2027,E_dosetwin_population_prior,adolescent#009,12643,30,4.5,1.5
2027,E_dosetwin_population_prior,child#009,12702,40,3.0,3.0
2027,E_dosetwin_population_prior,adult#001,12703,55,14.0,5.5
2027,E_dosetwin_population_prior,adolescent#002,12725,130,25.0,26.5
2027,E_dosetwin_population_prior,child#003,12726,60,4.0,2.0
2027,E_dosetwin_population_prior,adolescent#001,12727,90,8.0,6.5
2027,E_dosetwin_population_prior,adult#008,12735,90,9.5,4.0
2027,E_dosetwin_population_prior,child#001,12735,105,3.0,3.0
2027,E_dosetwin_population_prior,child#010,12739,35,4.0,4.0
2027,E_dosetwin_population_prior,adult#003,12740,85,9.0,9.5
2027,E_dosetwin_population_prior,adult#006,12744,45,8.5,4.0
2027,E_dosetwin_population_prior,adolescent#006,12745,130,15.5,17.0
2027,E_dosetwin_population_prior,child#006,12747,15,1.5,0.0
2027,E_dosetwin_population_prior,adult#009,12748,65,21.0,10.5
2027,E_dosetwin_population_prior,child#007,12750,60,8.0,7.5
2027,E_dosetwin_population_prior,adolescent#008,12752,55,27.0,19.0
2027,E_dosetwin_population_prior,child#004,12759,60,3.5,2.0
2027,E_dosetwin_population_prior,adult#004,12762,95,4.0,6.5
2027,E_dosetwin_population_prior,child#005,12762,35,1.0,6.5
2027,E_dosetwin_population_prior,adolescent#004,12764,125,14.0,9.5
2027,E_dosetwin_population_prior,adult#002,12776,90,15.0,10.5
2027,E_dosetwin_population_prior,adult#010,12791,90,21.5,17.5
2027,E_dosetwin_population_prior,adolescent#010,12806,60,5.0,5.5
2027,E_dosetwin_population_prior,adult#007,12826,60,3.0,3.5
2027,E_dosetwin_population_prior,adolescent#003,12830,145,6.5,9.5
2027,E_dosetwin_population_prior,child#008,12831,65,10.0,5.0
2027,E_dosetwin_population_prior,adolescent#009,12852,115,7.5,5.5
2027,E_dosetwin_population_prior,adult#005,12878,60,18.0,14.0
2027,E_dosetwin_population_prior,child#002,13389,15,0.0,1.0
2027,E_dosetwin_population_prior,child#006,13401,15,1.5,2.5
2027,E_dosetwin_population_prior,adult#005,13412,65,19.0,24.5
2027,E_dosetwin_population_prior,child#010,13412,25,3.5,3.0
2027,E_dosetwin_population_prior,adult#007,13416,115,5.0,6.5
2027,E_dosetwin_population_prior,adolescent#010,13417,45,4.5,4.5
2027,E_dosetwin_population_prior,adult#002,13420,90,15.0,9.0
2027,E_dosetwin_population_prior,adult#008,13421,65,11.5,5.5
2027,E_dosetwin_population_prior,adult#010,13431,60,17.5,12.0
2027,E_dosetwin_population_prior,adolescent#009,13438,75,6.5,4.5
2027,E_dosetwin_population_prior,adolescent#004,13439,25,5.0,2.0
2027,E_dosetwin_population_prior,adult#001,13445,55,15.0,7.5
2027,E_dosetwin_population_prior,adolescent#008,13450,40,23.0,16.5
2027,E_dosetwin_population_prior,adult#009,13452,45,15.0,7.5
2027,E_dosetwin_population_prior,adolescent#006,13454,40,8.5,7.5
2027,E_dosetwin_population_prior,adolescent#001,13456,100,9.0,10.5
2027,E_dosetwin_population_prior,adult#006,13457,90,12.0,8.0
2027,E_dosetwin_population_prior,adult#004,13459,100,4.5,7.5
2027,E_dosetwin_population_prior,child#008,13461,15,5.0,2.0
2027,E_dosetwin_population_prior,child#007,13463,20,6.0,4.0
2027,E_dosetwin_population_prior,adolescent#007,13465,35,13.0,6.5
2027,E_dosetwin_population_prior,adolescent#002,13468,75,18.5,16.5
2027,E_dosetwin_population_prior,adolescent#005,13469,25,7.0,4.0
2027,E_dosetwin_population_prior,adult#003,13477,25,5.0,5.5
2027,E_dosetwin_population_prior,child#009,13484,15,1.5,1.5
2027,E_dosetwin_population_prior,child#004,13489,35,2.0,1.5
2027,E_dosetwin_population_prior,adolescent#003,13496,45,3.0,3.5
2027,E_dosetwin_population_prior,child#001,13504,40,2.0,3.0
2027,E_dosetwin_population_prior,child#006,13706,20,2.0,1.0
2027,E_dosetwin_population_prior,child#001,13714,55,2.0,1.5
2027,E_dosetwin_population_prior,adult#008,13719,45,6.0,3.0
2027,E_dosetwin_population_prior,child#004,13722,50,3.0,1.5
2027,E_dosetwin_population_prior,adolescent#007,13739,65,17.5,10.0
2027,E_dosetwin_population_prior,child#010,13746,45,4.0,2.0
2027,E_dosetwin_population_prior,adolescent#008,13750,30,20.5,10.0
2027,E_dosetwin_population_prior,adolescent#006,13757,90,13.0,15.0
2027,E_dosetwin_population_prior,adolescent#002,13761,70,18.0,13.0
2027,E_dosetwin_population_prior,adolescent#009,13769,80,6.5,4.0
2027,E_dosetwin_population_prior,adolescent#005,13772,75,11.0,7.0
2027,E_dosetwin_population_prior,child#002,13773,25,3.5,2.5
2027,E_dosetwin_population_prior,adult#010,13779,120,26.0,23.5
2027,E_dosetwin_population_prior,adult#007,13788,125,5.0,7.0
2027,E_dosetwin_population_prior,adult#002,13796,65,12.5,6.5
2027,E_dosetwin_population_prior,adult#001,13802,65,0.0,8.5
2027,E_dosetwin_population_prior,adolescent#001,13806,90,8.0,6.5
2027,E_dosetwin_population_prior,child#008,13809,30,4.0,4.5
2027,E_dosetwin_population_prior,adult#006,13812,195,17.5,18.0
2027,E_dosetwin_population_prior,adult#009,13823,75,22.5,12.5
2027,E_dosetwin_population_prior,adult#004,13829,40,2.5,2.5
2027,E_dosetwin_population_prior,child#007,13831,40,6.5,4.5
2027,E_dosetwin_population_prior,adult#005,13838,90,22.5,20.0
2027,E_dosetwin_population_prior,adolescent#003,13849,40,2.5,2.5
2027,E_dosetwin_population_prior,adult#003,13860,45,8.0,7.0
2027,E_dosetwin_population_prior,child#004,13939,10,1.5,0.0
2027,E_dosetwin_population_prior,child#007,13976,10,3.0,0.0
2027,E_dosetwin_population_prior,adult#006,13978,20,3.5,0.0
2027,E_dosetwin_population_prior,adolescent#008,13991,15,13.5,8.0
2027,E_dosetwin_population_prior,child#002,13993,15,3.0,0.5
2027,E_dosetwin_population_prior,adult#004,14008,30,1.5,3.0
2027,E_dosetwin_population_prior,child#001,14013,10,1.0,1.5
2027,E_dosetwin_population_prior,adult#007,14016,25,2.0,1.0
2027,E_dosetwin_population_prior,adolescent#009,14021,40,5.0,2.0
2027,E_dosetwin_population_prior,adolescent#001,14032,20,2.0,1.0
2027,E_dosetwin_population_prior,adult#008,14041,15,4.0,1.0
2027,E_dosetwin_population_prior,child#003,14044,15,0.5,0.0
2027,E_dosetwin_population_prior,adolescent#007,14045,15,5.5,2.5
2027,E_dosetwin_population_prior,adult#002,14067,20,5.0,2.0
2027,E_dosetwin_population_prior,child#009,14137,20,2.0,1.0
2027,E_dosetwin_population_prior,child#003,14144,45,3.0,1.5
2027,E_dosetwin_population_prior,adolescent#004,14153,65,10.0,5.0
2027,E_dosetwin_population_prior,adult#009,14157,105,26.0,22.0
2027,E_dosetwin_population_prior,adolescent#005,14162,45,9.0,6.5
2027,E_dosetwin_population_prior,adult#004,14162,100,5.5,7.5
2027,E_dosetwin_population_prior,adult#003,14177,55,9.0,7.0
2027,E_dosetwin_population_prior,adult#006,14197,65,10.0,5.5
2027,E_dosetwin_population_prior,adult#005,14200,110,25.0,28.0
2027,E_dosetwin_population_prior,adolescent#010,14204,85,6.0,8.0
2027,E_dosetwin_population_prior,adolescent#009,14206,110,7.5,4.5
2027,E_dosetwin_population_prior,adult#001,14209,55,15.0,17.5
2027,E_dosetwin_population_prior,adult#008,14210,50,7.0,2.0
2027,E_dosetwin_population_prior,child#002,14213,35,5.0,1.5
2027,E_dosetwin_population_prior,child#007,14214,45,7.0,4.5
2027,E_dosetwin_population_prior,child#005,14218,25,5.0,5.0
2027,E_dosetwin_population_prior,adolescent#003,14223,80,4.5,4.5
2027,E_dosetwin_population_prior,adult#007,14234,135,5.5,7.0
2027,E_dosetwin_population_prior,child#001,14235,20,1.0,0.5
2027,E_dosetwin_population_prior,adult#002,14240,90,17.5,7.5
2027,E_dosetwin_population_prior,adolescent#007,14252,40,12.0,5.5
2027,E_dosetwin_population_prior,adult#010,14268,90,21.5,17.5
2027,E_dosetwin_population_prior,child#004,14270,30,2.0,1.0
2027,E_dosetwin_population_prior,child#008,14273,35,6.0,3.0
2027,E_dosetwin_population_prior,child#006,14298,50,3.0,3.0
2027,E_dosetwin_population_prior,adolescent#006,14306,165,19.5,24.5
2027,E_dosetwin_population_prior,adult#004,14810,55,3.0,4.0
2027,E_dosetwin_population_prior,adult#003,14822,60,7.5,9.0
2027,E_dosetwin_population_prior,child#005,14846,35,4.5,6.0
2027,E_dosetwin_population_prior,child#009,14846,40,2.5,2.5
2027,E_dosetwin_population_prior,adult#008,14860,45,6.0,3.0
2027,E_dosetwin_population_prior,child#003,14865,20,2.0,1.0
2027,E_dosetwin_population_prior,child#001,14866,15,1.0,1.0
2027,E_dosetwin_population_prior,child#002,14873,45,4.5,3.5
2027,E_dosetwin_population_prior,adult#007,14877,50,2.5,2.5
2027,E_dosetwin_population_prior,adolescent#009,14883,40,5.0,5.5
2027,E_dosetwin_population_prior,adolescent#003,14884,80,4.5,4.5
2027,E_dosetwin_population_prior,adolescent#006,14885,35,8.0,7.5
2027,E_dosetwin_population_prior,child#010,14895,15,2.5,2.0
2027,E_dosetwin_population_prior,adult#002,14897,90,15.5,9.0
2027,E_dosetwin_population_prior,adult#010,14900,75,19.5,14.5
2027,E_dosetwin_population_prior,child#008,14900,20,7.5,5.5
2027,E_dosetwin_population_prior,adult#001,14902,45,12.0,6.0
2027,E_dosetwin_population_prior,child#006,14906,45,3.0,3.0
2027,E_dosetwin_population_prior,adolescent#010,14910,60,5.0,6.0
2027,E_dosetwin_population_prior,adolescent#007,14911,55,20.5,9.5
2027,E_dosetwin_population_prior,adult#005,14912,45,20.0,15.0
2027,E_dosetwin_population_prior,adult#009,14913,55,18.0,9.0
2027,E_dosetwin_population_prior,adolescent#001,14924,60,6.5,6.5
2027,E_dosetwin_population_prior,child#004,14926,10,1.0,1.0
2027,E_dosetwin_population_prior,adolescent#008,14927,35,21.5,12.0
2027,E_dosetwin_population_prior,adult#006,14949,100,15.5,9.5
2027,E_dosetwin_population_prior,child#007,14951,40,8.5,6.0
2027,E_dosetwin_population_prior,adolescent#005,15117,55,8.5,4.5
2027,E_dosetwin_population_prior,adult#008,15142,90,10.5,6.0
2027,E_dosetwin_population_prior,adolescent#004,15164,50,3.0,5.5
2027,E_dosetwin_population_prior,adult#009,15177,140,29.0,31.0
2027,E_dosetwin_population_prior,adult#010,15181,105,22.5,21.5
2027,E_dosetwin_population_prior,child#001,15181,50,2.0,1.5
2027,E_dosetwin_population_prior,adolescent#009,15184,115,7.5,6.0
2027,E_dosetwin_population_prior,adolescent#002,15187,70,17.0,11.0
2027,E_dosetwin_population_prior,adolescent#010,15188,40,4.0,2.5
2027,E_dosetwin_population_prior,child#007,15192,35,7.0,3.5
2027,E_dosetwin_population_prior,adolescent#006,15196,90,13.0,14.5
2027,E_dosetwin_population_prior,adult#003,15199,55,9.0,7.5
2027,E_dosetwin_population_prior,adult#007,15199,135,5.0,7.5
2027,E_dosetwin_population_prior,adolescent#007,15203,80,19.5,12.5
2027,E_dosetwin_population_prior,child#002,15205,40,4.5,3.0
2027,E_dosetwin_population_prior,child#006,15208,30,2.0,1.5
2027,E_dosetwin_population_prior,adult#001,15211,90,18.5,11.5
2027,E_dosetwin_population_prior,adult#002,15213,95,15.0,9.5
2027,E_dosetwin_population_prior,child#008,15216,45,9.0,5.5
2027,E_dosetwin_population_prior,adolescent#003,15225,80,4.5,4.0
2027,E_dosetwin_population_prior,child#009,15225,30,2.0,1.5
2027,E_dosetwin_population_prior,adolescent#008,15233,50,31.0,14.5
2027,E_dosetwin_population_prior,adult#004,15233,70,3.5,5.5
2027,E_dosetwin_population_prior,child#010,15235,65,5.0,3.0
2027,E_dosetwin_population_prior,child#004,15255,40,3.0,2.0
2027,E_dosetwin_population_prior,adult#005,15261,70,20.0,15.5
2027,E_dosetwin_population_prior,adult#006,15283,70,13.0,6.5
2027,E_dosetwin_population_prior,child#003,15318,55,4.5,5.0
2027,E_dosetwin_population_prior,child#008,15403,15,4.0,0.0
2027,E_dosetwin_population_prior,adolescent#008,15409,25,14.5,2.5
2027,E_dosetwin_population_prior,adolescent#002,15411,15,7.5,4.0
2027,E_dosetwin_population_prior,adult#003,15426,25,4.0,4.0
2027,E_dosetwin_population_prior,adult#006,15429,15,1.5,0.0
2027,E_dosetwin_population_prior,adult#009,15450,20,12.5,21.0
2027,E_dosetwin_population_prior,adolescent#010,15454,20,3.0,2.0
2027,E_dosetwin_population_prior,child#009,15546,10,1.5,1.0
2027,E_dosetwin_population_prior,adolescent#002,15590,160,28.0,27.5
2027,E_dosetwin_population_prior,adolescent#001,15607,90,8.5,9.5
2027,E_dosetwin_population_prior,adult#004,15611,110,4.5,7.5
2027,E_dosetwin_population_prior,adolescent#004,15616,45,7.0,3.5
2027,E_dosetwin_population_prior,child#010,15625,95,6.0,5.5
2027,E_dosetwin_population_prior,adolescent#003,15627,60,3.5,3.0
2027,E_dosetwin_population_prior,adolescent#007,15629,45,15.5,10.0
2027,E_dosetwin_population_prior,adult#008,15634,75,10.0,5.0
2027,E_dosetwin_population_prior,adult#010,15640,85,21.0,17.5
2027,E_dosetwin_population_prior,adolescent#006,15641,80,16.0,14.5
2027,E_dosetwin_population_prior,adolescent#009,15648,145,11.0,11.0
2027,E_dosetwin_population_prior,adult#006,15652,110,14.0,9.5
2027,E_dosetwin_population_prior,adult#001,15656,60,16.0,8.0
2027,E_dosetwin_population_prior,adult#003,15656,55,7.0,6.0
2027,E_dosetwin_population_prior,adult#009,15657,115,32.0,19.5
2027,E_dosetwin_population_prior,adult#005,15661,90,23.0,20.0
2027,E_dosetwin_population_prior,adult#007,15664,125,5.0,7.0
2027,E_dosetwin_population_prior,child#002,15664,45,4.5,2.5
2027,E_dosetwin_population_prior,child#008,15672,25,6.0,3.0
2027,E_dosetwin_population_prior,adolescent#008,15674,100,38.0,28.5
2027,E_dosetwin_population_prior,child#007,15675,45,9.0,6.0
2027,E_dosetwin_population_prior,child#009,15675,40,2.5,1.0
2027,E_dosetwin_population_prior,child#006,15677,45,3.0,3.5
2027,E_dosetwin_population_prior,child#004,15710,15,2.0,1.0
2027,E_dosetwin_population_prior,adult#002,15717,135,18.0,17.0
2027,E_dosetwin_population_prior,child#001,15722,25,1.5,2.5
2027,E_dosetwin_population_prior,child#005,15738,40,5.0,7.0
2027,E_dosetwin_population_prior,adult#009,16272,30,11.0,5.0
2027,E_dosetwin_population_prior,child#007,16297,25,5.5,6.0
2027,E_dosetwin_population_prior,adolescent#003,16305,45,4.0,3.0
2027,E_dosetwin_population_prior,adult#003,16305,60,7.5,6.5
2027,E_dosetwin_population_prior,child#002,16308,35,4.0,3.0
2027,E_dosetwin_population_prior,adolescent#007,16311,35,11.0,5.5
2027,E_dosetwin_population_prior,adult#005,16312,35,13.5,15.0
2027,E_dosetwin_population_prior,adolescent#008,16313,40,23.0,15.0
2027,E_dosetwin_population_prior,adult#010,16313,115,24.5,22.5
2027,E_dosetwin_population_prior,adolescent#004,16315,35,6.0,3.0
2027,E_dosetwin_population_prior,child#004,16317,20,1.5,1.5
2027,E_dosetwin_population_prior,adult#008,16320,40,6.0,3.0
2027,E_dosetwin_population_prior,adult#007,16321,65,3.0,3.5
2027,E_dosetwin_population_prior,child#006,16325,25,2.0,2.5
2027,E_dosetwin_population_prior,child#005,16327,25,4.0,6.5
2027,E_dosetwin_population_prior,child#008,16329,30,8.5,4.5
2027,E_dosetwin_population_prior,adolescent#005,16333,40,8.5,5.0
2027,E_dosetwin_population_prior,adult#002,16334,65,13.0,6.5
2027,E_dosetwin_population_prior,adolescent#009,16346,75,6.5,4.0
2027,E_dosetwin_population_prior,adolescent#001,16347,40,5.5,5.0
2027,E_dosetwin_population_prior,adult#001,16358,40,13.0,8.5
2027,E_dosetwin_population_prior,child#009,16358,15,2.0,3.0
2027,E_dosetwin_population_prior,child#010,16373,40,5.0,2.5
2027,E_dosetwin_population_prior,adult#004,16379,50,3.5,4.5
2027,E_dosetwin_population_prior,child#003,16395,25,2.0,1.0
2027,E_dosetwin_population_prior,adolescent#010,16410,85,7.5,5.0
2027,E_dosetwin_population_prior,adolescent#004,16586,50,8.0,4.0
2027,E_dosetwin_population_prior,adolescent#003,16617,115,5.5,6.0
2027,E_dosetwin_population_prior,adult#001,16620,80,17.0,10.5
2027,E_dosetwin_population_prior,child#007,16623,55,7.5,5.5
2027,E_dosetwin_population_prior,child#010,16623,40,4.0,2.0
2027,E_dosetwin_population_prior,child#008,16635,40,7.0,3.0
2027,E_dosetwin_population_prior,child#006,16640,35,2.5,2.0
2027,E_dosetwin_population_prior,adolescent#002,16642,80,19.0,15.0
2027,E_dosetwin_population_prior,adolescent#007,16642,45,14.0,7.0
2027,E_dosetwin_population_prior,child#001,16643,35,1.5,1.5
2027,E_dosetwin_population_prior,child#002,16658,25,3.5,2.0
2027,E_dosetwin_population_prior,child#003,16665,50,3.0,2.0
2027,E_dosetwin_population_prior,adult#004,16667,120,6.5,8.5
2027,E_dosetwin_population_prior,child#004,16667,60,3.5,3.0
2027,E_dosetwin_population_prior,adolescent#006,16669,120,20.5,21.0
2027,E_dosetwin_population_prior,child#009,16670,45,3.0,2.0
2027,E_dosetwin_population_prior,adult#003,16675,90,9.0,10.0
2027,E_dosetwin_population_prior,adult#009,16677,70,22.0,11.5
2027,E_dosetwin_population_prior,child#005,16678,65,7.0,12.0
2027,E_dosetwin_population_prior,adolescent#010,16685,35,4.5,2.0
2027,E_dosetwin_population_prior,adult#005,16688,95,23.0,24.0
2027,E_dosetwin_population_prior,adult#010,16699,70,19.0,13.5
2027,E_dosetwin_population_prior,adolescent#009,16708,135,10.5,7.5
2027,E_dosetwin_population_prior,adult#006,16710,85,11.5,7.5
2027,E_dosetwin_population_prior,adolescent#008,16726,60,34.0,18.0
2027,E_dosetwin_population_prior,adult#008,16731,110,11.5,7.0
2027,E_dosetwin_population_prior,adult#002,16735,65,13.0,6.5
2027,E_dosetwin_population_prior,child#001,16833,15,1.0,0.0
2027,E_dosetwin_population_prior,adult#004,16838,35,1.5,0.0
2027,E_dosetwin_population_prior,adult#006,16861,35,6.0,0.0
2027,E_dosetwin_population_prior,adolescent#004,16877,10,4.0,1.0
2027,E_dosetwin_population_prior,adolescent#008,16901,45,20.0,7.0
2027,E_dosetwin_population_prior,child#003,16909,15,1.5,1.0
2027,E_dosetwin_population_prior,adolescent#002,16912,25,10.5,11.5
2027,E_dosetwin_population_prior,adult#007,16922,40,2.0,5.5
2027,E_dosetwin_population_prior,adolescent#009,16930,15,0.0,0.0
2027,E_dosetwin_population_prior,child#008,16932,15,0.0,1.0
2027,E_dosetwin_population_prior,adult#009,16940,45,21.0,11.0
2027,E_dosetwin_population_prior,adult#001,17000,85,19.0,11.0
2027,E_dosetwin_population_prior,adolescent#002,17016,190,28.5,30.5
2027,E_dosetwin_population_prior,child#001,17023,60,2.5,1.5
2027,E_dosetwin_population_prior,adolescent#009,17046,115,7.5,6.0
2027,E_dosetwin_population_prior,child#007,17056,65,8.5,8.0
2027,E_dosetwin_population_prior,adult#004,17069,85,4.0,5.0
2027,E_dosetwin_population_prior,adult#006,17070,80,12.5,6.0
2027,E_dosetwin_population_prior,adult#007,17081,125,4.5,6.5
2027,E_dosetwin_population_prior,adolescent#008,17085,65,0.0,14.0
2027,E_dosetwin_population_prior,child#008,17088,75,9.0,3.5
2027,E_dosetwin_population_prior,adult#003,17089,75,8.5,9.0
2027,E_dosetwin_population_prior,adolescent#010,17094,105,6.5,6.0
2027,E_dosetwin_population_prior,adult#009,17096,50,16.0,1.0
2027,E_dosetwin_population_prior,child#006,17096,70,5.0,4.5
2027,E_dosetwin_population_prior,adolescent#006,17103,130,22.0,20.0
2027,E_dosetwin_population_prior,child#004,17110,40,2.5,2.0
2027,E_dosetwin_population_prior,child#003,17111,45,3.0,2.0
2027,E_dosetwin_population_prior,adolescent#005,17127,50,9.5,5.0
2027,E_dosetwin_population_prior,adult#005,17129,145,29.5,35.0
2027,E_dosetwin_population_prior,child#005,17141,20,3.5,6.0
2027,E_dosetwin_population_prior,adult#008,17142,45,6.0,3.0
2027,E_dosetwin_population_prior,child#009,17144,30,2.5,2.0
2027,E_dosetwin_population_prior,adolescent#007,17146,40,12.0,6.0
2027,E_dosetwin_population_prior,adolescent#003,17154,95,5.0,5.0
2027,E_dosetwin_population_prior,adult#002,17161,80,14.0,8.0
2027,E_dosetwin_population_prior,child#002,17175,45,4.5,2.5
2027,E_dosetwin_population_prior,child#010,17187,45,4.0,2.0
2027,E_dosetwin_population_prior,adolescent#006,17726,75,12.0,12.0
2027,E_dosetwin_population_prior,adolescent#008,17728,35,21.5,13.5
2027,E_dosetwin_population_prior,child#003,17728,25,2.0,1.0
2027,E_dosetwin_population_prior,adolescent#010,17736,100,6.5,7.0
2027,E_dosetwin_population_prior,child#008,17736,30,7.5,4.0
2027,E_dosetwin_population_prior,child#006,17739,75,4.0,6.0
2027,E_dosetwin_population_prior,adult#006,17745,40,8.0,4.0
2027,E_dosetwin_population_prior,child#007,17746,35,6.0,4.5
2027,E_dosetwin_population_prior,adolescent#001,17754,70,7.5,9.0
2027,E_dosetwin_population_prior,adolescent#003,17758,50,4.0,3.0
2027,E_dosetwin_population_prior,adolescent#009,17764,55,5.5,3.0
2027,E_dosetwin_population_prior,adult#002,17764,75,13.5,7.5
2027,E_dosetwin_population_prior,adolescent#007,17765,45,14.0,7.0
2027,E_dosetwin_population_prior,adult#004,17767,125,5.0,7.5
2027,E_dosetwin_population_prior,adolescent#004,17768,50,8.0,4.0
2027,E_dosetwin_population_prior,adolescent#002,17772,40,14.0,7.5
2027,E_dosetwin_population_prior,adult#007,17773,65,4.5,3.5
2027,E_dosetwin_population_prior,child#009,17773,20,2.0,1.5
2027,E_dosetwin_population_prior,child#004,17776,30,2.0,2.5
2027,E_dosetwin_population_prior,child#001,17792,40,2.0,2.5
2027,E_dosetwin_population_prior,child#005,17792,20,4.5,4.5
2027,E_dosetwin_population_prior,adult#009,17797,40,13.0,6.5
2027,E_dosetwin_population_prior,child#002,17804,25,3.5,3.5
2027,E_dosetwin_population_prior,adolescent#005,17806,40,10.0,4.0
2027,E_dosetwin_population_prior,child#010,17809,35,4.5,3.5
2027,E_dosetwin_population_prior,adult#003,17813,45,6.5,6.5
2027,E_dosetwin_population_prior,adult#003,17994,45,5.5,4.0
2027,E_dosetwin_population_prior,adolescent#010,18037,65,5.0,3.5
2027,E_dosetwin_population_prior,adolescent#006,18041,80,12.0,12.5
2027,E_dosetwin_population_prior,child#009,18042,40,3.0,2.0
2027,E_dosetwin_population_prior,adult#006,18043,60,10.0,5.0
2027,E_dosetwin_population_prior,adult#010,18049,140,26.0,26.5
2027,E_dosetwin_population_prior,child#007,18049,30,5.5,3.0
2027,E_dosetwin_population_prior,adult#002,18060,55,0.0,5.5
2027,E_dosetwin_population_prior,child#008,18060,20,5.0,2.0
2027,E_dosetwin_population_prior,adult#008,18062,85,10.5,8.5
2027,E_dosetwin_population_prior,child#003,18071,50,3.5,2.5
2027,E_dosetwin_population_prior,adolescent#002,18074,90,20.5,16.5
2027,E_dosetwin_population_prior,adolescent#005,18074,80,11.5,8.5
2027,E_dosetwin_population_prior,adult#005,18077,70,17.5,13.0
2027,E_dosetwin_population_prior,adolescent#007,18080,40,12.0,6.0
2027,E_dosetwin_population_prior,child#005,18086,50,5.5,8.5
2027,E_dosetwin_population_prior,child#001,18093,45,2.0,1.5
2027,E_dosetwin_population_prior,adolescent#008,18094,50,25.5,14.5
2027,E_dosetwin_population_prior,adolescent#001,18101,150,11.0,10.5
2027,E_dosetwin_population_prior,adolescent#004,18103,75,11.0,6.0
2027,E_dosetwin_population_prior,adult#004,18110,85,4.0,5.0
2027,E_dosetwin_population_prior,adult#009,18115,80,23.0,13.0
2027,E_dosetwin_population_prior,child#002,18115,35,4.0,2.0
2027,E_dosetwin_population_prior,child#006,18115,45,3.0,2.5
2027,E_dosetwin_population_prior,child#004,18116,35,2.0,1.0
2027,E_dosetwin_population_prior,adolescent#009,18151,110,9.5,6.0
2027,E_dosetwin_population_prior,adult#001,18151,70,16.5,14.0
2027,E_dosetwin_population_prior,adolescent#003,18175,55,3.5,3.0
2027,E_dosetwin_population_prior,child#001,18290,20,1.0,0.5
2027,E_dosetwin_population_prior,adult#008,18323,25,4.5,1.5
2027,E_dosetwin_population_prior,adolescent#006,18347,35,7.5,5.0
2027,E_dosetwin_population_prior,adolescent#001,18379,30,5.0,2.0
2027,E_dosetwin_population_prior,adult#005,18396,35,13.0,8.0
2027,E_dosetwin_population_prior,adult#006,18410,20,4.5,1.5
2027,E_dosetwin_population_prior,adult#005,18483,120,21.5,18.5
2027,E_dosetwin_population_prior,child#007,18492,25,5.0,2.5
2027,E_dosetwin_population_prior,adolescent#006,18501,100,15.0,12.0
2027,E_dosetwin_population_prior,child#002,18511,80,6.5,4.5
2027,E_dosetwin_population_prior,child#010,18512,40,4.0,2.0
2027,E_dosetwin_population_prior,adult#003,18513,120,11.0,14.5
2027,E_dosetwin_population_prior,child#005,18515,30,4.5,6.0
2027,E_dosetwin_population_prior,adolescent#010,18519,70,5.5,4.0
2027,E_dosetwin_population_prior,adult#001,18521,35,9.0,4.5
2027,E_dosetwin_population_prior,adult#007,18525,160,8.0,9.5
2027,E_dosetwin_population_prior,child#004,18526,40,2.5,3.0
2027,E_dosetwin_population_prior,child#003,18527,25,2.0,1.0
2027,E_dosetwin_population_prior,adult#006,18532,95,11.0,6.0
2027,E_dosetwin_population_prior,adolescent#005,18533,95,12.5,10.5
2027,E_dosetwin_population_prior,adolescent#003,18546,100,5.0,7.5
2027,E_dosetwin_population_prior,adolescent#007,18556,75,23.5,12.5
2027,E_dosetwin_population_prior,adolescent#004,18557,105,12.5,8.0
2027,E_dosetwin_population_prior,adult#004,18573,155,5.5,9.5
2027,E_dosetwin_population_prior,adult#008,18573,170,14.0,11.0
2027,E_dosetwin_population_prior,adult#002,18575,100,15.5,12.5
2027,E_dosetwin_population_prior,child#006,18594,45,3.5,4.5
2027,E_dosetwin_population_prior,adolescent#001,18611,90,8.0,6.0
2027,E_dosetwin_population_prior,child#008,18619,70,10.5,6.0
2027,E_dosetwin_population_prior,adult#010,18659,140,35.0,35.5
2027,E_dosetwin_population_prior,child#007,19138,20,5.0,3.0
2027,E_dosetwin_population_prior,adult#003,19157,100,10.0,14.0
2027,E_dosetwin_population_prior,adolescent#005,19159,25,7.0,5.0
2027,E_dosetwin_population_prior,adolescent#006,19159,50,9.5,8.5
2027,E_dosetwin_population_prior,child#002,19162,20,4.0,3.0
2027,E_dosetwin_population_prior,adult#001,19168,35,9.0,4.5
2027,E_dosetwin_population_prior,adolescent#003,19169,40,3.0,2.0
2027,E_dosetwin_population_prior,adult#007,19177,80,3.5,4.5
2027,E_dosetwin_population_prior,adult#004,19192,80,3.5,6.0
2027,E_dosetwin_population_prior,child#009,19196,20,2.0,2.0
2027,E_dosetwin_population_prior,adolescent#009,19197,35,4.5,4.5
2027,E_dosetwin_population_prior,adolescent#001,19199,55,6.5,6.0
2027,E_dosetwin_population_prior,adolescent#008,19201,35,21.5,14.5
2027,E_dosetwin_population_prior,child#005,19206,20,3.5,3.5
2027,E_dosetwin_population_prior,adult#005,19212,45,15.5,11.5
2027,E_dosetwin_population_prior,adult#006,19213,65,10.5,6.0
2027,E_dosetwin_population_prior,child#004,19226,15,1.5,2.0
2027,E_dosetwin_population_prior,child#006,19227,30,2.5,3.5
2027,E_dosetwin_population_prior,adult#002,19234,75,13.5,7.5
2027,E_dosetwin_population_prior,adolescent#004,19240,55,8.0,4.0
2027,E_dosetwin_population_prior,child#008,19240,30,8.5,6.5
2027,E_dosetwin_population_prior,child#001,19247,30,1.5,2.0
2027,E_dosetwin_population_prior,adult#009,19250,50,19.5,19.0
2027,E_dosetwin_population_prior,adult#008,19261,55,7.0,3.5
2027,E_dosetwin_population_prior,child#010,19271,25,4.0,3.0
2027,E_dosetwin_population_prior,child#010,19441,50,4.0,1.0
2027,E_dosetwin_population_prior,child#006,19466,35,2.5,2.0
2027,E_dosetwin_population_prior,child#003,19479,40,2.5,0.5
2027,E_dosetwin_population_prior,adult#006,19485,55,9.0,5.0
2027,E_dosetwin_population_prior,adolescent#008,19497,45,23.5,13.0
2027,E_dosetwin_population_prior,adult#004,19498,120,5.0,7.5
2027,E_dosetwin_population_prior,adult#003,19516,85,9.0,9.5
2027,E_dosetwin_population_prior,adolescent#005,19517,85,12.0,8.0
2027,E_dosetwin_population_prior,adult#009,19521,95,24.5,21.0
2027,E_dosetwin_population_prior,child#001,19524,60,2.0,2.0
2027,E_dosetwin_population_prior,child#009,19524,25,2.0,1.0
2027,E_dosetwin_population_prior,adolescent#007,19527,40,12.0,5.0
2027,E_dosetwin_population_prior,child#002,19527,40,4.5,2.5
2027,E_dosetwin_population_prior,adolescent#009,19528,90,7.0,4.5
2027,E_dosetwin_population_prior,adult#008,19529,60,8.0,4.0
2027,E_dosetwin_population_prior,child#008,19531,40,6.0,3.0
2027,E_dosetwin_population_prior,adult#007,19542,115,4.5,6.5
2027,E_dosetwin_population_prior,child#007,19542,60,10.5,8.0
2027,E_dosetwin_population_prior,adult#002,19544,165,19.5,16.0
2027,E_dosetwin_population_prior,adult#005,19544,105,25.5,23.5
2027,E_dosetwin_population_prior,child#005,19544,45,5.5,8.0
2027,E_dosetwin_population_prior,adolescent#010,19546,110,9.0,7.5
2027,E_dosetwin_population_prior,adolescent#003,19549,40,3.0,2.5
2027,E_dosetwin_population_prior,adolescent#002,19550,120,24.0,22.0
2027,E_dosetwin_population_prior,adult#001,19554,45,12.0,6.0
2027,E_dosetwin_population_prior,adult#010,19556,80,17.5,10.5
2027,E_dosetwin_population_prior,child#004,19567,40,2.5,1.5
2027,E_dosetwin_population_prior,adolescent#006,19608,45,9.0,8.5
2027,E_dosetwin_population_prior,adolescent#001,19733,60,6.5,10.0
2027,E_dosetwin_population_prior,adult#008,19735,15,5.0,1.0
2027,E_dosetwin_population_prior,adult#003,19744,55,6.5,6.5
2027,E_dosetwin_population_prior,adolescent#005,19749,20,5.0,1.5
2027,E_dosetwin_population_prior,adult#002,19765,15,0.5,0.0
2027,E_dosetwin_population_prior,child#006,19765,15,2.0,1.0
2027,E_dosetwin_population_prior,adolescent#002,19799,20,0.0,3.5
2027,E_dosetwin_population_prior,child#003,19916,90,4.5,4.0
2027,E_dosetwin_population_prior,adolescent#010,19926,65,5.0,3.5
2027,E_dosetwin_population_prior,adult#006,19927,105,13.0,9.0
2027,E_dosetwin_population_prior,child#007,19930,40,6.5,5.5
2027,E_dosetwin_population_prior,adult#007,19942,80,3.5,4.5
2027,E_dosetwin_population_prior,adolescent#005,19950,85,11.5,7.0
2027,E_dosetwin_population_prior,adolescent#004,19952,55,8.0,4.0
2027,E_dosetwin_population_prior,child#005,19954,30,1.5,5.0
2027,E_dosetwin_population_prior,child#002,19963,40,4.5,2.0
2027,E_dosetwin_population_prior,adult#002,19970,100,17.0,9.5
2027,E_dosetwin_population_prior,adult#003,19975,100,10.0,11.0
2027,E_dosetwin_population_prior,child#001,19976,65,2.5,2.0
2027,E_dosetwin_population_prior,adolescent#007,19980,75,19.0,13.0
2027,E_dosetwin_population_prior,adult#001,19980,55,14.0,7.0
2027,E_dosetwin_population_prior,child#009,19987,60,3.5,3.0
2027,E_dosetwin_population_prior,child#008,19991,50,9.0,7.0
2027,E_dosetwin_population_prior,adolescent#003,19998,105,5.0,5.5
2027,E_dosetwin_population_prior,adult#008,19999,45,6.0,3.0
2027,E_dosetwin_population_prior,adolescent#006,20003,55,12.5,11.0
2027,E_dosetwin_population_prior,child#006,20014,45,4.0,2.5
2027,E_dosetwin_population_prior,adolescent#008,20022,60,27.5,17.0
2027,E_dosetwin_population_prior,child#004,20027,35,2.0,2.0
2027,E_dosetwin_population_prior,adolescent#002,20039,115,30.5,24.0
2027,E_dosetwin_population_prior,child#010,20051,60,5.0,5.0
2027,E_dosetwin_population_prior,adolescent#001,20053,75,7.0,5.5
2027,E_dosetwin_population_prior,adult#005,20064,95,23.0,24.5
2028,C_twin_dose+trend_alert,adolescent#002,10500,45,24.0,12.0
2028,C_twin_dose+trend_alert,child#004,10505,30,0.5,1.0
2028,C_twin_dose+trend_alert,child#005,10505,20,2.5,3.5
2028,C_twin_dose+trend_alert,adolescent#001,10512,75,5.5,10.0
2028,C_twin_dose+trend_alert,adult#003,10524,40,12.5,7.0
2028,C_twin_dose+trend_alert,adolescent#005,10536,20,5.0,2.5
2028,C_twin_dose+trend_alert,child#006,10536,40,2.0,3.0
2028,C_twin_dose+trend_alert,adult#007,10537,40,2.5,4.0
2028,C_twin_dose+trend_alert,adult#001,10544,55,4.5,0.0
2028,C_twin_dose+trend_alert,child#010,10546,45,3.0,3.5
2028,C_twin_dose+trend_alert,child#003,10549,35,1.5,1.5
2028,C_twin_dose+trend_alert,child#002,10553,50,1.5,2.5
2028,C_twin_dose+trend_alert,child#008,10554,70,5.5,7.5
2028,C_twin_dose+trend_alert,adolescent#003,10558,40,2.0,2.5
2028,C_twin_dose+trend_alert,adult#008,10558,60,8.0,4.0
2028,C_twin_dose+trend_alert,child#001,10561,30,1.0,1.0
2028,C_twin_dose+trend_alert,adolescent#004,10576,95,10.0,5.5
2028,C_twin_dose+trend_alert,adolescent#006,10579,90,16.0,15.5
2028,C_twin_dose+trend_alert,adolescent#008,10583,45,20.0,10.5
2028,C_twin_dose+trend_alert,adult#010,10584,80,23.0,19.5
2028,C_twin_dose+trend_alert,child#009,10590,25,1.0,1.5
2028,C_twin_dose+trend_alert,adult#004,10594,80,5.0,6.0
2028,C_twin_dose+trend_alert,adult#006,10594,35,9.0,6.5
2028,C_twin_dose+trend_alert,adolescent#010,10597,30,4.5,5.0
2028,C_twin_dose+trend_alert,adolescent#007,10601,65,10.5,11.5
2028,C_twin_dose+trend_alert,child#007,10601,25,2.0,4.0
2028,C_twin_dose+trend_alert,adult#009,10604,40,12.0,6.0
2028,C_twin_dose+trend_alert,adolescent#009,10611,45,3.0,2.0
2028,C_twin_dose+trend_alert,adult#002,10620,55,8.5,8.5
2028,C_twin_dose+trend_alert,adult#005,10622,45,18.0,9.0
2028,C_twin_dose+trend_alert,adult#008,10805,30,4.0,2.0
2028,C_twin_dose+trend_alert,adolescent#008,10815,75,29.5,15.5
2028,C_twin_dose+trend_alert,adolescent#009,10829,105,4.0,4.5
2028,C_twin_dose+trend_alert,adolescent#003,10833,170,4.5,8.5
2028,C_twin_dose+trend_alert,adult#004,10844,80,4.5,6.0
2028,C_twin_dose+trend_alert,child#003,10848,55,2.5,2.0
2028,C_twin_dose+trend_alert,adult#006,10852,90,13.5,10.0
2028,C_twin_dose+trend_alert,adolescent#005,10856,85,8.0,6.0
2028,C_twin_dose+trend_alert,child#005,10858,25,3.0,3.5
2028,C_twin_dose+trend_alert,adult#010,10862,45,15.5,10.5
2028,C_twin_dose+trend_alert,adult#003,10868,110,18.5,9.5
2028,C_twin_dose+trend_alert,child#006,10883,65,2.0,2.5
2028,C_twin_dose+trend_alert,child#009,10884,25,0.5,1.5
2028,C_twin_dose+trend_alert,adolescent#006,10888,70,12.5,10.5
2028,C_twin_dose+trend_alert,adult#002,10890,195,18.5,29.0
2028,C_twin_dose+trend_alert,child#002,10894,60,1.5,3.5
2028,C_twin_dose+trend_alert,adolescent#007,10896,95,11.5,11.0
2028,C_twin_dose+trend_alert,adult#009,10898,85,38.5,14.5
2028,C_twin_dose+trend_alert,child#004,10898,80,1.5,4.0
2028,C_twin_dose+trend_alert,child#010,10898,50,3.0,3.5
2028,C_twin_dose+trend_alert,adolescent#002,10922,135,61.0,30.5
2028,C_twin_dose+trend_alert,adult#005,10925,30,10.0,5.0
2028,C_twin_dose+trend_alert,adolescent#010,10927,50,6.0,5.0
2028,C_twin_dose+trend_alert,adult#001,10927,115,0.0,9.0
2028,C_twin_dose+trend_alert,child#008,10935,65,5.0,4.0
2028,C_twin_dose+trend_alert,child#001,10949,45,1.5,2.0
2028,C_twin_dose+trend_alert,child#007,10964,40,5.0,5.5
2028,C_twin_dose+trend_alert,adolescent#001,10974,65,4.0,5.0
2028,C_twin_dose+trend_alert,adult#007,11106,25,2.0,5.5
2028,C_twin_dose+trend_alert,adolescent#003,11107,25,0.5,1.0
2028,C_twin_dose+trend_alert,adolescent#006,11114,35,7.5,5.5
2028,C_twin_dose+trend_alert,adult#001,11185,40,23.5,14.0
2028,C_twin_dose+trend_alert,adult#007,11274,80,3.0,4.0
2028,C_twin_dose+trend_alert,adult#008,11278,55,7.5,4.0
2028,C_twin_dose+trend_alert,adult#002,11295,120,15.0,18.0
2028,C_twin_dose+trend_alert,child#006,11304,70,2.5,3.0
2028,C_twin_dose+trend_alert,child#010,11306,45,2.5,2.5
2028,C_twin_dose+trend_alert,adult#010,11308,55,19.0,13.0
2028,C_twin_dose+trend_alert,adolescent#008,11310,165,55.5,37.5
2028,C_twin_dose+trend_alert,adolescent#001,11317,145,7.5,11.5
2028,C_twin_dose+trend_alert,adolescent#002,11322,85,0.0,19.5
2028,C_twin_dose+trend_alert,child#002,11322,35,1.5,2.0
2028,C_twin_dose+trend_alert,adult#006,11339,70,12.5,8.5
2028,C_twin_dose+trend_alert,adolescent#009,11341,105,4.5,5.0
2028,C_twin_dose+trend_alert,adult#003,11345,35,10.0,4.5
2028,C_twin_dose+trend_alert,child#009,11359,40,1.5,3.5
2028,C_twin_dose+trend_alert,adult#005,11361,75,24.5,14.0
2028,C_twin_dose+trend_alert,adult#009,11366,75,33.0,16.5
2028,C_twin_dose+trend_alert,child#007,11367,40,5.5,4.0
2028,C_twin_dose+trend_alert,adolescent#006,11380,90,25.5,15.0
2028,C_twin_dose+trend_alert,adolescent#005,11382,135,10.0,9.0
2028,C_twin_dose+trend_alert,adult#001,11384,85,0.0,2.5
2028,C_twin_dose+trend_alert,child#004,11384,50,1.0,2.5
2028,C_twin_dose+trend_alert,child#001,11390,35,1.5,3.0
2028,C_twin_dose+trend_alert,adolescent#010,11396,60,6.0,3.5
2028,C_twin_dose+trend_alert,child#005,11400,45,4.5,4.0
2028,C_twin_dose+trend_alert,adult#004,11406,65,4.5,5.5
2028,C_twin_dose+trend_alert,adult#003,11953,35,13.0,9.5
2028,C_twin_dose+trend_alert,child#009,11958,15,0.5,1.0
2028,C_twin_dose+trend_alert,adolescent#005,11970,45,6.0,3.5
2028,C_twin_dose+trend_alert,adult#002,11977,55,9.5,10.5
2028,C_twin_dose+trend_alert,adolescent#004,11986,35,5.0,2.0
2028,C_twin_dose+trend_alert,adolescent#009,11986,65,3.5,2.5
2028,C_twin_dose+trend_alert,child#004,11987,25,0.5,1.0
2028,C_twin_dose+trend_alert,child#002,11990,20,1.0,1.0
2028,C_twin_dose+trend_alert,child#006,11990,30,1.5,3.0
2028,C_twin_dose+trend_alert,child#010,11991,35,2.5,3.5
2028,C_twin_dose+trend_alert,adult#008,11995,80,11.0,8.0
2028,C_twin_dose+trend_alert,adult#010,11995,25,13.0,8.0
2028,C_twin_dose+trend_alert,adult#001,11996,35,5.5,2.5
2028,C_twin_dose+trend_alert,child#003,11996,30,2.0,1.0
2028,C_twin_dose+trend_alert,adolescent#001,12002,90,6.0,10.0
2028,C_twin_dose+trend_alert,adolescent#010,12006,75,8.0,6.0
2028,C_twin_dose+trend_alert,adolescent#007,12007,85,12.0,11.0
2028,C_twin_dose+trend_alert,adolescent#002,12008,75,41.0,21.0
2028,C_twin_dose+trend_alert,adult#006,12010,40,9.5,5.5
2028,C_twin_dose+trend_alert,child#001,12020,35,1.5,3.0
2028,C_twin_dose+trend_alert,adult#004,12026,85,5.5,7.5
2028,C_twin_dose+trend_alert,adult#005,12028,95,28.0,17.0
2028,C_twin_dose+trend_alert,child#007,12037,30,2.0,3.0
2028,C_twin_dose+trend_alert,adolescent#003,12038,80,3.0,4.5
2028,C_twin_dose+trend_alert,adult#009,12041,55,17.0,8.5
2028,C_twin_dose+trend_alert,adolescent#008,12052,25,15.0,8.5
2028,C_twin_dose+trend_alert,adolescent#006,12067,30,6.5,5.5
2028,C_twin_dose+trend_alert,child#009,12242,40,1.0,2.0
2028,C_twin_dose+trend_alert,adolescent#003,12266,60,1.5,3.0
2028,C_twin_dose+trend_alert,adolescent#008,12285,60,25.5,12.5
2028,C_twin_dose+trend_alert,adult#007,12294,65,0.0,0.5
2028,C_twin_dose+trend_alert,adult#006,12299,55,15.0,8.0
2028,C_twin_dose+trend_alert,adult#008,12303,80,9.0,5.0
2028,C_twin_dose+trend_alert,child#007,12303,45,2.5,4.5
2028,C_twin_dose+trend_alert,adolescent#005,12304,50,6.0,3.5
2028,C_twin_dose+trend_alert,adult#010,12308,105,26.0,25.5
2028,C_twin_dose+trend_alert,child#008,12308,65,4.5,4.0
2028,C_twin_dose+trend_alert,adult#003,12316,50,9.0,4.5
2028,C_twin_dose+trend_alert,adolescent#006,12319,105,17.0,15.0
2028,C_twin_dose+trend_alert,child#004,12321,50,1.5,4.0
2028,C_twin_dose+trend_alert,child#002,12324,30,1.0,1.5
2028,C_twin_dose+trend_alert,adolescent#009,12328,90,4.0,3.5
2028,C_twin_dose+trend_alert,adult#009,12328,145,67.0,34.0
2028,C_twin_dose+trend_alert,child#003,12333,55,2.5,2.0
2028,C_twin_dose+trend_alert,adolescent#010,12334,30,4.5,2.5
2028,C_twin_dose+trend_alert,adolescent#007,12336,85,11.0,10.0
2028,C_twin_dose+trend_alert,adult#005,12354,55,18.0,8.5
2028,C_twin_dose+trend_alert,adult#002,12356,160,25.0,24.0
2028,C_twin_dose+trend_alert,adolescent#002,12366,55,25.0,12.5
2028,C_twin_dose+trend_alert,adult#001,12366,145,22.0,11.0
2028,C_twin_dose+trend_alert,child#010,12371,60,3.0,3.0
2028,C_twin_dose+trend_alert,adult#004,12372,65,5.5,5.0
2028,C_twin_dose+trend_alert,child#001,12377,40,1.5,1.5
2028,C_twin_dose+trend_alert,adult#009,12536,30,16.0,0.0
2028,C_twin_dose+trend_alert,child#006,12549,10,0.0,0.5
2028,C_twin_dose+trend_alert,adolescent#004,12556,20,2.5,4.5
2028,C_twin_dose+trend_alert,adult#006,12578,35,7.5,4.0
2028,C_twin_dose+trend_alert,adult#004,12712,95,5.0,7.0
2028,C_twin_dose+trend_alert,adult#003,12718,50,15.5,8.0
2028,C_twin_dose+trend_alert,child#007,12718,45,3.0,4.5
2028,C_twin_dose+trend_alert,child#008,12732,55,1.0,1.0
2028,C_twin_dose+trend_alert,child#005,12749,95,10.0,13.0
2028,C_twin_dose+trend_alert,child#009,12752,50,1.0,3.0
2028,C_twin_dose+trend_alert,child#001,12760,45,1.5,4.0
2028,C_twin_dose+trend_alert,adult#008,12768,75,0.0,4.5
2028,C_twin_dose+trend_alert,adult#007,12773,105,4.5,8.5
2028,C_twin_dose+trend_alert,adult#002,12780,110,12.5,16.5
2028,C_twin_dose+trend_alert,adolescent#002,12783,55,25.0,12.5
2028,C_twin_dose+trend_alert,child#010,12784,55,3.0,3.0
2028,C_twin_dose+trend_alert,adolescent#008,12787,60,27.5,18.0
2028,C_twin_dose+trend_alert,child#004,12787,50,1.0,3.5
2028,C_twin_dose+trend_alert,child#003,12789,40,2.0,1.5
2028,C_twin_dose+trend_alert,adolescent#010,12792,95,10.0,6.0
2028,C_twin_dose+trend_alert,child#006,12792,45,1.5,2.0
2028,C_twin_dose+trend_alert,adult#009,12799,70,23.0,11.0
2028,C_twin_dose+trend_alert,adult#001,12800,110,0.0,8.5
2028,C_twin_dose+trend_alert,adolescent#005,12804,35,5.5,2.5
2028,C_twin_dose+trend_alert,adolescent#004,12806,90,8.5,5.0
2028,C_twin_dose+trend_alert,adolescent#007,12809,95,13.0,15.5
2028,C_twin_dose+trend_alert,child#002,12816,70,2.0,3.5
2028,C_twin_dose+trend_alert,adolescent#003,12824,120,4.0,7.0
2028,C_twin_dose+trend_alert,adolescent#009,12838,60,3.5,2.5
2028,C_twin_dose+trend_alert,adult#010,12839,75,23.5,27.0
2028,C_twin_dose+trend_alert,adult#006,12845,90,13.5,10.0
2028,C_twin_dose+trend_alert,adolescent#001,12855,120,7.0,12.5
2028,C_twin_dose+trend_alert,adult#003,13396,85,17.0,9.0
2028,C_twin_dose+trend_alert,adolescent#005,13404,35,6.0,3.5
2028,C_twin_dose+trend_alert,adolescent#006,13413,65,12.0,11.0
2028,C_twin_dose+trend_alert,adolescent#008,13418,40,20.5,13.0
2028,C_twin_dose+trend_alert,child#002,13419,55,1.5,3.0
2028,C_twin_dose+trend_alert,child#003,13427,25,1.0,1.0
2028,C_twin_dose+trend_alert,adult#007,13428,75,3.5,3.5
2028,C_twin_dose+trend_alert,adult#002,13429,65,9.5,11.0
2028,C_twin_dose+trend_alert,adult#010,13431,20,12.5,9.0
2028,C_twin_dose+trend_alert,adult#008,13440,40,8.5,6.0
2028,C_twin_dose+trend_alert,adolescent#003,13442,35,1.5,2.0
2028,C_twin_dose+trend_alert,adolescent#009,13443,55,3.5,3.5
2028,C_twin_dose+trend_alert,adolescent#007,13444,50,9.0,7.5
2028,C_twin_dose+trend_alert,adolescent#010,13446,45,9.0,5.0
2028,C_twin_dose+trend_alert,adult#009,13450,40,12.0,6.0
2028,C_twin_dose+trend_alert,adolescent#004,13454,35,5.5,2.5
2028,C_twin_dose+trend_alert,adult#001,13454,65,15.0,7.5
2028,C_twin_dose+trend_alert,child#009,13456,20,0.5,2.0
2028,C_twin_dose+trend_alert,child#005,13459,15,2.0,3.0
2028,C_twin_dose+trend_alert,adult#006,13460,30,8.0,3.5
2028,C_twin_dose+trend_alert,child#008,13468,40,4.0,4.0
2028,C_twin_dose+trend_alert,child#006,13469,40,2.0,3.0
2028,C_twin_dose+trend_alert,child#001,13470,45,1.5,2.5
2028,C_twin_dose+trend_alert,adolescent#002,13473,35,21.0,10.5
2028,C_twin_dose+trend_alert,child#010,13473,20,2.5,3.5
2028,C_twin_dose+trend_alert,child#007,13479,40,5.0,6.5
2028,C_twin_dose+trend_alert,adult#004,13503,90,5.5,8.0
2028,C_twin_dose+trend_alert,adult#004,13677,50,3.0,2.5
2028,C_twin_dose+trend_alert,adolescent#010,13700,70,8.0,4.0
2028,C_twin_dose+trend_alert,adolescent#002,13705,105,48.0,23.0
2028,C_twin_dose+trend_alert,child#002,13708,90,3.5,6.0
2028,C_twin_dose+trend_alert,child#008,13732,45,3.5,3.0
2028,C_twin_dose+trend_alert,child#004,13741,55,1.5,2.5
2028,C_twin_dose+trend_alert,adolescent#003,13746,55,2.0,3.0
2028,C_twin_dose+trend_alert,child#006,13755,55,2.0,2.5
2028,C_twin_dose+trend_alert,adolescent#005,13756,45,6.0,3.0
2028,C_twin_dose+trend_alert,adult#003,13764,95,19.0,10.0
2028,C_twin_dose+trend_alert,adult#008,13764,75,7.5,4.5
2028,C_twin_dose+trend_alert,child#003,13764,45,2.0,2.0
2028,C_twin_dose+trend_alert,child#005,13769,55,6.5,9.5
2028,C_twin_dose+trend_alert,adult#006,13775,125,26.0,14.5
2028,C_twin_dose+trend_alert,adolescent#006,13776,95,16.0,14.5
2028,C_twin_dose+trend_alert,adult#001,13778,65,9.0,5.0
2028,C_twin_dose+trend_alert,adult#005,13778,45,25.0,18.0
2028,C_twin_dose+trend_alert,adolescent#004,13780,50,6.0,3.0
2028,C_twin_dose+trend_alert,adolescent#007,13785,85,11.0,10.0
2028,C_twin_dose+trend_alert,adolescent#001,13790,160,8.5,13.0
2028,C_twin_dose+trend_alert,adult#007,13808,110,6.5,5.5
2028,C_twin_dose+trend_alert,child#007,13813,75,5.0,8.0
2028,C_twin_dose+trend_alert,child#009,13816,30,1.0,2.5
2028,C_twin_dose+trend_alert,adult#002,13823,125,20.5,18.5
2028,C_twin_dose+trend_alert,child#001,13829,25,1.0,1.0
2028,C_twin_dose+trend_alert,adolescent#009,13854,35,2.5,1.5
2028,C_twin_dose+trend_alert,adolescent#003,13945,35,1.5,3.0
2028,C_twin_dose+trend_alert,adult#006,13994,20,0.0,0.0
2028,C_twin_dose+trend_alert,adult#002,14007,35,0.0,1.5
2028,C_twin_dose+trend_alert,child#003,14022,10,0.5,1.0
2028,C_twin_dose+trend_alert,adolescent#006,14057,40,7.5,5.5
2028,C_twin_dose+trend_alert,adolescent#006,14153,100,16.5,10.0
2028,C_twin_dose+trend_alert,adolescent#007,14165,80,11.0,9.5
2028,C_twin_dose+trend_alert,adult#001,14188,70,11.0,5.5
2028,C_twin_dose+trend_alert,child#005,14188,55,7.0,10.5
2028,C_twin_dose+trend_alert,child#009,14189,30,1.0,3.0
2028,C_twin_dose+trend_alert,child#006,14191,80,2.5,3.5
2028,C_twin_dose+trend_alert,adolescent#003,14194,65,2.0,3.0
2028,C_twin_dose+trend_alert,adult#009,14195,65,0.0,7.0
2028,C_twin_dose+trend_alert,adolescent#004,14209,75,8.0,4.5
2028,C_twin_dose+trend_alert,adolescent#005,14215,110,11.5,12.5
2028,C_twin_dose+trend_alert,child#003,14223,35,1.5,1.5
2028,C_twin_dose+trend_alert,child#001,14224,25,1.5,3.5
2028,C_twin_dose+trend_alert,child#007,14224,40,3.0,4.5
2028,C_twin_dose+trend_alert,adult#003,14225,105,20.0,12.0
2028,C_twin_dose+trend_alert,adolescent#001,14228,95,5.5,7.0
2028,C_twin_dose+trend_alert,child#002,14229,55,1.5,3.0
2028,C_twin_dose+trend_alert,adolescent#009,14230,95,4.0,4.5
2028,C_twin_dose+trend_alert,child#010,14234,25,2.5,3.0
2028,C_twin_dose+trend_alert,adult#006,14241,40,10.0,8.5
2028,C_twin_dose+trend_alert,adult#007,14242,150,5.5,7.0
2028,C_twin_dose+trend_alert,adult#002,14243,170,17.5,25.5
2028,C_twin_dose+trend_alert,adult#004,14248,95,5.5,7.0
2028,C_twin_dose+trend_alert,adult#005,14254,50,16.0,8.0
2028,C_twin_dose+trend_alert,child#004,14258,115,3.0,5.0
2028,C_twin_dose+trend_alert,adolescent#010,14259,75,14.0,6.5
2028,C_twin_dose+trend_alert,child#008,14265,30,3.0,2.0
2028,C_twin_dose+trend_alert,adolescent#008,14266,110,39.5,20.5
2028,C_twin_dose+trend_alert,adult#010,14273,90,24.5,26.5
2028,C_twin_dose+trend_alert,adolescent#003,14839,55,2.5,3.0
2028,C_twin_dose+trend_alert,adolescent#007,14841,40,8.0,10.0
2028,C_twin_dose+trend_alert,adult#005,14854,50,16.0,8.0
2028,C_twin_dose+trend_alert,adult#006,14859,70,13.0,9.0
2028,C_twin_dose+trend_alert,child#005,14859,25,3.5,4.5
2028,C_twin_dose+trend_alert,adult#008,14875,25,9.0,7.5
2028,C_twin_dose+trend_alert,child#003,14882,50,2.5,2.5
2028,C_twin_dose+trend_alert,adolescent#001,14883,90,6.0,11.0
2028,C_twin_dose+trend_alert,adult#001,14890,85,13.0,6.5
2028,C_twin_dose+trend_alert,child#001,14893,45,1.5,2.0
2028,C_twin_dose+trend_alert,adolescent#010,14896,50,6.0,5.0
2028,C_twin_dose+trend_alert,adult#004,14901,145,8.5,12.0
2028,C_twin_dose+trend_alert,child#002,14901,70,2.0,3.5
2028,C_twin_dose+trend_alert,child#006,14907,25,2.0,3.0
2028,C_twin_dose+trend_alert,child#010,14909,35,2.5,2.5
2028,C_twin_dose+trend_alert,adolescent#008,14911,35,27.5,16.0
2028,C_twin_dose+trend_alert,adult#003,14913,80,17.0,10.5
2028,C_twin_dose+trend_alert,adolescent#009,14915,25,3.0,2.0
2028,C_twin_dose+trend_alert,child#008,14925,40,4.0,4.0
2028,C_twin_dose+trend_alert,adult#002,14929,45,6.5,6.5
2028,C_twin_dose+trend_alert,child#004,14929,55,1.5,2.5
2028,C_twin_dose+trend_alert,adolescent#005,14930,55,7.0,4.5
2028,C_twin_dose+trend_alert,adult#010,14931,50,24.5,17.5
2028,C_twin_dose+trend_alert,adult#010,15149,55,12.5,10.5
2028,C_twin_dose+trend_alert,adult#001,15183,140,25.5,12.0
2028,C_twin_dose+trend_alert,child#010,15183,55,3.0,3.0
2028,C_twin_dose+trend_alert,adult#002,15189,90,10.5,13.5
2028,C_twin_dose+trend_alert,adult#005,15194,120,29.0,19.0
2028,C_twin_dose+trend_alert,child#008,15206,55,4.0,3.5
2028,C_twin_dose+trend_alert,adult#003,15207,50,10.0,5.0
2028,C_twin_dose+trend_alert,child#007,15207,40,0.0,2.0
2028,C_twin_dose+trend_alert,adolescent#002,15210,40,23.0,12.0
2028,C_twin_dose+trend_alert,adolescent#007,15214,70,10.0,9.0
2028,C_twin_dose+trend_alert,child#006,15217,40,1.5,1.5
2028,C_twin_dose+trend_alert,adolescent#010,15218,50,6.0,3.0
2028,C_twin_dose+trend_alert,child#002,15219,45,2.0,2.5
2028,C_twin_dose+trend_alert,adult#006,15223,120,18.0,13.5
2028,C_twin_dose+trend_alert,adolescent#001,15224,95,4.5,7.0
2028,C_twin_dose+trend_alert,child#003,15227,15,0.5,0.5
2028,C_twin_dose+trend_alert,adolescent#005,15228,75,7.0,5.0
2028,C_twin_dose+trend_alert,adolescent#006,15229,65,19.0,6.0
2028,C_twin_dose+trend_alert,child#004,15234,25,0.5,1.0
2028,C_twin_dose+trend_alert,adolescent#004,15237,70,6.5,4.0
2028,C_twin_dose+trend_alert,child#005,15243,45,5.0,7.0
2028,C_twin_dose+trend_alert,child#001,15248,55,1.5,3.0
2028,C_twin_dose+trend_alert,child#009,15249,25,1.0,2.0
2028,C_twin_dose+trend_alert,adult#009,15255,65,20.0,4.0
2028,C_twin_dose+trend_alert,adult#007,15293,80,5.5,5.0
2028,C_twin_dose+trend_alert,adolescent#009,15303,60,3.0,2.5
2028,C_twin_dose+trend_alert,adolescent#003,15310,45,2.0,2.0
2028,C_twin_dose+trend_alert,adult#001,15392,20,0.0,0.0
2028,C_twin_dose+trend_alert,adolescent#008,15403,40,21.0,21.0
2028,C_twin_dose+trend_alert,child#008,15404,15,1.5,8.0
2028,C_twin_dose+trend_alert,adult#007,15428,30,0.0,0.0
2028,C_twin_dose+trend_alert,child#010,15435,20,1.5,1.0
2028,C_twin_dose+trend_alert,child#004,15447,25,1.0,2.5
2028,C_twin_dose+trend_alert,adult#006,15471,30,0.0,3.5
2028,C_twin_dose+trend_alert,adult#010,15485,20,7.0,4.5
2028,C_twin_dose+trend_alert,adolescent#010,15487,20,3.0,2.5
2028,C_twin_dose+trend_alert,adult#003,15506,30,7.0,3.5
2028,C_twin_dose+trend_alert,child#002,15585,60,2.0,3.0
2028,C_twin_dose+trend_alert,adolescent#004,15589,60,7.0,5.5
2028,C_twin_dose+trend_alert,child#003,15608,35,1.5,1.5
2028,C_twin_dose+trend_alert,adult#008,15615,60,10.0,8.0
2028,C_twin_dose+trend_alert,adult#002,15618,110,13.0,19.0
2028,C_twin_dose+trend_alert,child#010,15621,50,3.0,2.0
2028,C_twin_dose+trend_alert,child#008,15628,45,4.5,2.5
2028,C_twin_dose+trend_alert,adult#003,15631,80,14.0,3.5
2028,C_twin_dose+trend_alert,child#006,15634,60,2.0,2.5
2028,C_twin_dose+trend_alert,adult#007,15637,100,5.0,5.0
2028,C_twin_dose+trend_alert,adult#004,15645,120,6.0,10.0
2028,C_twin_dose+trend_alert,child#007,15645,65,5.0,9.0
2028,C_twin_dose+trend_alert,adolescent#009,15647,145,5.5,6.5
2028,C_twin_dose+trend_alert,adolescent#002,15648,60,27.0,13.5
2028,C_twin_dose+trend_alert,adolescent#001,15654,110,6.5,8.5
2028,C_twin_dose+trend_alert,adolescent#003,15654,45,2.0,3.0
2028,C_twin_dose+trend_alert,adult#010,15656,60,17.0,12.0
2028,C_twin_dose+trend_alert,adult#009,15657,95,50.0,26.0
2028,C_twin_dose+trend_alert,adult#001,15665,145,24.0,11.5
2028,C_twin_dose+trend_alert,adolescent#005,15667,75,7.5,5.0
2028,C_twin_dose+trend_alert,adolescent#007,15671,175,18.5,25.0
2028,C_twin_dose+trend_alert,child#009,15673,45,1.0,2.5
2028,C_twin_dose+trend_alert,adolescent#010,15681,65,6.0,3.5
2028,C_twin_dose+trend_alert,child#004,15682,60,1.5,2.5
2028,C_twin_dose+trend_alert,adolescent#006,15684,115,19.5,17.5
2028,C_twin_dose+trend_alert,adult#005,15724,40,13.0,7.0
2028,C_twin_dose+trend_alert,child#001,15748,50,2.0,5.0
2028,C_twin_dose+trend_alert,adolescent#009,16261,60,3.5,2.5
2028,C_twin_dose+trend_alert,child#001,16288,25,1.5,2.5
2028,C_twin_dose+trend_alert,adolescent#003,16306,45,2.0,2.5
2028,C_twin_dose+trend_alert,child#002,16313,15,0.5,1.0
2028,C_twin_dose+trend_alert,adolescent#006,16317,45,9.5,9.0
2028,C_twin_dose+trend_alert,child#004,16322,35,1.0,1.5
2028,C_twin_dose+trend_alert,adult#010,16324,55,19.0,14.5
2028,C_twin_dose+trend_alert,adult#005,16325,30,11.0,5.5
2028,C_twin_dose+trend_alert,child#010,16330,15,2.0,1.0
2028,C_twin_dose+trend_alert,child#006,16331,50,2.0,3.5
2028,C_twin_dose+trend_alert,adolescent#008,16334,45,22.0,11.0
2028,C_twin_dose+trend_alert,adult#001,16338,35,5.5,2.5
2028,C_twin_dose+trend_alert,adult#006,16341,30,8.5,5.5
2028,C_twin_dose+trend_alert,child#008,16344,30,3.5,3.5
2028,C_twin_dose+trend_alert,adolescent#002,16347,75,48.0,24.0
2028,C_twin_dose+trend_alert,child#007,16354,15,2.0,6.0
2028,C_twin_dose+trend_alert,adolescent#007,16363,30,6.5,4.0
2028,C_twin_dose+trend_alert,adolescent#004,16367,60,8.0,5.0
2028,C_twin_dose+trend_alert,adolescent#005,16373,30,6.0,3.0
2028,C_twin_dose+trend_alert,adult#002,16375,25,4.5,3.5
2028,C_twin_dose+trend_alert,adult#003,16386,35,12.5,8.0
2028,C_twin_dose+trend_alert,child#003,16394,20,1.0,2.0
2028,C_twin_dose+trend_alert,adolescent#008,16550,95,35.5,18.0
2028,C_twin_dose+trend_alert,child#008,16593,35,3.0,3.0
2028,C_twin_dose+trend_alert,adolescent#005,16601,80,6.5,5.0
2028,C_twin_dose+trend_alert,child#009,16607,40,1.0,2.0
2028,C_twin_dose+trend_alert,adolescent#004,16611,95,7.0,6.0
2028,C_twin_dose+trend_alert,child#007,16615,40,3.0,5.0
2028,C_twin_dose+trend_alert,adult#006,16619,30,6.0,3.5
2028,C_twin_dose+trend_alert,adult#007,16624,45,2.5,3.0
2028,C_twin_dose+trend_alert,adolescent#007,16625,100,12.0,12.5
2028,C_twin_dose+trend_alert,adult#004,16628,120,6.5,10.5
2028,C_twin_dose+trend_alert,child#003,16629,25,1.5,4.0
2028,C_twin_dose+trend_alert,child#004,16630,40,1.0,2.0
2028,C_twin_dose+trend_alert,adult#003,16640,95,17.0,8.5
2028,C_twin_dose+trend_alert,adult#001,16646,100,16.0,8.0
2028,C_twin_dose+trend_alert,adolescent#006,16650,50,10.0,8.5
2028,C_twin_dose+trend_alert,child#005,16656,65,6.5,8.5
2028,C_twin_dose+trend_alert,adolescent#009,16658,75,5.0,3.0
2028,C_twin_dose+trend_alert,adult#008,16659,75,11.0,9.0
2028,C_twin_dose+trend_alert,child#006,16662,60,2.0,2.5
2028,C_twin_dose+trend_alert,adolescent#001,16663,95,6.0,10.0
2028,C_twin_dose+trend_alert,adolescent#010,16676,75,7.5,4.5
2028,C_twin_dose+trend_alert,adult#002,16681,115,13.0,17.5
2028,C_twin_dose+trend_alert,adult#010,16682,75,20.5,17.5
2028,C_twin_dose+trend_alert,adult#009,16685,65,28.0,8.5
2028,C_twin_dose+trend_alert,adolescent#003,16716,95,3.0,5.0
2028,C_twin_dose+trend_alert,adult#005,16750,70,23.0,11.5
2028,C_twin_dose+trend_alert,adolescent#004,16889,25,2.0,1.5
2028,C_twin_dose+trend_alert,adult#007,16891,25,1.0,1.0
2028,C_twin_dose+trend_alert,adolescent#005,16897,25,4.5,1.5
2028,C_twin_dose+trend_alert,adolescent#001,16904,25,2.0,2.0
2028,C_twin_dose+trend_alert,adult#006,16908,20,6.0,4.0
2028,C_twin_dose+trend_alert,adult#001,16978,50,8.0,4.0
2028,C_twin_dose+trend_alert,adolescent#001,17026,140,6.0,9.5
2028,C_twin_dose+trend_alert,child#003,17053,35,2.0,2.0
2028,C_twin_dose+trend_alert,adult#002,17060,120,13.5,19.5
2028,C_twin_dose+trend_alert,child#004,17060,85,1.5,3.5
2028,C_twin_dose+trend_alert,adolescent#003,17064,130,3.5,6.5
2028,C_twin_dose+trend_alert,adolescent#004,17066,135,10.0,7.5
2028,C_twin_dose+trend_alert,adolescent#005,17068,70,5.5,3.5
2028,C_twin_dose+trend_alert,adolescent#002,17071,45,20.0,0.5
2028,C_twin_dose+trend_alert,adolescent#007,17073,90,12.0,10.5
2028,C_twin_dose+trend_alert,adolescent#010,17077,55,6.5,3.5
2028,C_twin_dose+trend_alert,child#007,17087,45,3.0,4.5
2028,C_twin_dose+trend_alert,child#005,17089,60,6.5,8.5
2028,C_twin_dose+trend_alert,child#001,17090,75,2.0,4.5
2028,C_twin_dose+trend_alert,adult#007,17102,50,2.5,2.5
2028,C_twin_dose+trend_alert,child#010,17104,85,3.5,4.5
2028,C_twin_dose+trend_alert,adult#010,17115,80,23.0,18.5
2028,C_twin_dose+trend_alert,child#008,17118,40,3.5,2.5
2028,C_twin_dose+trend_alert,adult#005,17125,80,22.5,12.5
2028,C_twin_dose+trend_alert,adolescent#009,17132,80,5.5,3.0
2028,C_twin_dose+trend_alert,adolescent#008,17135,105,40.0,24.5
2028,C_twin_dose+trend_alert,adult#006,17144,115,16.0,13.0
2028,C_twin_dose+trend_alert,adult#003,17150,125,23.0,16.0
2028,C_twin_dose+trend_alert,adult#009,17150,85,35.0,17.5
2028,C_twin_dose+trend_alert,child#002,17151,65,1.0,2.5
2028,C_twin_dose+trend_alert,adult#004,17159,125,8.0,10.5
2028,C_twin_dose+trend_alert,adolescent#006,17172,95,24.5,15.0
2028,C_twin_dose+trend_alert,child#005,17700,30,3.5,4.5
2028,C_twin_dose+trend_alert,adult#009,17707,30,9.0,4.5
2028,C_twin_dose+trend_alert,adult#001,17726,35,6.0,3.0
2028,C_twin_dose+trend_alert,adolescent#005,17728,45,6.5,4.0
2028,C_twin_dose+trend_alert,child#002,17737,35,1.0,2.0
2028,C_twin_dose+trend_alert,child#009,17737,25,1.0,3.0
2028,C_twin_dose+trend_alert,adolescent#004,17743,30,5.0,2.0
2028,C_twin_dose+trend_alert,adult#006,17745,35,8.5,5.0
2028,C_twin_dose+trend_alert,adolescent#003,17746,45,2.0,2.0
2028,C_twin_dose+trend_alert,adult#003,17747,75,16.0,8.5
2028,C_twin_dose+trend_alert,child#006,17754,45,2.0,3.0
2028,C_twin_dose+trend_alert,adult#002,17756,90,17.0,14.5
2028,C_twin_dose+trend_alert,child#001,17758,55,1.5,2.0
2028,C_twin_dose+trend_alert,adolescent#010,17759,30,6.5,5.5
2028,C_twin_dose+trend_alert,child#003,17760,15,0.5,0.5
2028,C_twin_dose+trend_alert,child#010,17762,15,2.0,1.0
2028,C_twin_dose+trend_alert,adult#008,17763,55,11.5,7.0
2028,C_twin_dose+trend_alert,adolescent#007,17764,60,10.0,10.0
2028,C_twin_dose+trend_alert,adolescent#002,17767,35,30.0,15.0
2028,C_twin_dose+trend_alert,adolescent#008,17771,35,19.0,11.5
2028,C_twin_dose+trend_alert,adolescent#006,17772,50,9.5,8.5
2028,C_twin_dose+trend_alert,adolescent#009,17778,30,2.5,1.5
2028,C_twin_dose+trend_alert,adolescent#001,17792,80,5.0,8.0
2028,C_twin_dose+trend_alert,adult#005,17799,75,25.5,14.0
2028,C_twin_dose+trend_alert,child#007,17805,50,4.0,7.5
2028,C_twin_dose+trend_alert,adult#004,17816,35,3.5,3.0
2028,C_twin_dose+trend_alert,child#008,17816,40,4.0,3.5
2028,C_twin_dose+trend_alert,adult#010,17829,45,17.0,13.0
2028,C_twin_dose+trend_alert,child#004,17835,40,1.0,1.5
2028,C_twin_dose+trend_alert,adult#005,18021,80,17.5,11.0
2028,C_twin_dose+trend_alert,adolescent#004,18029,105,9.0,7.5
2028,C_twin_dose+trend_alert,child#008,18044,85,6.5,7.5
2028,C_twin_dose+trend_alert,child#005,18049,40,8.0,6.0
2028,C_twin_dose+trend_alert,adult#009,18051,80,25.0,12.5
2028,C_twin_dose+trend_alert,child#003,18060,65,3.0,4.0
2028,C_twin_dose+trend_alert,adult#007,18071,235,8.0,12.0
2028,C_twin_dose+trend_alert,child#001,18074,65,1.5,3.0
2028,C_twin_dose+trend_alert,adult#006,18075,90,0.0,10.0
2028,C_twin_dose+trend_alert,adult#008,18082,80,8.5,5.0
2028,C_twin_dose+trend_alert,adolescent#010,18088,45,4.5,2.5
2028,C_twin_dose+trend_alert,child#004,18088,95,2.0,4.0
2028,C_twin_dose+trend_alert,adolescent#009,18092,135,5.0,5.5
2028,C_twin_dose+trend_alert,adolescent#001,18093,130,6.5,10.0
2028,C_twin_dose+trend_alert,adolescent#007,18102,95,12.0,11.0
2028,C_twin_dose+trend_alert,child#006,18102,50,1.5,2.0
2028,C_twin_dose+trend_alert,adult#004,18104,120,6.0,9.0
2028,C_twin_dose+trend_alert,adult#001,18108,35,5.5,2.5
2028,C_twin_dose+trend_alert,child#002,18115,40,2.0,2.0
2028,C_twin_dose+trend_alert,child#007,18123,80,5.0,8.5
2028,C_twin_dose+trend_alert,child#010,18123,30,2.5,2.5
2028,C_twin_dose+trend_alert,adolescent#008,18134,30,15.0,7.0
2028,C_twin_dose+trend_alert,adult#003,18148,50,9.0,4.5
2028,C_twin_dose+trend_alert,adolescent#002,18149,80,36.0,18.0
2028,C_twin_dose+trend_alert,adult#007,18262,15,0.0,0.0
2028,C_twin_dose+trend_alert,child#006,18285,15,1.0,1.5
2028,C_twin_dose+trend_alert,adult#008,18306,10,1.0,0.0
2028,C_twin_dose+trend_alert,adolescent#005,18312,15,2.0,1.5
2028,C_twin_dose+trend_alert,adult#005,18350,20,6.0,3.0
2028,C_twin_dose+trend_alert,adult#009,18378,20,17.5,17.0
2028,C_twin_dose+trend_alert,adult#010,18404,25,4.5,3.0
2028,C_twin_dose+trend_alert,adult#009,18464,85,35.0,6.0
2028,C_twin_dose+trend_alert,adolescent#001,18484,90,5.0,7.0
2028,C_twin_dose+trend_alert,adult#006,18488,55,12.0,11.5
2028,C_twin_dose+trend_alert,child#006,18503,30,1.5,1.5
2028,C_twin_dose+trend_alert,adolescent#004,18520,65,8.0,4.0
2028,C_twin_dose+trend_alert,adult#005,18522,100,27.0,14.0
2028,C_twin_dose+trend_alert,child#001,18523,45,1.5,4.0
2028,C_twin_dose+trend_alert,child#004,18527,85,1.5,4.0
2028,C_twin_dose+trend_alert,adolescent#006,18528,80,13.0,11.5
2028,C_twin_dose+trend_alert,adult#010,18532,60,16.0,12.0
2028,C_twin_dose+trend_alert,adolescent#005,18535,150,10.0,9.5
2028,C_twin_dose+trend_alert,adolescent#002,18536,135,65.0,27.0
2028,C_twin_dose+trend_alert,adult#002,18550,135,15.5,22.0
2028,C_twin_dose+trend_alert,child#003,18554,60,2.5,2.5
2028,C_twin_dose+trend_alert,child#007,18554,65,4.5,7.0
2028,C_twin_dose+trend_alert,child#008,18554,65,4.0,3.5
2028,C_twin_dose+trend_alert,child#009,18559,40,1.0,2.0
2028,C_twin_dose+trend_alert,adult#007,18564,75,3.5,3.5
2028,C_twin_dose+trend_alert,adolescent#010,18565,50,6.0,5.0
2028,C_twin_dose+trend_alert,child#005,18566,60,11.5,9.0
2028,C_twin_dose+trend_alert,child#002,18568,50,1.5,2.5
2028,C_twin_dose+trend_alert,adolescent#003,18570,35,1.5,2.0
2028,C_twin_dose+trend_alert,adult#004,18574,90,5.5,8.0
2028,C_twin_dose+trend_alert,adolescent#008,18582,80,40.0,19.5
2028,C_twin_dose+trend_alert,child#010,18591,35,2.5,2.0
2028,C_twin_dose+trend_alert,adult#008,18596,65,7.0,4.0
2028,C_twin_dose+trend_alert,adolescent#009,18597,60,3.0,2.5
2028,C_twin_dose+trend_alert,adolescent#007,18600,155,17.5,19.0
2028,C_twin_dose+trend_alert,adult#009,19126,35,11.0,5.5
2028,C_twin_dose+trend_alert,adolescent#004,19151,75,9.0,5.0
2028,C_twin_dose+trend_alert,adult#007,19156,35,2.0,3.0
2028,C_twin_dose+trend_alert,adolescent#006,19174,50,10.0,9.5
2028,C_twin_dose+trend_alert,adolescent#010,19178,55,6.5,5.5
2028,C_twin_dose+trend_alert,adult#003,19188,35,11.5,6.0
2028,C_twin_dose+trend_alert,child#010,19189,40,2.5,3.0
2028,C_twin_dose+trend_alert,child#005,19191,35,4.5,6.0
2028,C_twin_dose+trend_alert,adult#001,19195,40,6.0,3.0
2028,C_twin_dose+trend_alert,adolescent#008,19196,80,33.0,19.0
2028,C_twin_dose+trend_alert,adolescent#005,19200,100,9.0,10.5
2028,C_twin_dose+trend_alert,child#006,19202,25,1.5,2.5
2028,C_twin_dose+trend_alert,adult#005,19205,50,21.0,11.0
2028,C_twin_dose+trend_alert,child#002,19205,40,1.5,2.0
2028,C_twin_dose+trend_alert,adult#006,19209,55,11.5,7.5
2028,C_twin_dose+trend_alert,child#009,19215,50,1.0,3.5
2028,C_twin_dose+trend_alert,child#007,19217,45,3.5,6.5
2028,C_twin_dose+trend_alert,adolescent#007,19218,55,9.0,6.5
2028,C_twin_dose+trend_alert,adolescent#003,19219,95,3.0,5.0
2028,C_twin_dose+trend_alert,child#003,19232,30,1.0,1.0
2028,C_twin_dose+trend_alert,child#001,19236,25,1.0,1.0
2028,C_twin_dose+trend_alert,adolescent#001,19239,70,4.5,7.5
2028,C_twin_dose+trend_alert,child#008,19240,45,4.5,4.5
2028,C_twin_dose+trend_alert,adult#004,19246,85,5.0,7.0
2028,C_twin_dose+trend_alert,adult#010,19247,45,16.5,10.5
2028,C_twin_dose+trend_alert,adult#002,19273,60,13.0,9.0
2028,C_twin_dose+trend_alert,child#004,19275,25,0.5,1.0
2028,C_twin_dose+trend_alert,child#008,19466,75,6.0,7.5
2028,C_twin_dose+trend_alert,adult#005,19484,70,22.0,11.0
2028,C_twin_dose+trend_alert,adult#001,19487,95,20.0,10.5
2028,C_twin_dose+trend_alert,adult#009,19500,65,20.0,10.0
2028,C_twin_dose+trend_alert,child#005,19501,60,6.0,8.0
2028,C_twin_dose+trend_alert,child#010,19502,75,3.5,4.0
2028,C_twin_dose+trend_alert,adult#002,19503,135,20.0,19.5
2028,C_twin_dose+trend_alert,adult#010,19504,80,20.5,18.5
2028,C_twin_dose+trend_alert,adolescent#002,19512,70,32.0,13.0
2028,C_twin_dose+trend_alert,adult#004,19513,95,5.5,7.5
2028,C_twin_dose+trend_alert,child#003,19530,30,1.5,4.5
2028,C_twin_dose+trend_alert,child#002,19533,55,1.5,3.0
2028,C_twin_dose+trend_alert,adult#003,19536,100,18.0,9.0
2028,C_twin_dose+trend_alert,child#001,19537,45,1.5,2.0
2028,C_twin_dose+trend_alert,child#007,19537,65,8.0,7.0
2028,C_twin_dose+trend_alert,child#004,19545,85,1.5,4.0
2028,C_twin_dose+trend_alert,adult#008,19547,55,10.0,8.0
2028,C_twin_dose+trend_alert,child#009,19549,55,1.0,3.0
2028,C_twin_dose+trend_alert,adolescent#003,19554,80,2.5,4.0
2028,C_twin_dose+trend_alert,adult#006,19565,45,10.0,5.0
2028,C_twin_dose+trend_alert,adolescent#007,19571,75,11.0,9.5
2028,C_twin_dose+trend_alert,adult#007,19577,90,4.0,4.5
2028,C_twin_dose+trend_alert,adolescent#001,19585,110,5.5,8.5
2028,C_twin_dose+trend_alert,child#006,19592,35,1.5,2.0
2028,C_twin_dose+trend_alert,adolescent#005,19603,55,7.0,3.5
2028,C_twin_dose+trend_alert,adolescent#009,19606,105,0.0,4.0
2028,C_twin_dose+trend_alert,adolescent#006,19612,85,22.5,14.0
2028,C_twin_dose+trend_alert,adolescent#010,19630,110,11.0,6.5
2028,C_twin_dose+trend_alert,adult#010,19732,20,6.0,7.0
2028,C_twin_dose+trend_alert,adolescent#001,19761,20,0.0,0.0
2028,C_twin_dose+trend_alert,child#010,19765,20,0.0,1.0
2028,C_twin_dose+trend_alert,adult#001,19783,40,0.5,3.0
2028,C_twin_dose+trend_alert,adult#008,19845,20,4.0,1.0
2028,C_twin_dose+trend_alert,child#006,19921,50,2.0,1.0
2028,C_twin_dose+trend_alert,adult#001,19934,80,12.0,6.0
2028,C_twin_dose+trend_alert,child#003,19939,55,1.0,0.0
2028,C_twin_dose+trend_alert,adolescent#002,19941,55,0.0,12.5
2028,C_twin_dose+trend_alert,adolescent#009,19941,85,3.0,3.5
2028,C_twin_dose+trend_alert,adult#002,19950,155,18.0,23.0
2028,C_twin_dose+trend_alert,adolescent#003,19951,95,3.5,6.5
2028,C_twin_dose+trend_alert,adult#010,19962,75,21.5,17.0
2028,C_twin_dose+trend_alert,adult#004,19972,85,4.0,6.5
2028,C_twin_dose+trend_alert,adolescent#005,19975,80,7.5,6.5
2028,C_twin_dose+trend_alert,adult#008,19975,80,0.0,3.0
2028,C_twin_dose+trend_alert,adult#005,19977,150,33.5,24.0
2028,C_twin_dose+trend_alert,adolescent#004,19981,55,6.0,3.0
2028,C_twin_dose+trend_alert,child#001,19983,60,2.0,5.5
2028,C_twin_dose+trend_alert,child#008,19983,65,5.0,6.5
2028,C_twin_dose+trend_alert,child#010,19985,55,3.0,1.5
2028,C_twin_dose+trend_alert,adult#007,19992,110,4.5,5.5
2028,C_twin_dose+trend_alert,child#002,19995,30,1.0,1.5
2028,C_twin_dose+trend_alert,adolescent#007,20000,85,0.0,10.0
2028,C_twin_dose+trend_alert,adolescent#010,20002,35,4.0,2.0
2028,C_twin_dose+trend_alert,adult#003,20003,140,35.0,18.0
2028,C_twin_dose+trend_alert,adolescent#008,20009,100,41.5,20.0
2028,C_twin_dose+trend_alert,adult#006,20011,80,13.5,9.0
2028,C_twin_dose+trend_alert,adolescent#006,20012,95,24.5,15.0
2028,C_twin_dose+trend_alert,child#007,20012,55,3.5,5.5
2028,C_twin_dose+trend_alert,child#005,20019,45,5.5,8.0
2028,C_twin_dose+trend_alert,adolescent#001,20020,90,5.5,8.0
2028,D_dosetwin,adolescent#002,10500,45,24.0,12.0
2028,D_dosetwin,child#004,10505,30,0.5,1.0
2028,D_dosetwin,child#005,10505,20,2.5,3.5
2028,D_dosetwin,adolescent#001,10512,75,5.5,10.0
2028,D_dosetwin,adult#003,10524,40,12.5,7.0
2028,D_dosetwin,adolescent#005,10536,20,5.0,2.5
2028,D_dosetwin,child#006,10536,40,2.0,3.0
2028,D_dosetwin,adult#007,10537,40,2.5,3.5
2028,D_dosetwin,adult#001,10544,55,4.5,0.0
2028,D_dosetwin,child#010,10546,45,3.0,3.5
2028,D_dosetwin,child#003,10549,35,1.5,1.5
2028,D_dosetwin,child#002,10553,50,1.5,2.5
2028,D_dosetwin,child#008,10554,70,5.5,7.0
2028,D_dosetwin,adolescent#003,10558,40,2.0,2.5
2028,D_dosetwin,adult#008,10558,60,8.0,4.0
2028,D_dosetwin,child#001,10561,30,1.0,1.0
2028,D_dosetwin,adolescent#004,10576,95,10.0,5.5
2028,D_dosetwin,adolescent#006,10579,90,16.0,15.5
2028,D_dosetwin,adolescent#008,10583,45,20.0,10.5
2028,D_dosetwin,adult#010,10584,80,23.0,19.5
2028,D_dosetwin,child#009,10590,25,1.0,1.5
2028,D_dosetwin,adult#004,10594,80,5.0,6.0
2028,D_dosetwin,adult#006,10594,35,9.0,6.5
2028,D_dosetwin,adolescent#010,10597,30,4.5,5.0
2028,D_dosetwin,adolescent#007,10601,65,10.0,8.5
2028,D_dosetwin,child#007,10601,25,2.5,4.5
2028,D_dosetwin,adult#009,10604,40,12.0,6.0
2028,D_dosetwin,adolescent#009,10611,45,3.0,2.0
2028,D_dosetwin,adult#002,10620,55,8.5,8.5
2028,D_dosetwin,adult#005,10622,45,18.0,9.0
2028,D_dosetwin,adult#008,10805,30,4.0,2.0
2028,D_dosetwin,adolescent#008,10815,75,29.5,15.5
2028,D_dosetwin,adolescent#009,10829,105,4.0,4.5
2028,D_dosetwin,adolescent#003,10833,170,4.5,8.5
2028,D_dosetwin,adult#004,10844,80,4.5,6.0
2028,D_dosetwin,child#003,10848,55,2.5,2.0
2028,D_dosetwin,adult#006,10852,90,13.5,10.0
2028,D_dosetwin,adolescent#005,10856,85,7.5,5.5
2028,D_dosetwin,child#005,10858,25,3.0,3.5
2028,D_dosetwin,adult#010,10862,45,14.0,10.5
2028,D_dosetwin,adult#003,10868,110,19.0,9.5
2028,D_dosetwin,child#006,10883,65,2.0,2.5
2028,D_dosetwin,child#009,10884,25,0.5,1.5
2028,D_dosetwin,adolescent#006,10888,70,12.5,10.5
2028,D_dosetwin,adult#002,10890,195,18.5,29.0
2028,D_dosetwin,child#002,10894,60,1.5,3.5
2028,D_dosetwin,adolescent#007,10896,95,11.5,11.0
2028,D_dosetwin,adult#009,10898,85,38.5,14.5
2028,D_dosetwin,child#004,10898,80,1.5,4.0
2028,D_dosetwin,child#010,10898,50,3.0,3.5
2028,D_dosetwin,adolescent#002,10922,135,61.0,30.5
2028,D_dosetwin,adult#005,10925,30,10.0,5.0
2028,D_dosetwin,adolescent#010,10927,50,6.0,5.0
2028,D_dosetwin,adult#001,10927,115,0.0,9.0
2028,D_dosetwin,child#008,10935,65,5.0,4.0
2028,D_dosetwin,child#001,10949,45,1.5,2.0
2028,D_dosetwin,child#007,10964,40,5.0,5.0
2028,D_dosetwin,adolescent#001,10974,65,4.0,5.0
2028,D_dosetwin,adult#007,11106,25,2.0,5.5
2028,D_dosetwin,adolescent#003,11107,25,0.5,1.0
2028,D_dosetwin,adolescent#006,11114,35,7.5,5.5
2028,D_dosetwin,adult#001,11185,40,23.5,14.0
2028,D_dosetwin,adult#007,11274,80,3.0,4.0
2028,D_dosetwin,adult#008,11278,55,7.0,3.5
2028,D_dosetwin,adult#002,11295,120,14.0,18.0
2028,D_dosetwin,child#006,11304,70,2.5,3.0
2028,D_dosetwin,child#010,11306,45,2.5,2.5
2028,D_dosetwin,adult#010,11308,55,19.0,13.0
2028,D_dosetwin,adolescent#008,11310,165,55.5,37.5
2028,D_dosetwin,adolescent#001,11317,145,7.5,11.5
2028,D_dosetwin,adolescent#002,11322,85,0.0,19.5
2028,D_dosetwin,child#002,11322,35,1.5,2.0
2028,D_dosetwin,adult#006,11339,70,12.5,8.5
2028,D_dosetwin,adolescent#009,11341,105,4.5,5.0
2028,D_dosetwin,adult#003,11345,35,10.0,5.0
2028,D_dosetwin,child#009,11359,40,1.5,3.5
2028,D_dosetwin,adult#005,11361,75,24.5,14.0
2028,D_dosetwin,adult#009,11366,75,33.0,16.5
2028,D_dosetwin,child#007,11367,40,5.5,4.0
2028,D_dosetwin,adolescent#006,11380,90,25.5,15.0
2028,D_dosetwin,adolescent#005,11382,135,10.0,9.0
2028,D_dosetwin,adult#001,11384,85,0.0,2.5
2028,D_dosetwin,child#004,11384,50,1.0,2.5
2028,D_dosetwin,child#001,11390,35,1.5,3.0
2028,D_dosetwin,adolescent#010,11396,60,6.0,3.5
2028,D_dosetwin,child#005,11400,45,4.5,4.0
2028,D_dosetwin,adult#004,11406,65,4.5,5.0
2028,D_dosetwin,adult#003,11953,35,13.0,9.5
2028,D_dosetwin,child#009,11958,15,0.5,1.0
2028,D_dosetwin,adolescent#005,11970,45,6.0,3.0
2028,D_dosetwin,adult#002,11977,55,8.5,8.0
2028,D_dosetwin,adolescent#004,11986,35,5.0,2.0
2028,D_dosetwin,adolescent#009,11986,65,3.5,2.5
2028,D_dosetwin,child#004,11987,25,0.5,1.0
2028,D_dosetwin,child#002,11990,20,1.0,1.0
2028,D_dosetwin,child#006,11990,30,1.5,3.0
2028,D_dosetwin,child#010,11991,35,2.5,3.5
2028,D_dosetwin,adult#008,11995,80,11.0,8.0
2028,D_dosetwin,adult#010,11995,25,13.0,8.0
2028,D_dosetwin,adult#001,11996,35,5.5,2.5
2028,D_dosetwin,child#003,11996,30,2.0,1.0
2028,D_dosetwin,adolescent#001,12002,90,6.0,10.0
2028,D_dosetwin,adolescent#010,12006,75,8.0,6.0
2028,D_dosetwin,adolescent#007,12007,85,12.0,10.0
2028,D_dosetwin,adolescent#002,12008,75,41.0,21.0
2028,D_dosetwin,adult#006,12010,40,9.5,5.5
2028,D_dosetwin,child#001,12020,35,1.5,3.0
2028,D_dosetwin,adult#004,12026,85,5.5,7.5
2028,D_dosetwin,adult#005,12028,95,28.0,17.0
2028,D_dosetwin,child#007,12037,30,2.0,3.0
2028,D_dosetwin,adolescent#003,12038,80,3.0,4.0
2028,D_dosetwin,adult#009,12041,55,17.0,8.5
2028,D_dosetwin,adolescent#008,12052,25,15.0,9.0
2028,D_dosetwin,adolescent#006,12067,30,6.5,5.5
2028,D_dosetwin,child#009,12242,40,1.0,2.0
2028,D_dosetwin,adolescent#003,12266,60,1.5,3.0
2028,D_dosetwin,adolescent#008,12285,60,25.5,12.5
2028,D_dosetwin,adult#007,12294,65,0.0,0.5
2028,D_dosetwin,adult#006,12299,55,15.0,8.0
2028,D_dosetwin,adult#008,12303,80,9.0,5.0
2028,D_dosetwin,child#007,12303,45,2.5,4.5
2028,D_dosetwin,adolescent#005,12304,50,6.0,3.5
2028,D_dosetwin,adult#010,12308,105,26.0,25.5
2028,D_dosetwin,child#008,12308,65,4.5,4.0
2028,D_dosetwin,adult#003,12316,50,9.0,4.5
2028,D_dosetwin,adolescent#006,12319,105,17.0,15.0
2028,D_dosetwin,child#004,12321,50,1.5,4.0
2028,D_dosetwin,child#002,12324,30,1.0,1.5
2028,D_dosetwin,adolescent#009,12328,90,4.5,3.5
2028,D_dosetwin,adult#009,12328,145,60.0,30.5
2028,D_dosetwin,child#003,12333,55,2.5,2.0
2028,D_dosetwin,adolescent#010,12334,30,4.5,2.5
2028,D_dosetwin,adolescent#007,12336,85,11.0,10.0
2028,D_dosetwin,adult#005,12354,55,17.0,8.5
2028,D_dosetwin,adult#002,12356,160,25.0,24.0
2028,D_dosetwin,adolescent#002,12366,55,25.0,12.5
2028,D_dosetwin,adult#001,12366,145,22.0,11.0
2028,D_dosetwin,child#010,12371,60,3.0,3.0
2028,D_dosetwin,adult#004,12372,65,5.5,5.0
2028,D_dosetwin,child#001,12377,40,1.5,1.5
2028,D_dosetwin,adult#009,12536,30,17.0,0.5
2028,D_dosetwin,child#006,12549,10,0.0,0.5
2028,D_dosetwin,adolescent#004,12556,20,2.5,4.5
2028,D_dosetwin,adult#006,12578,35,4.5,4.0
2028,D_dosetwin,adult#004,12712,95,5.0,7.0
2028,D_dosetwin,adult#003,12718,50,15.5,8.0
2028,D_dosetwin,child#007,12718,45,3.0,4.5
2028,D_dosetwin,child#008,12732,55,1.0,1.0
2028,D_dosetwin,child#005,12749,95,10.5,13.5
2028,D_dosetwin,child#009,12752,50,1.0,2.5
2028,D_dosetwin,child#001,12760,45,1.5,4.0
2028,D_dosetwin,adult#008,12768,75,0.0,4.5
2028,D_dosetwin,adult#007,12773,105,4.5,8.5
2028,D_dosetwin,adult#002,12780,110,12.5,16.5
2028,D_dosetwin,adolescent#002,12783,55,25.0,12.5
2028,D_dosetwin,child#010,12784,55,3.0,3.0
2028,D_dosetwin,adolescent#008,12787,60,27.5,18.0
2028,D_dosetwin,child#004,12787,50,1.0,3.5
2028,D_dosetwin,child#003,12789,40,2.0,1.5
2028,D_dosetwin,adolescent#010,12792,95,10.0,6.0
2028,D_dosetwin,child#006,12792,45,1.5,2.0
2028,D_dosetwin,adult#009,12799,70,22.0,11.0
2028,D_dosetwin,adult#001,12800,110,16.0,8.5
2028,D_dosetwin,adolescent#005,12804,35,5.5,2.5
2028,D_dosetwin,adolescent#004,12806,90,8.5,5.0
2028,D_dosetwin,adolescent#007,12809,95,13.0,16.0
2028,D_dosetwin,child#002,12816,70,2.0,3.5
2028,D_dosetwin,adolescent#003,12824,120,4.0,7.0
2028,D_dosetwin,adolescent#009,12838,60,3.5,2.5
2028,D_dosetwin,adult#010,12839,75,23.5,27.0
2028,D_dosetwin,adult#006,12845,90,14.0,10.0
2028,D_dosetwin,adolescent#001,12855,120,7.0,12.5
2028,D_dosetwin,adult#003,13396,85,17.5,10.5
2028,D_dosetwin,adolescent#005,13404,35,6.0,3.5
2028,D_dosetwin,adolescent#006,13413,65,12.0,11.0
2028,D_dosetwin,adolescent#008,13418,40,20.5,13.0
2028,D_dosetwin,child#002,13419,55,1.5,3.0
2028,D_dosetwin,child#003,13427,25,1.0,1.0
2028,D_dosetwin,adult#007,13428,75,3.5,3.5
2028,D_dosetwin,adult#002,13429,65,9.5,11.0
2028,D_dosetwin,adult#010,13431,20,10.0,5.0
2028,D_dosetwin,adult#008,13440,40,8.5,6.0
2028,D_dosetwin,adolescent#003,13442,35,1.5,2.0
2028,D_dosetwin,adolescent#009,13443,55,3.0,2.0
2028,D_dosetwin,adolescent#007,13444,50,8.5,6.0
2028,D_dosetwin,adolescent#010,13446,45,9.0,5.0
2028,D_dosetwin,adult#009,13450,40,12.0,6.0
2028,D_dosetwin,adolescent#004,13454,35,5.5,2.5
2028,D_dosetwin,adult#001,13454,65,10.0,5.0
2028,D_dosetwin,child#009,13456,20,0.5,2.0
2028,D_dosetwin,child#005,13459,15,2.0,3.0
2028,D_dosetwin,adult#006,13460,30,8.0,3.5
2028,D_dosetwin,child#008,13468,40,4.0,4.0
2028,D_dosetwin,child#006,13469,40,2.0,3.0
2028,D_dosetwin,child#001,13470,45,1.5,2.5
2028,D_dosetwin,adolescent#002,13473,35,28.0,14.0
2028,D_dosetwin,child#010,13473,20,2.5,3.5
2028,D_dosetwin,child#007,13479,40,5.0,6.5
2028,D_dosetwin,adult#004,13503,90,5.5,8.0
2028,D_dosetwin,adult#004,13677,50,3.0,2.5
2028,D_dosetwin,adolescent#010,13700,70,8.0,4.0
2028,D_dosetwin,adolescent#002,13705,105,48.0,23.0
2028,D_dosetwin,child#002,13708,90,3.5,6.0
2028,D_dosetwin,child#008,13732,45,3.5,3.0
2028,D_dosetwin,child#004,13741,55,1.0,2.5
2028,D_dosetwin,adolescent#003,13746,55,2.0,3.0
2028,D_dosetwin,child#006,13755,55,2.0,2.5
2028,D_dosetwin,adolescent#005,13756,45,6.0,3.0
2028,D_dosetwin,adult#003,13764,95,19.0,9.5
2028,D_dosetwin,adult#008,13764,75,7.5,4.5
2028,D_dosetwin,child#003,13764,45,2.0,2.0
2028,D_dosetwin,child#005,13769,55,6.5,9.5
2028,D_dosetwin,adult#006,13775,125,25.5,14.5
2028,D_dosetwin,adolescent#006,13776,95,16.0,14.5
2028,D_dosetwin,adult#001,13778,65,10.0,5.0
2028,D_dosetwin,adult#005,13778,45,25.0,18.0
2028,D_dosetwin,adolescent#004,13780,50,6.0,3.0
2028,D_dosetwin,adolescent#007,13785,85,11.5,10.0
2028,D_dosetwin,adolescent#001,13790,160,8.5,13.0
2028,D_dosetwin,adult#007,13808,110,6.5,5.5
2028,D_dosetwin,child#007,13813,75,5.5,8.0
2028,D_dosetwin,child#009,13816,30,1.0,2.5
2028,D_dosetwin,adult#002,13823,125,20.5,18.5
2028,D_dosetwin,child#001,13829,25,1.0,1.0
2028,D_dosetwin,adolescent#009,13854,35,2.5,1.5
2028,D_dosetwin,adolescent#003,13945,35,1.5,3.0
2028,D_dosetwin,adult#006,13994,20,0.0,0.0
2028,D_dosetwin,adult#002,14007,35,0.0,1.5
2028,D_dosetwin,child#003,14022,10,0.5,1.0
2028,D_dosetwin,adolescent#006,14057,40,7.5,5.5
2028,D_dosetwin,adolescent#006,14153,100,16.5,10.0
2028,D_dosetwin,adolescent#007,14165,80,11.5,9.5
2028,D_dosetwin,adult#001,14188,70,10.0,5.5
2028,D_dosetwin,child#005,14188,55,7.0,10.5
2028,D_dosetwin,child#009,14189,30,1.0,3.0
2028,D_dosetwin,child#006,14191,80,2.5,3.5
2028,D_dosetwin,adolescent#003,14194,65,2.0,3.0
2028,D_dosetwin,adult#009,14195,65,39.0,19.0
2028,D_dosetwin,adolescent#004,14209,75,8.0,4.5
2028,D_dosetwin,adolescent#005,14215,110,11.5,12.5
2028,D_dosetwin,child#003,14223,35,1.5,1.5
2028,D_dosetwin,child#001,14224,25,1.5,3.5
2028,D_dosetwin,child#007,14224,40,3.0,4.0
2028,D_dosetwin,adult#003,14225,105,20.0,12.0
2028,D_dosetwin,adolescent#001,14228,95,5.5,7.0
2028,D_dosetwin,child#002,14229,55,2.0,3.0
2028,D_dosetwin,adolescent#009,14230,95,4.0,4.5
2028,D_dosetwin,child#010,14234,25,2.5,3.0
2028,D_dosetwin,adult#006,14241,40,10.5,9.5
2028,D_dosetwin,adult#007,14242,150,5.5,7.0
2028,D_dosetwin,adult#002,14243,170,17.0,25.5
2028,D_dosetwin,adult#004,14248,95,5.5,7.0
2028,D_dosetwin,adult#005,14254,50,16.0,8.0
2028,D_dosetwin,child#004,14258,115,3.0,6.0
2028,D_dosetwin,adolescent#010,14259,75,14.0,6.5
2028,D_dosetwin,child#008,14265,30,3.0,2.0
2028,D_dosetwin,adolescent#008,14266,110,39.5,20.5
2028,D_dosetwin,adult#010,14273,90,24.5,26.5
2028,D_dosetwin,adolescent#003,14839,55,2.5,3.5
2028,D_dosetwin,adolescent#007,14841,40,8.0,10.0
2028,D_dosetwin,adult#005,14854,50,16.0,8.0
2028,D_dosetwin,adult#006,14859,70,13.0,8.5
2028,D_dosetwin,child#005,14859,25,3.5,4.5
2028,D_dosetwin,adult#008,14875,25,9.0,7.5
2028,D_dosetwin,child#003,14882,50,2.5,2.5
2028,D_dosetwin,adolescent#001,14883,90,6.0,11.0
2028,D_dosetwin,adult#001,14890,85,17.0,9.0
2028,D_dosetwin,child#001,14893,45,1.5,2.0
2028,D_dosetwin,adolescent#010,14896,50,6.0,6.0
2028,D_dosetwin,adult#004,14901,145,8.5,11.5
2028,D_dosetwin,child#002,14901,70,2.0,3.5
2028,D_dosetwin,child#006,14907,25,2.0,3.0
2028,D_dosetwin,child#010,14909,35,2.5,2.5
2028,D_dosetwin,adolescent#008,14911,35,27.5,16.0
2028,D_dosetwin,adult#003,14913,80,17.0,10.5
2028,D_dosetwin,adolescent#009,14915,25,3.0,2.0
2028,D_dosetwin,child#008,14925,40,4.0,4.0
2028,D_dosetwin,adult#002,14929,45,6.5,6.5
2028,D_dosetwin,child#004,14929,55,1.5,2.5
2028,D_dosetwin,adolescent#005,14930,55,6.5,4.0
2028,D_dosetwin,adult#010,14931,50,24.5,17.5
2028,D_dosetwin,adult#010,15149,55,12.5,10.5
2028,D_dosetwin,adult#001,15183,140,23.5,11.0
2028,D_dosetwin,child#010,15183,55,3.0,3.0
2028,D_dosetwin,adult#002,15189,90,10.5,13.5
2028,D_dosetwin,adult#005,15194,120,29.0,19.0
2028,D_dosetwin,child#008,15206,55,4.0,3.5
2028,D_dosetwin,adult#003,15207,50,10.0,5.0
2028,D_dosetwin,child#007,15207,40,0.0,2.0
2028,D_dosetwin,adolescent#002,15210,40,23.0,12.0
2028,D_dosetwin,adolescent#007,15214,70,10.0,9.0
2028,D_dosetwin,child#006,15217,40,1.5,1.5
2028,D_dosetwin,adolescent#010,15218,50,6.0,3.0
2028,D_dosetwin,child#002,15219,45,2.0,2.5
2028,D_dosetwin,adult#006,15223,120,17.5,13.5
2028,D_dosetwin,adolescent#001,15224,95,4.5,7.0
2028,D_dosetwin,child#003,15227,15,0.5,0.5
2028,D_dosetwin,adolescent#005,15228,75,7.0,5.0
2028,D_dosetwin,adolescent#006,15229,65,19.0,6.0
2028,D_dosetwin,child#004,15234,25,0.5,1.0
2028,D_dosetwin,adolescent#004,15237,70,6.5,4.0
2028,D_dosetwin,child#005,15243,45,5.0,7.0
2028,D_dosetwin,child#001,15248,55,1.5,3.5
2028,D_dosetwin,child#009,15249,25,1.0,2.0
2028,D_dosetwin,adult#009,15255,65,20.0,4.0
2028,D_dosetwin,adult#007,15293,80,5.5,5.0
2028,D_dosetwin,adolescent#009,15303,60,3.0,2.5
2028,D_dosetwin,adolescent#003,15310,45,2.0,3.0
2028,D_dosetwin,adult#001,15392,20,0.0,0.0
2028,D_dosetwin,adolescent#008,15403,40,21.0,21.0
2028,D_dosetwin,child#008,15404,15,1.0,4.5
2028,D_dosetwin,adult#007,15428,30,0.0,0.0
2028,D_dosetwin,child#010,15435,20,1.5,1.0
2028,D_dosetwin,child#004,15447,25,1.0,2.5
2028,D_dosetwin,adult#006,15471,30,0.0,3.5
2028,D_dosetwin,adult#010,15485,20,7.0,4.5
2028,D_dosetwin,adolescent#010,15487,20,3.0,2.5
2028,D_dosetwin,adult#003,15506,30,7.0,3.5
2028,D_dosetwin,child#002,15585,60,1.5,3.0
2028,D_dosetwin,adolescent#004,15589,60,7.0,5.5
2028,D_dosetwin,child#003,15608,35,1.5,1.5
2028,D_dosetwin,adult#008,15615,60,10.0,8.0
2028,D_dosetwin,adult#002,15618,110,13.0,19.0
2028,D_dosetwin,child#010,15621,50,3.0,2.0
2028,D_dosetwin,child#008,15628,45,3.5,2.5
2028,D_dosetwin,adult#003,15631,80,14.0,3.5
2028,D_dosetwin,child#006,15634,60,2.0,2.5
2028,D_dosetwin,adult#007,15637,100,5.0,5.0
2028,D_dosetwin,adult#004,15645,120,6.0,10.0
2028,D_dosetwin,child#007,15645,65,5.0,9.0
2028,D_dosetwin,adolescent#009,15647,145,5.5,6.5
2028,D_dosetwin,adolescent#002,15648,60,27.0,13.5
2028,D_dosetwin,adolescent#001,15654,110,6.5,8.5
2028,D_dosetwin,adolescent#003,15654,45,0.0,1.0
2028,D_dosetwin,adult#010,15656,60,17.0,12.0
2028,D_dosetwin,adult#009,15657,95,44.0,23.0
2028,D_dosetwin,adult#001,15665,145,22.0,11.0
2028,D_dosetwin,adolescent#005,15667,75,7.5,5.0
2028,D_dosetwin,adolescent#007,15671,175,18.5,25.0
2028,D_dosetwin,child#009,15673,45,1.0,2.5
2028,D_dosetwin,adolescent#010,15681,65,6.0,3.5
2028,D_dosetwin,child#004,15682,60,1.5,2.5
2028,D_dosetwin,adolescent#006,15684,115,19.0,17.0
2028,D_dosetwin,adult#005,15724,40,13.0,6.5
2028,D_dosetwin,child#001,15748,50,2.0,5.0
2028,D_dosetwin,adolescent#009,16261,60,3.5,2.5
2028,D_dosetwin,child#001,16288,25,1.5,2.5
2028,D_dosetwin,adolescent#003,16306,45,2.0,2.5
2028,D_dosetwin,child#002,16313,15,0.5,1.0
2028,D_dosetwin,adolescent#006,16317,45,9.5,9.0
2028,D_dosetwin,child#004,16322,35,1.0,1.5
2028,D_dosetwin,adult#010,16324,55,19.0,14.5
2028,D_dosetwin,adult#005,16325,30,11.0,5.5
2028,D_dosetwin,child#010,16330,15,2.0,1.0
2028,D_dosetwin,child#006,16331,50,2.0,3.5
2028,D_dosetwin,adolescent#008,16334,45,22.0,11.5
2028,D_dosetwin,adult#001,16338,35,5.5,2.5
2028,D_dosetwin,adult#006,16341,30,8.0,5.5
2028,D_dosetwin,child#008,16344,30,3.5,4.0
2028,D_dosetwin,adolescent#002,16347,75,48.0,24.0
2028,D_dosetwin,child#007,16354,15,2.0,6.0
2028,D_dosetwin,adolescent#007,16363,30,6.5,4.0
2028,D_dosetwin,adolescent#004,16367,60,8.0,5.0
2028,D_dosetwin,adolescent#005,16373,30,6.0,3.0
2028,D_dosetwin,adult#002,16375,25,5.0,4.0
2028,D_dosetwin,adult#003,16386,35,13.0,8.5
2028,D_dosetwin,child#003,16394,20,1.0,2.0
2028,D_dosetwin,adolescent#008,16550,95,35.5,18.0
2028,D_dosetwin,child#008,16593,35,3.0,3.0
2028,D_dosetwin,adolescent#005,16601,80,6.5,5.0
2028,D_dosetwin,child#009,16607,40,1.0,2.0
2028,D_dosetwin,adolescent#004,16611,95,7.0,6.0
2028,D_dosetwin,child#007,16615,40,3.0,5.0
2028,D_dosetwin,adult#006,16619,30,6.5,3.5
2028,D_dosetwin,adult#007,16624,45,2.5,3.0
2028,D_dosetwin,adolescent#007,16625,100,12.0,12.5
2028,D_dosetwin,adult#004,16628,120,6.5,10.5
2028,D_dosetwin,child#003,16629,25,1.5,4.0
2028,D_dosetwin,child#004,16630,40,1.0,3.0
2028,D_dosetwin,adult#003,16640,95,17.0,8.5
2028,D_dosetwin,adult#001,16646,100,16.0,8.0
2028,D_dosetwin,adolescent#006,16650,50,9.5,7.0
2028,D_dosetwin,child#005,16656,65,7.0,8.5
2028,D_dosetwin,adolescent#009,16658,75,5.0,3.0
2028,D_dosetwin,adult#008,16659,75,11.0,9.0
2028,D_dosetwin,child#006,16662,60,2.0,2.5
2028,D_dosetwin,adolescent#001,16663,95,6.0,10.0
2028,D_dosetwin,adolescent#010,16676,75,7.5,4.5
2028,D_dosetwin,adult#002,16681,115,13.0,17.5
2028,D_dosetwin,adult#010,16682,75,20.5,17.5
2028,D_dosetwin,adult#009,16685,65,45.0,22.0
2028,D_dosetwin,adolescent#003,16716,95,3.0,5.0
2028,D_dosetwin,adult#005,16750,70,23.0,11.5
2028,D_dosetwin,adolescent#004,16889,25,2.0,1.5
2028,D_dosetwin,adult#007,16891,25,1.0,1.0
2028,D_dosetwin,adolescent#005,16897,25,4.5,1.5
2028,D_dosetwin,adolescent#001,16904,25,2.0,2.0
2028,D_dosetwin,adult#006,16908,20,6.0,4.0
2028,D_dosetwin,adult#001,16978,50,9.0,4.0
2028,D_dosetwin,adolescent#001,17026,140,6.0,9.5
2028,D_dosetwin,child#003,17053,35,2.0,2.0
2028,D_dosetwin,adult#002,17060,120,13.5,19.5
2028,D_dosetwin,child#004,17060,85,1.5,3.5
2028,D_dosetwin,adolescent#003,17064,130,3.5,6.5
2028,D_dosetwin,adolescent#004,17066,135,10.0,7.5
2028,D_dosetwin,adolescent#005,17068,70,5.5,3.5
2028,D_dosetwin,adolescent#002,17071,45,0.0,3.5
2028,D_dosetwin,adolescent#007,17073,90,12.0,10.5
2028,D_dosetwin,adolescent#010,17077,55,6.5,3.5
2028,D_dosetwin,child#007,17087,45,3.0,4.5
2028,D_dosetwin,child#005,17089,60,6.5,8.5
2028,D_dosetwin,child#001,17090,75,2.0,4.0
2028,D_dosetwin,adult#007,17102,50,2.5,2.5
2028,D_dosetwin,child#010,17104,85,3.5,4.5
2028,D_dosetwin,adult#010,17115,80,23.0,18.5
2028,D_dosetwin,child#008,17118,40,3.5,3.0
2028,D_dosetwin,adult#005,17125,80,22.5,12.5
2028,D_dosetwin,adolescent#009,17132,80,6.0,3.0
2028,D_dosetwin,adolescent#008,17135,105,40.0,26.5
2028,D_dosetwin,adult#006,17144,115,16.0,13.0
2028,D_dosetwin,adult#003,17150,125,23.0,16.0
2028,D_dosetwin,adult#009,17150,85,30.0,15.0
2028,D_dosetwin,child#002,17151,65,0.0,2.5
2028,D_dosetwin,adult#004,17159,125,8.0,10.5
2028,D_dosetwin,adolescent#006,17172,95,24.5,15.0
2028,D_dosetwin,child#005,17700,30,3.5,4.5
2028,D_dosetwin,adult#009,17707,30,9.0,4.5
2028,D_dosetwin,adult#001,17726,35,5.5,2.5
2028,D_dosetwin,adolescent#005,17728,45,6.5,4.0
2028,D_dosetwin,child#002,17737,35,1.0,2.0
2028,D_dosetwin,child#009,17737,25,1.0,3.0
2028,D_dosetwin,adolescent#004,17743,30,5.0,2.0
2028,D_dosetwin,adult#006,17745,35,8.5,5.0
2028,D_dosetwin,adolescent#003,17746,45,2.0,2.0
2028,D_dosetwin,adult#003,17747,75,16.0,8.0
2028,D_dosetwin,child#006,17754,45,2.0,3.0
2028,D_dosetwin,adult#002,17756,90,17.0,14.5
2028,D_dosetwin,child#001,17758,55,1.5,2.0
2028,D_dosetwin,adolescent#010,17759,30,6.5,5.0
2028,D_dosetwin,child#003,17760,15,0.5,0.5
2028,D_dosetwin,child#010,17762,15,2.0,1.0
2028,D_dosetwin,adult#008,17763,55,11.5,7.0
2028,D_dosetwin,adolescent#007,17764,60,10.0,10.5
2028,D_dosetwin,adolescent#002,17767,35,29.0,15.0
2028,D_dosetwin,adolescent#008,17771,35,18.5,11.5
2028,D_dosetwin,adolescent#006,17772,50,9.5,8.5
2028,D_dosetwin,adolescent#009,17778,30,2.5,1.0
2028,D_dosetwin,adolescent#001,17792,80,5.0,8.0
2028,D_dosetwin,adult#005,17799,75,24.0,12.0
2028,D_dosetwin,child#007,17805,50,4.0,7.5
2028,D_dosetwin,adult#004,17816,35,3.5,3.0
2028,D_dosetwin,child#008,17816,40,4.0,3.5
2028,D_dosetwin,adult#010,17829,45,17.0,12.5
2028,D_dosetwin,child#004,17835,40,1.0,1.5
2028,D_dosetwin,adult#005,18021,80,17.5,11.0
2028,D_dosetwin,adolescent#004,18029,105,9.0,7.5
2028,D_dosetwin,child#008,18044,85,6.5,7.5
2028,D_dosetwin,child#005,18049,40,8.0,6.0
2028,D_dosetwin,adult#009,18051,80,25.0,12.5
2028,D_dosetwin,child#003,18060,65,3.0,4.0
2028,D_dosetwin,adult#007,18071,235,8.0,12.0
2028,D_dosetwin,child#001,18074,65,1.5,3.0
2028,D_dosetwin,adult#006,18075,90,0.0,10.0
2028,D_dosetwin,adult#008,18082,80,8.0,5.0
2028,D_dosetwin,adolescent#010,18088,45,4.5,2.5
2028,D_dosetwin,child#004,18088,95,2.0,4.0
2028,D_dosetwin,adolescent#009,18092,135,5.0,5.5
2028,D_dosetwin,adolescent#001,18093,130,6.5,10.0
2028,D_dosetwin,adolescent#007,18102,95,12.0,11.0
2028,D_dosetwin,child#006,18102,50,2.0,2.0
2028,D_dosetwin,adult#004,18104,120,6.0,9.0
2028,D_dosetwin,adult#001,18108,35,5.5,2.5
2028,D_dosetwin,child#002,18115,40,2.0,2.0
2028,D_dosetwin,child#007,18123,80,5.0,8.5
2028,D_dosetwin,child#010,18123,30,2.5,2.5
2028,D_dosetwin,adolescent#008,18134,30,15.0,7.0
2028,D_dosetwin,adult#003,18148,50,9.0,4.5
2028,D_dosetwin,adolescent#002,18149,80,36.0,18.0
2028,D_dosetwin,adult#007,18262,15,0.0,0.0
2028,D_dosetwin,child#006,18285,15,0.5,0.0
2028,D_dosetwin,adult#008,18306,10,2.5,0.0
2028,D_dosetwin,adolescent#005,18312,15,2.0,1.5
2028,D_dosetwin,adult#005,18350,20,6.0,3.0
2028,D_dosetwin,adult#009,18378,20,18.0,17.5
2028,D_dosetwin,adult#010,18404,25,4.5,3.0
2028,D_dosetwin,adult#009,18464,85,35.0,6.0
2028,D_dosetwin,adolescent#001,18484,90,5.0,7.0
2028,D_dosetwin,adult#006,18488,55,5.5,5.0
2028,D_dosetwin,child#006,18503,30,1.5,1.5
2028,D_dosetwin,adolescent#004,18520,65,8.0,4.0
2028,D_dosetwin,adult#005,18522,100,24.5,14.0
2028,D_dosetwin,child#001,18523,45,1.5,4.0
2028,D_dosetwin,child#004,18527,85,1.5,3.5
2028,D_dosetwin,adolescent#006,18528,80,13.0,11.5
2028,D_dosetwin,adult#010,18532,60,16.0,12.0
2028,D_dosetwin,adolescent#005,18535,150,10.0,9.5
2028,D_dosetwin,adolescent#002,18536,135,65.0,27.5
2028,D_dosetwin,adult#002,18550,135,15.5,22.0
2028,D_dosetwin,child#003,18554,60,2.5,2.5
2028,D_dosetwin,child#007,18554,65,4.5,7.0
2028,D_dosetwin,child#008,18554,65,4.0,3.5
2028,D_dosetwin,child#009,18559,40,1.0,2.0
2028,D_dosetwin,adult#007,18564,75,3.5,3.5
2028,D_dosetwin,adolescent#010,18565,50,6.0,5.0
2028,D_dosetwin,child#005,18566,60,11.0,8.5
2028,D_dosetwin,child#002,18568,50,1.5,2.5
2028,D_dosetwin,adolescent#003,18570,35,1.5,2.0
2028,D_dosetwin,adult#004,18574,90,5.5,8.0
2028,D_dosetwin,adolescent#008,18582,80,40.0,19.5
2028,D_dosetwin,child#010,18591,35,2.5,2.0
2028,D_dosetwin,adult#008,18596,65,8.0,4.0
2028,D_dosetwin,adolescent#009,18597,60,3.5,2.5
2028,D_dosetwin,adolescent#007,18600,155,17.5,19.0
2028,D_dosetwin,adult#009,19126,35,11.0,5.5
2028,D_dosetwin,adolescent#004,19151,75,9.0,5.0
2028,D_dosetwin,adult#007,19156,35,2.0,3.0
2028,D_dosetwin,adolescent#006,19174,50,10.0,9.5
2028,D_dosetwin,adolescent#010,19178,55,6.5,5.5
2028,D_dosetwin,adult#003,19188,35,11.5,6.0
2028,D_dosetwin,child#010,19189,40,2.5,3.0
2028,D_dosetwin,child#005,19191,35,4.0,6.0
2028,D_dosetwin,adult#001,19195,40,6.0,3.0
2028,D_dosetwin,adolescent#008,19196,80,33.0,23.0
2028,D_dosetwin,adolescent#005,19200,100,9.0,9.5
2028,D_dosetwin,child#006,19202,25,1.5,2.5
2028,D_dosetwin,adult#005,19205,50,18.0,9.0
2028,D_dosetwin,child#002,19205,40,1.5,2.0
2028,D_dosetwin,adult#006,19209,55,11.5,8.0
2028,D_dosetwin,child#009,19215,50,1.0,3.5
2028,D_dosetwin,child#007,19217,45,3.5,6.5
2028,D_dosetwin,adolescent#007,19218,55,9.0,6.5
2028,D_dosetwin,adolescent#003,19219,95,3.0,5.0
2028,D_dosetwin,child#003,19232,30,2.0,1.0
2028,D_dosetwin,child#001,19236,25,1.0,1.0
2028,D_dosetwin,adolescent#001,19239,70,4.5,7.5
2028,D_dosetwin,child#008,19240,45,4.5,4.0
2028,D_dosetwin,adult#004,19246,85,5.0,7.0
2028,D_dosetwin,adult#010,19247,45,16.5,10.5
2028,D_dosetwin,adult#002,19273,60,13.0,9.0
2028,D_dosetwin,child#004,19275,25,0.5,1.0
2028,D_dosetwin,child#008,19466,75,6.0,7.5
2028,D_dosetwin,adult#005,19484,70,18.0,11.0
2028,D_dosetwin,adult#001,19487,95,19.5,10.5
2028,D_dosetwin,adult#009,19500,65,20.0,10.0
2028,D_dosetwin,child#005,19501,60,6.0,8.0
2028,D_dosetwin,child#010,19502,75,3.5,4.0
2028,D_dosetwin,adult#002,19503,135,20.0,19.5
2028,D_dosetwin,adult#010,19504,80,20.5,18.5
2028,D_dosetwin,adolescent#002,19512,70,0.0,13.0
2028,D_dosetwin,adult#004,19513,95,5.5,7.5
2028,D_dosetwin,child#003,19530,30,1.5,4.0
2028,D_dosetwin,child#002,19533,55,1.5,3.0
2028,D_dosetwin,adult#003,19536,100,18.0,9.0
2028,D_dosetwin,child#001,19537,45,1.5,2.0
2028,D_dosetwin,child#007,19537,65,8.0,7.0
2028,D_dosetwin,child#004,19545,85,1.5,4.0
2028,D_dosetwin,adult#008,19547,55,10.0,7.5
2028,D_dosetwin,child#009,19549,55,1.0,3.0
2028,D_dosetwin,adolescent#003,19554,80,2.5,4.0
2028,D_dosetwin,adult#006,19565,45,10.0,5.0
2028,D_dosetwin,adolescent#007,19571,75,11.0,9.5
2028,D_dosetwin,adult#007,19577,90,4.0,4.5
2028,D_dosetwin,adolescent#001,19585,110,5.5,8.5
2028,D_dosetwin,child#006,19592,35,1.5,1.5
2028,D_dosetwin,adolescent#005,19603,55,7.0,3.5
2028,D_dosetwin,adolescent#009,19606,105,4.0,4.0
2028,D_dosetwin,adolescent#006,19612,85,22.5,14.0
2028,D_dosetwin,adolescent#010,19630,110,11.0,6.5
2028,D_dosetwin,adult#010,19732,20,6.0,7.0
2028,D_dosetwin,adolescent#001,19761,20,0.0,0.0
2028,D_dosetwin,child#010,19765,20,1.5,1.0
2028,D_dosetwin,adult#001,19783,40,1.5,3.0
2028,D_dosetwin,adult#008,19845,20,2.5,1.0
2028,D_dosetwin,child#006,19921,50,2.0,2.0
2028,D_dosetwin,adult#001,19934,80,11.5,5.5
2028,D_dosetwin,child#003,19939,55,0.0,0.0
2028,D_dosetwin,adolescent#002,19941,55,27.0,14.0
2028,D_dosetwin,adolescent#009,19941,85,4.0,3.5
2028,D_dosetwin,adult#002,19950,155,16.5,23.0
2028,D_dosetwin,adolescent#003,19951,95,3.5,6.5
2028,D_dosetwin,adult#010,19962,75,21.5,17.0
2028,D_dosetwin,adult#004,19972,85,4.0,6.5
2028,D_dosetwin,adolescent#005,19975,80,7.5,6.5
2028,D_dosetwin,adult#008,19975,80,6.5,4.0
2028,D_dosetwin,adult#005,19977,150,32.0,24.0
2028,D_dosetwin,adolescent#004,19981,55,6.0,3.0
2028,D_dosetwin,child#001,19983,60,2.0,5.5
2028,D_dosetwin,child#008,19983,65,5.0,6.5
2028,D_dosetwin,child#010,19985,55,3.5,4.5
2028,D_dosetwin,adult#007,19992,110,4.5,5.5
2028,D_dosetwin,child#002,19995,30,1.0,1.5
2028,D_dosetwin,adolescent#007,20000,85,0.0,10.0
2028,D_dosetwin,adolescent#010,20002,35,4.0,2.0
2028,D_dosetwin,adult#003,20003,140,35.0,18.0
2028,D_dosetwin,adolescent#008,20009,100,41.5,20.0
2028,D_dosetwin,adult#006,20011,80,13.5,9.0
2028,D_dosetwin,adolescent#006,20012,95,24.5,15.0
2028,D_dosetwin,child#007,20012,55,3.5,5.5
2028,D_dosetwin,child#005,20019,45,5.5,8.0
2028,D_dosetwin,adolescent#001,20020,90,5.5,8.0
2028,E_dosetwin_population_prior,adolescent#002,10500,45,24.0,12.0
2028,E_dosetwin_population_prior,child#004,10505,30,1.5,1.0
2028,E_dosetwin_population_prior,child#005,10505,20,3.0,5.0
2028,E_dosetwin_population_prior,adolescent#001,10512,75,7.5,10.0
2028,E_dosetwin_population_prior,adult#003,10524,40,9.5,7.0
2028,E_dosetwin_population_prior,adolescent#005,10536,20,5.0,2.5
2028,E_dosetwin_population_prior,child#006,10536,40,2.5,3.0
2028,E_dosetwin_population_prior,adult#007,10537,40,3.0,3.5
2028,E_dosetwin_population_prior,adult#001,10544,55,0.0,0.0
2028,E_dosetwin_population_prior,child#010,10546,45,4.5,3.5
2028,E_dosetwin_population_prior,child#003,10549,35,3.0,1.5
2028,E_dosetwin_population_prior,child#002,10553,50,3.0,2.5
2028,E_dosetwin_population_prior,child#008,10554,70,9.0,7.0
2028,E_dosetwin_population_prior,adolescent#003,10558,40,2.5,2.5
2028,E_dosetwin_population_prior,adult#008,10558,60,8.0,4.0
2028,E_dosetwin_population_prior,child#001,10561,30,2.0,1.0
2028,E_dosetwin_population_prior,adolescent#004,10576,95,8.5,5.5
2028,E_dosetwin_population_prior,adolescent#006,10579,90,14.5,15.5
2028,E_dosetwin_population_prior,adolescent#008,10583,45,19.0,10.5
2028,E_dosetwin_population_prior,adult#010,10584,80,26.0,19.5
2028,E_dosetwin_population_prior,child#009,10590,25,2.0,2.0
2028,E_dosetwin_population_prior,adult#004,10594,80,4.0,6.0
2028,E_dosetwin_population_prior,adult#006,10594,35,10.0,6.5
2028,E_dosetwin_population_prior,adolescent#010,10597,30,4.0,5.0
2028,E_dosetwin_population_prior,adolescent#007,10601,65,14.5,8.5
2028,E_dosetwin_population_prior,child#007,10601,25,3.5,4.5
2028,E_dosetwin_population_prior,adult#009,10604,40,12.0,6.0
2028,E_dosetwin_population_prior,adolescent#009,10611,45,3.5,2.0
2028,E_dosetwin_population_prior,adult#002,10620,55,12.0,8.5
2028,E_dosetwin_population_prior,adult#005,10622,45,19.5,9.0
2028,E_dosetwin_population_prior,adult#008,10805,30,5.0,2.0
2028,E_dosetwin_population_prior,adolescent#008,10815,75,24.0,15.5
2028,E_dosetwin_population_prior,adolescent#009,10829,105,4.5,4.0
2028,E_dosetwin_population_prior,adolescent#003,10833,170,6.5,8.5
2028,E_dosetwin_population_prior,adult#004,10844,80,4.0,6.0
2028,E_dosetwin_population_prior,child#003,10848,55,4.0,2.0
2028,E_dosetwin_population_prior,adult#006,10852,90,14.5,10.0
2028,E_dosetwin_population_prior,adolescent#005,10856,85,9.0,5.5
2028,E_dosetwin_population_prior,child#005,10858,25,3.5,5.0
2028,E_dosetwin_population_prior,adult#010,10862,45,21.0,10.5
2028,E_dosetwin_population_prior,adult#003,10868,110,14.5,9.5
2028,E_dosetwin_population_prior,child#006,10883,65,3.5,3.0
2028,E_dosetwin_population_prior,child#009,10884,25,2.0,1.5
2028,E_dosetwin_population_prior,adolescent#006,10888,70,12.5,10.5
2028,E_dosetwin_population_prior,adult#002,10890,195,24.0,29.0
2028,E_dosetwin_population_prior,child#002,10894,60,3.5,3.0
2028,E_dosetwin_population_prior,adolescent#007,10896,95,19.0,11.0
2028,E_dosetwin_population_prior,adult#009,10898,85,9.5,14.5
2028,E_dosetwin_population_prior,child#004,10898,80,3.5,4.5
2028,E_dosetwin_population_prior,child#010,10898,50,4.5,2.5
2028,E_dosetwin_population_prior,adolescent#002,10922,135,41.0,30.5
2028,E_dosetwin_population_prior,adult#005,10925,30,10.0,5.0
2028,E_dosetwin_population_prior,adolescent#010,10927,50,5.0,6.0
2028,E_dosetwin_population_prior,adult#001,10927,115,0.0,9.0
2028,E_dosetwin_population_prior,child#008,10935,65,9.5,5.5
2028,E_dosetwin_population_prior,child#001,10949,45,2.5,2.0
2028,E_dosetwin_population_prior,child#007,10964,40,7.0,6.0
2028,E_dosetwin_population_prior,adolescent#001,10974,65,7.0,5.0
2028,E_dosetwin_population_prior,adult#007,11106,25,2.5,6.0
2028,E_dosetwin_population_prior,adolescent#003,11107,25,2.0,1.5
2028,E_dosetwin_population_prior,adolescent#006,11114,35,7.5,6.0
2028,E_dosetwin_population_prior,adult#001,11185,40,0.0,5.0
2028,E_dosetwin_population_prior,adult#007,11274,80,4.0,3.0
2028,E_dosetwin_population_prior,adult#008,11278,55,7.0,3.5
2028,E_dosetwin_population_prior,adult#002,11295,120,18.0,18.0
2028,E_dosetwin_population_prior,child#006,11304,70,3.5,3.5
2028,E_dosetwin_population_prior,child#010,11306,45,4.5,2.5
2028,E_dosetwin_population_prior,adult#010,11308,55,22.5,13.0
2028,E_dosetwin_population_prior,adolescent#008,11310,165,37.5,38.5
2028,E_dosetwin_population_prior,adolescent#001,11317,145,10.5,11.0
2028,E_dosetwin_population_prior,adolescent#002,11322,85,0.0,19.5
2028,E_dosetwin_population_prior,child#002,11322,35,3.0,2.0
2028,E_dosetwin_population_prior,adult#006,11339,70,13.0,8.5
2028,E_dosetwin_population_prior,adolescent#009,11341,105,5.0,5.0
2028,E_dosetwin_population_prior,adult#003,11345,35,9.0,6.0
2028,E_dosetwin_population_prior,child#009,11359,40,3.5,3.5
2028,E_dosetwin_population_prior,adult#005,11361,75,20.0,14.0
2028,E_dosetwin_population_prior,adult#009,11366,75,26.5,18.0
2028,E_dosetwin_population_prior,child#007,11367,40,7.0,5.0
2028,E_dosetwin_population_prior,adolescent#006,11380,90,18.5,14.0
2028,E_dosetwin_population_prior,adolescent#005,11382,135,11.5,9.0
2028,E_dosetwin_population_prior,adult#001,11384,85,12.5,5.0
2028,E_dosetwin_population_prior,child#004,11384,50,2.5,2.5
2028,E_dosetwin_population_prior,child#001,11390,35,2.5,3.0
2028,E_dosetwin_population_prior,adolescent#010,11396,60,5.5,4.0
2028,E_dosetwin_population_prior,child#005,11400,45,4.5,9.0
2028,E_dosetwin_population_prior,adult#004,11406,65,3.5,5.0
2028,E_dosetwin_population_prior,adult#003,11953,35,2.5,3.0
2028,E_dosetwin_population_prior,child#009,11958,15,1.5,1.5
2028,E_dosetwin_population_prior,adolescent#005,11970,45,7.0,4.0
2028,E_dosetwin_population_prior,adult#002,11977,55,12.0,9.0
2028,E_dosetwin_population_prior,adolescent#004,11986,35,5.0,2.0
2028,E_dosetwin_population_prior,adolescent#009,11986,65,4.0,2.5
2028,E_dosetwin_population_prior,child#004,11987,25,1.5,1.0
2028,E_dosetwin_population_prior,child#002,11990,20,2.0,1.0
2028,E_dosetwin_population_prior,child#006,11990,30,2.0,2.0
2028,E_dosetwin_population_prior,child#010,11991,35,4.0,2.5
2028,E_dosetwin_population_prior,adult#008,11995,80,10.0,8.0
2028,E_dosetwin_population_prior,adult#010,11995,25,14.0,7.0
2028,E_dosetwin_population_prior,adult#001,11996,35,5.5,2.5
2028,E_dosetwin_population_prior,child#003,11996,30,3.0,1.0
2028,E_dosetwin_population_prior,adolescent#001,12002,90,8.5,10.0
2028,E_dosetwin_population_prior,adolescent#010,12006,75,6.5,6.0
2028,E_dosetwin_population_prior,adolescent#007,12007,85,16.5,10.0
2028,E_dosetwin_population_prior,adolescent#002,12008,75,31.0,17.5
2028,E_dosetwin_population_prior,adult#006,12010,40,10.5,5.0
2028,E_dosetwin_population_prior,child#001,12020,35,3.0,3.5
2028,E_dosetwin_population_prior,adult#004,12026,85,4.5,7.0
2028,E_dosetwin_population_prior,adult#005,12028,95,22.0,18.5
2028,E_dosetwin_population_prior,child#007,12037,30,4.0,3.0
2028,E_dosetwin_population_prior,adolescent#003,12038,80,4.0,4.5
2028,E_dosetwin_population_prior,adult#009,12041,55,17.0,8.5
2028,E_dosetwin_population_prior,adolescent#008,12052,25,14.5,8.5
2028,E_dosetwin_population_prior,adolescent#006,12067,30,8.0,5.5
2028,E_dosetwin_population_prior,child#009,12242,40,3.0,2.0
2028,E_dosetwin_population_prior,adolescent#003,12266,60,3.0,3.0
2028,E_dosetwin_population_prior,adolescent#008,12285,60,21.0,12.5
2028,E_dosetwin_population_prior,adult#007,12294,65,4.0,7.0
2028,E_dosetwin_population_prior,adult#006,12299,55,14.0,7.0
2028,E_dosetwin_population_prior,adult#008,12303,80,10.0,5.0
2028,E_dosetwin_population_prior,child#007,12303,45,5.5,4.5
2028,E_dosetwin_population_prior,adolescent#005,12304,50,7.0,3.5
2028,E_dosetwin_population_prior,adult#010,12308,105,29.5,24.5
2028,E_dosetwin_population_prior,child#008,12308,65,8.0,4.0
2028,E_dosetwin_population_prior,adult#003,12316,50,10.0,5.0
2028,E_dosetwin_population_prior,adolescent#006,12319,105,16.0,15.0
2028,E_dosetwin_population_prior,child#004,12321,50,3.0,4.0
2028,E_dosetwin_population_prior,child#002,12324,30,2.5,1.5
2028,E_dosetwin_population_prior,adolescent#009,12328,90,5.0,3.5
2028,E_dosetwin_population_prior,adult#009,12328,145,34.0,30.0
2028,E_dosetwin_population_prior,child#003,12333,55,4.0,2.0
2028,E_dosetwin_population_prior,adolescent#010,12334,30,4.0,2.5
2028,E_dosetwin_population_prior,adolescent#007,12336,85,16.5,10.0
2028,E_dosetwin_population_prior,adult#005,12354,55,20.5,9.5
2028,E_dosetwin_population_prior,adult#002,12356,160,28.0,24.0
2028,E_dosetwin_population_prior,adolescent#002,12366,55,25.0,12.5
2028,E_dosetwin_population_prior,adult#001,12366,145,18.0,11.0
2028,E_dosetwin_population_prior,child#010,12371,60,5.0,3.0
2028,E_dosetwin_population_prior,adult#004,12372,65,4.5,5.0
2028,E_dosetwin_population_prior,child#001,12377,40,2.5,1.5
2028,E_dosetwin_population_prior,adult#009,12536,30,9.0,1.0
2028,E_dosetwin_population_prior,child#006,12549,10,0.5,0.5
2028,E_dosetwin_population_prior,adolescent#004,12556,20,4.0,4.5
2028,E_dosetwin_population_prior,adult#006,12578,35,8.0,4.0
2028,E_dosetwin_population_prior,adult#004,12712,95,4.5,7.0
2028,E_dosetwin_population_prior,adult#003,12718,50,10.5,7.5
2028,E_dosetwin_population_prior,child#007,12718,45,5.5,5.0
2028,E_dosetwin_population_prior,child#008,12732,55,8.0,6.5
2028,E_dosetwin_population_prior,child#005,12749,95,7.5,13.0
2028,E_dosetwin_population_prior,child#009,12752,50,3.0,2.5
2028,E_dosetwin_population_prior,child#001,12760,45,2.5,3.0
2028,E_dosetwin_population_prior,adult#008,12768,75,9.0,4.5
2028,E_dosetwin_population_prior,adult#007,12773,105,5.0,6.5
2028,E_dosetwin_population_prior,adult#002,12780,110,17.0,16.5
2028,E_dosetwin_population_prior,adolescent#002,12783,55,28.0,13.0
2028,E_dosetwin_population_prior,child#010,12784,55,5.0,3.0
2028,E_dosetwin_population_prior,adolescent#008,12787,60,22.0,19.0
2028,E_dosetwin_population_prior,child#004,12787,50,2.5,3.5
2028,E_dosetwin_population_prior,child#003,12789,40,3.5,1.5
2028,E_dosetwin_population_prior,adolescent#010,12792,95,7.0,6.0
2028,E_dosetwin_population_prior,child#006,12792,45,2.5,2.0
2028,E_dosetwin_population_prior,adult#009,12799,70,22.0,11.0
2028,E_dosetwin_population_prior,adult#001,12800,110,16.0,8.5
2028,E_dosetwin_population_prior,adolescent#005,12804,35,5.5,2.5
2028,E_dosetwin_population_prior,adolescent#004,12806,90,8.5,5.0
2028,E_dosetwin_population_prior,adolescent#007,12809,95,17.5,17.5
2028,E_dosetwin_population_prior,child#002,12816,70,4.0,3.5
2028,E_dosetwin_population_prior,adolescent#003,12824,120,5.0,7.5
2028,E_dosetwin_population_prior,adolescent#009,12838,60,4.0,2.5
2028,E_dosetwin_population_prior,adult#010,12839,75,25.0,26.0
2028,E_dosetwin_population_prior,adult#006,12845,90,15.0,10.5
2028,E_dosetwin_population_prior,adolescent#001,12855,120,9.5,12.5
2028,E_dosetwin_population_prior,adult#003,13396,85,13.0,9.5
2028,E_dosetwin_population_prior,adolescent#005,13404,35,6.5,3.5
2028,E_dosetwin_population_prior,adolescent#006,13413,65,12.0,11.0
2028,E_dosetwin_population_prior,adolescent#008,13418,40,18.0,10.5
2028,E_dosetwin_population_prior,child#002,13419,55,3.5,3.0
2028,E_dosetwin_population_prior,child#003,13427,25,3.0,1.5
2028,E_dosetwin_population_prior,adult#007,13428,75,4.0,4.0
2028,E_dosetwin_population_prior,adult#002,13429,65,13.0,9.5
2028,E_dosetwin_population_prior,adult#010,13431,20,14.0,8.5
2028,E_dosetwin_population_prior,adult#008,13440,40,7.0,4.0
2028,E_dosetwin_population_prior,adolescent#003,13442,35,2.0,2.0
2028,E_dosetwin_population_prior,adolescent#009,13443,55,3.5,3.0
2028,E_dosetwin_population_prior,adolescent#007,13444,50,13.0,7.0
2028,E_dosetwin_population_prior,adolescent#010,13446,45,6.0,4.5
2028,E_dosetwin_population_prior,adult#009,13450,40,12.0,6.0
2028,E_dosetwin_population_prior,adolescent#004,13454,35,5.5,2.0
2028,E_dosetwin_population_prior,adult#001,13454,65,10.0,5.0
2028,E_dosetwin_population_prior,child#009,13456,20,2.0,2.0
2028,E_dosetwin_population_prior,child#005,13459,15,2.5,4.0
2028,E_dosetwin_population_prior,adult#006,13460,30,7.0,3.5
2028,E_dosetwin_population_prior,child#008,13468,40,6.0,3.0
2028,E_dosetwin_population_prior,child#006,13469,40,2.5,3.5
2028,E_dosetwin_population_prior,child#001,13470,45,2.5,3.5
2028,E_dosetwin_population_prior,adolescent#002,13473,35,22.0,14.5
2028,E_dosetwin_population_prior,child#010,13473,20,3.5,3.5
2028,E_dosetwin_population_prior,child#007,13479,40,7.0,6.5
2028,E_dosetwin_population_prior,adult#004,13503,90,4.5,8.0
2028,E_dosetwin_population_prior,adult#004,13677,50,2.5,3.5
2028,E_dosetwin_population_prior,adolescent#010,13700,70,6.5,4.0
2028,E_dosetwin_population_prior,adolescent#002,13705,105,35.5,23.0
2028,E_dosetwin_population_prior,child#002,13708,90,6.0,5.0
2028,E_dosetwin_population_prior,child#008,13732,45,6.0,3.0
2028,E_dosetwin_population_prior,child#004,13741,55,2.5,1.5
2028,E_dosetwin_population_prior,adolescent#003,13746,55,3.0,3.0
2028,E_dosetwin_population_prior,child#006,13755,55,3.0,2.5
2028,E_dosetwin_population_prior,adolescent#005,13756,45,6.0,3.0
2028,E_dosetwin_population_prior,adult#003,13764,95,17.0,10.5
2028,E_dosetwin_population_prior,adult#008,13764,75,9.0,4.5
2028,E_dosetwin_population_prior,child#003,13764,45,4.0,2.0
2028,E_dosetwin_population_prior,child#005,13769,55,5.5,9.0
2028,E_dosetwin_population_prior,adult#006,13775,125,21.5,15.0
2028,E_dosetwin_population_prior,adolescent#006,13776,95,14.5,14.0
2028,E_dosetwin_population_prior,adult#001,13778,65,10.0,5.0
2028,E_dosetwin_population_prior,adult#005,13778,45,16.0,18.5
2028,E_dosetwin_population_prior,adolescent#004,13780,50,6.0,3.0
2028,E_dosetwin_population_prior,adolescent#007,13785,85,16.5,10.0
2028,E_dosetwin_population_prior,adolescent#001,13790,160,11.5,13.0
2028,E_dosetwin_population_prior,adult#007,13808,110,7.0,5.5
2028,E_dosetwin_population_prior,child#007,13813,75,7.5,9.0
2028,E_dosetwin_population_prior,child#009,13816,30,2.5,1.5
2028,E_dosetwin_population_prior,adult#002,13823,125,24.5,18.5
2028,E_dosetwin_population_prior,child#001,13829,25,2.0,1.0
2028,E_dosetwin_population_prior,adolescent#009,13854,35,3.0,1.5
2028,E_dosetwin_population_prior,adolescent#003,13945,35,2.0,1.5
2028,E_dosetwin_population_prior,adult#006,13994,20,5.5,0.5
2028,E_dosetwin_population_prior,adult#002,14007,35,6.0,0.0
2028,E_dosetwin_population_prior,child#003,14022,10,2.0,1.0
2028,E_dosetwin_population_prior,adolescent#006,14057,40,8.5,5.5
2028,E_dosetwin_population_prior,adolescent#006,14153,100,14.0,9.0
2028,E_dosetwin_population_prior,adolescent#007,14165,80,16.5,16.5
2028,E_dosetwin_population_prior,adult#001,14188,70,11.0,5.5
2028,E_dosetwin_population_prior,child#005,14188,55,4.0,6.5
2028,E_dosetwin_population_prior,child#009,14189,30,2.5,3.5
2028,E_dosetwin_population_prior,child#006,14191,80,3.5,4.0
2028,E_dosetwin_population_prior,adolescent#003,14194,65,3.5,3.0
2028,E_dosetwin_population_prior,adult#009,14195,65,0.0,7.0
2028,E_dosetwin_population_prior,adolescent#004,14209,75,7.5,4.5
2028,E_dosetwin_population_prior,adolescent#005,14215,110,13.0,12.5
2028,E_dosetwin_population_prior,child#003,14223,35,3.5,1.0
2028,E_dosetwin_population_prior,child#001,14224,25,2.0,3.0
2028,E_dosetwin_population_prior,child#007,14224,40,5.0,6.5
2028,E_dosetwin_population_prior,adult#003,14225,105,14.5,12.5
2028,E_dosetwin_population_prior,adolescent#001,14228,95,8.5,7.0
2028,E_dosetwin_population_prior,child#002,14229,55,3.5,3.0
2028,E_dosetwin_population_prior,adolescent#009,14230,95,4.5,4.0
2028,E_dosetwin_population_prior,child#010,14234,25,4.0,3.0
2028,E_dosetwin_population_prior,adult#006,14241,40,9.0,5.0
2028,E_dosetwin_population_prior,adult#007,14242,150,6.5,7.0
2028,E_dosetwin_population_prior,adult#002,14243,170,22.5,25.5
2028,E_dosetwin_population_prior,adult#004,14248,95,4.5,7.5
2028,E_dosetwin_population_prior,adult#005,14254,50,16.5,9.0
2028,E_dosetwin_population_prior,child#004,14258,115,5.5,6.0
2028,E_dosetwin_population_prior,adolescent#010,14259,75,8.0,6.0
2028,E_dosetwin_population_prior,child#008,14265,30,6.0,3.0
2028,E_dosetwin_population_prior,adolescent#008,14266,110,28.5,21.0
2028,E_dosetwin_population_prior,adult#010,14273,90,27.5,26.0
2028,E_dosetwin_population_prior,adolescent#003,14839,55,3.0,3.0
2028,E_dosetwin_population_prior,adolescent#007,14841,40,12.0,9.0
2028,E_dosetwin_population_prior,adult#005,14854,50,16.0,8.0
2028,E_dosetwin_population_prior,adult#006,14859,70,13.0,8.5
2028,E_dosetwin_population_prior,child#005,14859,25,3.5,5.0
2028,E_dosetwin_population_prior,adult#008,14875,25,6.5,7.5
2028,E_dosetwin_population_prior,child#003,14882,50,3.5,2.0
2028,E_dosetwin_population_prior,adolescent#001,14883,90,8.5,11.0
2028,E_dosetwin_population_prior,adult#001,14890,85,13.5,9.5
2028,E_dosetwin_population_prior,child#001,14893,45,2.5,2.5
2028,E_dosetwin_population_prior,adolescent#010,14896,50,5.0,5.5
2028,E_dosetwin_population_prior,adult#004,14901,145,7.5,11.5
2028,E_dosetwin_population_prior,child#002,14901,70,4.0,4.0
2028,E_dosetwin_population_prior,child#006,14907,25,2.5,3.5
2028,E_dosetwin_population_prior,child#010,14909,35,4.0,2.5
2028,E_dosetwin_population_prior,adolescent#008,14911,35,20.5,10.5
2028,E_dosetwin_population_prior,adult#003,14913,80,13.0,10.0
2028,E_dosetwin_population_prior,adolescent#009,14915,25,3.0,2.0
2028,E_dosetwin_population_prior,child#008,14925,40,7.0,3.5
2028,E_dosetwin_population_prior,adult#002,14929,45,12.5,6.5
2028,E_dosetwin_population_prior,child#004,14929,55,3.5,3.5
2028,E_dosetwin_population_prior,adolescent#005,14930,55,7.5,4.0
2028,E_dosetwin_population_prior,adult#010,14931,50,25.5,18.5
2028,E_dosetwin_population_prior,adult#010,15149,55,21.0,10.5
2028,E_dosetwin_population_prior,adult#001,15183,140,20.0,12.0
2028,E_dosetwin_population_prior,child#010,15183,55,5.0,3.0
2028,E_dosetwin_population_prior,adult#002,15189,90,16.0,13.5
2028,E_dosetwin_population_prior,adult#005,15194,120,24.5,19.0
2028,E_dosetwin_population_prior,child#008,15206,55,7.0,3.5
2028,E_dosetwin_population_prior,adult#003,15207,50,12.5,5.5
2028,E_dosetwin_population_prior,child#007,15207,40,5.5,4.0
2028,E_dosetwin_population_prior,adolescent#002,15210,40,23.0,13.0
2028,E_dosetwin_population_prior,adolescent#007,15214,70,15.0,8.0
2028,E_dosetwin_population_prior,child#006,15217,40,2.5,1.5
2028,E_dosetwin_population_prior,adolescent#010,15218,50,5.5,3.0
2028,E_dosetwin_population_prior,child#002,15219,45,4.0,2.5
2028,E_dosetwin_population_prior,adult#006,15223,120,17.0,13.5
2028,E_dosetwin_population_prior,adolescent#001,15224,95,8.5,7.0
2028,E_dosetwin_population_prior,child#003,15227,15,2.0,0.5
2028,E_dosetwin_population_prior,adolescent#005,15228,75,8.5,5.0
2028,E_dosetwin_population_prior,adolescent#006,15229,65,15.0,6.0
2028,E_dosetwin_population_prior,child#004,15234,25,2.0,1.0
2028,E_dosetwin_population_prior,adolescent#004,15237,70,7.5,4.0
2028,E_dosetwin_population_prior,child#005,15243,45,4.5,7.5
2028,E_dosetwin_population_prior,child#001,15248,55,3.0,2.0
2028,E_dosetwin_population_prior,child#009,15249,25,2.0,2.0
2028,E_dosetwin_population_prior,adult#009,15255,65,20.0,4.0
2028,E_dosetwin_population_prior,adult#007,15293,80,6.0,5.0
2028,E_dosetwin_population_prior,adolescent#009,15303,60,3.5,2.5
2028,E_dosetwin_population_prior,adolescent#003,15310,45,2.5,2.5
2028,E_dosetwin_population_prior,adult#001,15392,20,2.5,0.0
2028,E_dosetwin_population_prior,adolescent#008,15403,40,16.5,18.5
2028,E_dosetwin_population_prior,child#008,15404,15,4.0,2.0
2028,E_dosetwin_population_prior,adult#007,15428,30,0.5,0.0
2028,E_dosetwin_population_prior,child#010,15435,20,3.0,1.0
2028,E_dosetwin_population_prior,child#004,15447,25,1.5,1.0
2028,E_dosetwin_population_prior,adult#006,15471,30,7.0,3.5
2028,E_dosetwin_population_prior,adult#010,15485,20,9.0,4.5
2028,E_dosetwin_population_prior,adolescent#010,15487,20,3.0,2.5
2028,E_dosetwin_population_prior,adult#003,15506,30,5.5,2.5
2028,E_dosetwin_population_prior,child#002,15585,60,3.5,3.0
2028,E_dosetwin_population_prior,adolescent#004,15589,60,7.0,4.5
2028,E_dosetwin_population_prior,child#003,15608,35,3.0,1.5
2028,E_dosetwin_population_prior,adult#008,15615,60,8.5,9.0
2028,E_dosetwin_population_prior,adult#002,15618,110,17.5,16.5
2028,E_dosetwin_population_prior,child#010,15621,50,4.5,2.0
2028,E_dosetwin_population_prior,child#008,15628,45,6.0,2.5
2028,E_dosetwin_population_prior,adult#003,15631,80,12.0,4.5
2028,E_dosetwin_population_prior,child#006,15634,60,3.0,2.5
2028,E_dosetwin_population_prior,adult#007,15637,100,5.5,5.0
2028,E_dosetwin_population_prior,adult#004,15645,120,5.0,10.0
2028,E_dosetwin_population_prior,child#007,15645,65,7.0,8.5
2028,E_dosetwin_population_prior,adolescent#009,15647,145,6.0,6.0
2028,E_dosetwin_population_prior,adolescent#002,15648,60,27.0,13.5
2028,E_dosetwin_population_prior,adolescent#001,15654,110,9.0,8.5
2028,E_dosetwin_population_prior,adolescent#003,15654,45,2.5,3.0
2028,E_dosetwin_population_prior,adult#010,15656,60,22.5,11.5
2028,E_dosetwin_population_prior,adult#009,15657,95,29.0,23.0
2028,E_dosetwin_population_prior,adult#001,15665,145,21.0,11.0
2028,E_dosetwin_population_prior,adolescent#005,15667,75,9.0,5.0
2028,E_dosetwin_population_prior,adolescent#007,15671,175,23.0,21.5
2028,E_dosetwin_population_prior,child#009,15673,45,3.0,2.5
2028,E_dosetwin_population_prior,adolescent#010,15681,65,5.5,3.5
2028,E_dosetwin_population_prior,child#004,15682,60,2.5,2.5
2028,E_dosetwin_population_prior,adolescent#006,15684,115,16.5,17.5
2028,E_dosetwin_population_prior,adult#005,15724,40,17.0,7.5
2028,E_dosetwin_population_prior,child#001,15748,50,0.0,1.5
2028,E_dosetwin_population_prior,adolescent#009,16261,60,4.0,2.5
2028,E_dosetwin_population_prior,child#001,16288,25,2.0,3.5
2028,E_dosetwin_population_prior,adolescent#003,16306,45,2.5,2.5
2028,E_dosetwin_population_prior,child#002,16313,15,1.5,1.0
2028,E_dosetwin_population_prior,adolescent#006,16317,45,10.0,9.0
2028,E_dosetwin_population_prior,child#004,16322,35,2.0,1.5
2028,E_dosetwin_population_prior,adult#010,16324,55,22.0,14.5
2028,E_dosetwin_population_prior,adult#005,16325,30,11.0,5.5
2028,E_dosetwin_population_prior,child#010,16330,15,2.5,1.0
2028,E_dosetwin_population_prior,child#006,16331,50,3.0,3.5
2028,E_dosetwin_population_prior,adolescent#008,16334,45,19.0,11.0
2028,E_dosetwin_population_prior,adult#001,16338,35,5.5,2.5
2028,E_dosetwin_population_prior,adult#006,16341,30,9.0,5.5
2028,E_dosetwin_population_prior,child#008,16344,30,5.0,2.5
2028,E_dosetwin_population_prior,adolescent#002,16347,75,31.0,24.0
2028,E_dosetwin_population_prior,child#007,16354,15,2.5,6.0
2028,E_dosetwin_population_prior,adolescent#007,16363,30,7.0,3.5
2028,E_dosetwin_population_prior,adolescent#004,16367,60,7.0,5.0
2028,E_dosetwin_population_prior,adolescent#005,16373,30,7.0,3.5
2028,E_dosetwin_population_prior,adult#002,16375,25,7.0,3.5
2028,E_dosetwin_population_prior,adult#003,16386,35,9.5,8.5
2028,E_dosetwin_population_prior,child#003,16394,20,2.5,1.0
2028,E_dosetwin_population_prior,adolescent#008,16550,95,26.0,18.5
2028,E_dosetwin_population_prior,child#008,16593,35,5.0,2.0
2028,E_dosetwin_population_prior,adolescent#005,16601,80,8.5,5.0
2028,E_dosetwin_population_prior,child#009,16607,40,3.0,2.0
2028,E_dosetwin_population_prior,adolescent#004,16611,95,8.0,6.5
2028,E_dosetwin_population_prior,child#007,16615,40,5.0,4.5
2028,E_dosetwin_population_prior,adult#006,16619,30,7.0,3.5
2028,E_dosetwin_population_prior,adult#007,16624,45,3.0,3.0
2028,E_dosetwin_population_prior,adolescent#007,16625,100,17.5,11.5
2028,E_dosetwin_population_prior,adult#004,16628,120,5.0,10.5
2028,E_dosetwin_population_prior,child#003,16629,25,2.5,1.0
2028,E_dosetwin_population_prior,child#004,16630,40,2.5,1.5
2028,E_dosetwin_population_prior,adult#003,16640,95,13.5,8.5
2028,E_dosetwin_population_prior,adult#001,16646,100,14.5,8.0
2028,E_dosetwin_population_prior,adolescent#006,16650,50,10.0,7.0
2028,E_dosetwin_population_prior,child#005,16656,65,6.0,8.5
2028,E_dosetwin_population_prior,adolescent#009,16658,75,5.5,3.0
2028,E_dosetwin_population_prior,adult#008,16659,75,9.5,9.0
2028,E_dosetwin_population_prior,child#006,16662,60,3.0,2.5
2028,E_dosetwin_population_prior,adolescent#001,16663,95,8.5,10.0
2028,E_dosetwin_population_prior,adolescent#010,16676,75,6.0,4.5
2028,E_dosetwin_population_prior,adult#002,16681,115,17.5,17.0
2028,E_dosetwin_population_prior,adult#010,16682,75,25.0,17.5
2028,E_dosetwin_population_prior,adult#009,16685,65,28.5,14.0
2028,E_dosetwin_population_prior,adolescent#003,16716,95,4.5,5.0
2028,E_dosetwin_population_prior,adult#005,16750,70,19.0,11.5
2028,E_dosetwin_population_prior,adolescent#004,16889,25,4.5,1.5
2028,E_dosetwin_population_prior,adult#007,16891,25,2.0,1.0
2028,E_dosetwin_population_prior,adolescent#005,16897,25,4.5,1.5
2028,E_dosetwin_population_prior,adolescent#001,16904,25,4.5,2.0
2028,E_dosetwin_population_prior,adult#006,16908,20,6.0,3.0
2028,E_dosetwin_population_prior,adult#001,16978,50,12.0,4.5
2028,E_dosetwin_population_prior,adolescent#001,17026,140,0.0,8.5
2028,E_dosetwin_population_prior,child#003,17053,35,3.5,1.5
2028,E_dosetwin_population_prior,adult#002,17060,120,18.0,18.0
2028,E_dosetwin_population_prior,child#004,17060,85,3.5,3.5
2028,E_dosetwin_population_prior,adolescent#003,17064,130,5.5,6.5
2028,E_dosetwin_population_prior,adolescent#004,17066,135,9.5,6.5
2028,E_dosetwin_population_prior,adolescent#005,17068,70,8.5,3.5
2028,E_dosetwin_population_prior,adolescent#002,17071,45,20.0,3.5
2028,E_dosetwin_population_prior,adolescent#007,17073,90,18.0,10.5
2028,E_dosetwin_population_prior,adolescent#010,17077,55,5.5,3.5
2028,E_dosetwin_population_prior,child#007,17087,45,5.5,6.0
2028,E_dosetwin_population_prior,child#005,17089,60,5.5,9.0
2028,E_dosetwin_population_prior,child#001,17090,75,4.5,5.5
2028,E_dosetwin_population_prior,adult#007,17102,50,3.5,2.0
2028,E_dosetwin_population_prior,child#010,17104,85,6.0,4.5
2028,E_dosetwin_population_prior,adult#010,17115,80,26.5,18.5
2028,E_dosetwin_population_prior,child#008,17118,40,5.5,2.5
2028,E_dosetwin_population_prior,adult#005,17125,80,20.0,13.0
2028,E_dosetwin_population_prior,adolescent#009,17132,80,5.5,3.0
2028,E_dosetwin_population_prior,adolescent#008,17135,105,29.0,23.0
2028,E_dosetwin_population_prior,adult#006,17144,115,16.5,13.0
2028,E_dosetwin_population_prior,adult#003,17150,125,15.5,16.0
2028,E_dosetwin_population_prior,adult#009,17150,85,27.5,18.0
2028,E_dosetwin_population_prior,child#002,17151,65,3.0,2.0
2028,E_dosetwin_population_prior,adult#004,17159,125,7.0,11.0
2028,E_dosetwin_population_prior,adolescent#006,17172,95,19.5,15.0
2028,E_dosetwin_population_prior,child#005,17700,30,3.5,4.5
2028,E_dosetwin_population_prior,adult#009,17707,30,9.0,4.5
2028,E_dosetwin_population_prior,adult#001,17726,35,5.5,2.5
2028,E_dosetwin_population_prior,adolescent#005,17728,45,7.0,5.0
2028,E_dosetwin_population_prior,child#002,17737,35,2.5,2.0
2028,E_dosetwin_population_prior,child#009,17737,25,2.0,3.0
2028,E_dosetwin_population_prior,adolescent#004,17743,30,4.5,1.5
2028,E_dosetwin_population_prior,adult#006,17745,35,10.0,5.0
2028,E_dosetwin_population_prior,adolescent#003,17746,45,2.5,2.0
2028,E_dosetwin_population_prior,adult#003,17747,75,12.5,9.0
2028,E_dosetwin_population_prior,child#006,17754,45,2.5,2.5
2028,E_dosetwin_population_prior,adult#002,17756,90,20.0,14.5
2028,E_dosetwin_population_prior,child#001,17758,55,3.0,2.0
2028,E_dosetwin_population_prior,adolescent#010,17759,30,1.0,2.0
2028,E_dosetwin_population_prior,child#003,17760,15,2.0,0.5
2028,E_dosetwin_population_prior,child#010,17762,15,2.5,2.0
2028,E_dosetwin_population_prior,adult#008,17763,55,10.0,7.5
2028,E_dosetwin_population_prior,adolescent#007,17764,60,14.0,9.5
2028,E_dosetwin_population_prior,adolescent#002,17767,35,22.0,11.5
2028,E_dosetwin_population_prior,adolescent#008,17771,35,17.0,10.0
2028,E_dosetwin_population_prior,adolescent#006,17772,50,10.5,8.5
2028,E_dosetwin_population_prior,adolescent#009,17778,30,2.5,1.5
2028,E_dosetwin_population_prior,adolescent#001,17792,80,8.0,8.5
2028,E_dosetwin_population_prior,adult#005,17799,75,20.0,12.5
2028,E_dosetwin_population_prior,child#007,17805,50,6.0,7.0
2028,E_dosetwin_population_prior,adult#004,17816,35,3.0,2.5
2028,E_dosetwin_population_prior,child#008,17816,40,6.0,3.0
2028,E_dosetwin_population_prior,adult#010,17829,45,20.0,14.0
2028,E_dosetwin_population_prior,child#004,17835,40,2.0,1.5
2028,E_dosetwin_population_prior,adult#005,18021,80,19.0,11.0
2028,E_dosetwin_population_prior,adolescent#004,18029,105,9.0,8.0
2028,E_dosetwin_population_prior,child#008,18044,85,11.5,5.5
2028,E_dosetwin_population_prior,child#005,18049,40,5.5,5.5
2028,E_dosetwin_population_prior,adult#009,18051,80,25.0,12.5
2028,E_dosetwin_population_prior,child#003,18060,65,4.0,2.5
2028,E_dosetwin_population_prior,adult#007,18071,235,8.5,12.0
2028,E_dosetwin_population_prior,child#001,18074,65,3.0,2.0
2028,E_dosetwin_population_prior,adult#006,18075,90,15.0,10.0
2028,E_dosetwin_population_prior,adult#008,18082,80,10.0,5.0
2028,E_dosetwin_population_prior,adolescent#010,18088,45,5.0,3.5
2028,E_dosetwin_population_prior,child#004,18088,95,3.5,4.0
2028,E_dosetwin_population_prior,adolescent#009,18092,135,5.5,5.5
2028,E_dosetwin_population_prior,adolescent#001,18093,130,10.5,10.0
2028,E_dosetwin_population_prior,adolescent#007,18102,95,0.0,11.0
2028,E_dosetwin_population_prior,child#006,18102,50,2.5,2.0
2028,E_dosetwin_population_prior,adult#004,18104,120,5.0,9.0
2028,E_dosetwin_population_prior,adult#001,18108,35,5.5,2.5
2028,E_dosetwin_population_prior,child#002,18115,40,3.5,2.5
2028,E_dosetwin_population_prior,child#007,18123,80,8.0,8.5
2028,E_dosetwin_population_prior,child#010,18123,30,3.5,2.0
2028,E_dosetwin_population_prior,adolescent#008,18134,30,13.0,6.5
2028,E_dosetwin_population_prior,adult#003,18148,50,9.0,4.5
2028,E_dosetwin_population_prior,adolescent#002,18149,80,33.0,18.0
2028,E_dosetwin_population_prior,adult#007,18262,15,0.0,0.0
2028,E_dosetwin_population_prior,child#006,18285,15,1.0,0.0
2028,E_dosetwin_population_prior,adult#008,18306,10,3.5,0.0
2028,E_dosetwin_population_prior,adolescent#005,18312,15,3.5,2.0
2028,E_dosetwin_population_prior,adult#005,18350,20,6.0,3.0
2028,E_dosetwin_population_prior,adult#009,18378,20,16.5,16.5
2028,E_dosetwin_population_prior,adult#010,18404,25,12.0,2.0
2028,E_dosetwin_population_prior,adult#009,18464,85,20.5,7.0
2028,E_dosetwin_population_prior,adolescent#001,18484,90,0.0,7.0
2028,E_dosetwin_population_prior,adult#006,18488,55,12.0,6.5
2028,E_dosetwin_population_prior,child#006,18503,30,2.0,1.0
2028,E_dosetwin_population_prior,adolescent#004,18520,65,7.5,4.0
2028,E_dosetwin_population_prior,adult#005,18522,100,22.5,14.0
2028,E_dosetwin_population_prior,child#001,18523,45,2.5,4.0
2028,E_dosetwin_population_prior,child#004,18527,85,3.5,3.5
2028,E_dosetwin_population_prior,adolescent#006,18528,80,13.5,11.5
2028,E_dosetwin_population_prior,adult#010,18532,60,20.5,8.5
2028,E_dosetwin_population_prior,adolescent#005,18535,150,12.0,9.5
2028,E_dosetwin_population_prior,adolescent#002,18536,135,38.5,27.5
2028,E_dosetwin_population_prior,adult#002,18550,135,19.5,21.0
2028,E_dosetwin_population_prior,child#003,18554,60,4.5,2.5
2028,E_dosetwin_population_prior,child#007,18554,65,7.0,7.0
2028,E_dosetwin_population_prior,child#008,18554,65,9.0,4.5
2028,E_dosetwin_population_prior,child#009,18559,40,3.0,2.0
2028,E_dosetwin_population_prior,adult#007,18564,75,4.5,3.5
2028,E_dosetwin_population_prior,adolescent#010,18565,50,5.0,5.0
2028,E_dosetwin_population_prior,child#005,18566,60,7.5,8.0
2028,E_dosetwin_population_prior,child#002,18568,50,3.5,2.5
2028,E_dosetwin_population_prior,adolescent#003,18570,35,2.0,2.0
2028,E_dosetwin_population_prior,adult#004,18574,90,4.5,8.0
2028,E_dosetwin_population_prior,adolescent#008,18582,80,31.5,16.0
2028,E_dosetwin_population_prior,child#010,18591,35,4.5,2.0
2028,E_dosetwin_population_prior,adult#008,18596,65,8.0,4.0
2028,E_dosetwin_population_prior,adolescent#009,18597,60,3.5,2.5
2028,E_dosetwin_population_prior,adolescent#007,18600,155,21.5,18.5
2028,E_dosetwin_population_prior,adult#009,19126,35,11.0,5.5
2028,E_dosetwin_population_prior,adolescent#004,19151,75,8.0,4.5
2028,E_dosetwin_population_prior,adult#007,19156,35,2.5,2.5
2028,E_dosetwin_population_prior,adolescent#006,19174,50,10.5,9.5
2028,E_dosetwin_population_prior,adolescent#010,19178,55,5.5,6.0
2028,E_dosetwin_population_prior,adult#003,19188,35,9.0,6.0
2028,E_dosetwin_population_prior,child#010,19189,40,4.0,3.5
2028,E_dosetwin_population_prior,child#005,19191,35,4.0,6.0
2028,E_dosetwin_population_prior,adult#001,19195,40,6.0,3.0
2028,E_dosetwin_population_prior,adolescent#008,19196,80,25.0,20.5
2028,E_dosetwin_population_prior,adolescent#005,19200,100,10.0,9.0
2028,E_dosetwin_population_prior,child#006,19202,25,2.0,2.5
2028,E_dosetwin_population_prior,adult#005,19205,50,16.0,8.0
2028,E_dosetwin_population_prior,child#002,19205,40,2.5,2.0
2028,E_dosetwin_population_prior,adult#006,19209,55,12.0,8.5
2028,E_dosetwin_population_prior,child#009,19215,50,3.5,3.5
2028,E_dosetwin_population_prior,child#007,19217,45,5.5,7.0
2028,E_dosetwin_population_prior,adolescent#007,19218,55,13.0,6.5
2028,E_dosetwin_population_prior,adolescent#003,19219,95,4.5,5.0
2028,E_dosetwin_population_prior,child#003,19232,30,3.0,1.0
2028,E_dosetwin_population_prior,child#001,19236,25,2.0,2.0
2028,E_dosetwin_population_prior,adolescent#001,19239,70,7.0,7.5
2028,E_dosetwin_population_prior,child#008,19240,45,7.5,5.0
2028,E_dosetwin_population_prior,adult#004,19246,85,4.5,7.0
2028,E_dosetwin_population_prior,adult#010,19247,45,20.0,10.5
2028,E_dosetwin_population_prior,adult#002,19273,60,16.0,9.0
2028,E_dosetwin_population_prior,child#004,19275,25,1.5,2.0
2028,E_dosetwin_population_prior,child#008,19466,75,11.0,5.0
2028,E_dosetwin_population_prior,adult#005,19484,70,18.5,11.0
2028,E_dosetwin_population_prior,adult#001,19487,95,14.0,10.5
2028,E_dosetwin_population_prior,adult#009,19500,65,20.0,10.0
2028,E_dosetwin_population_prior,child#005,19501,60,5.5,8.0
2028,E_dosetwin_population_prior,child#010,19502,75,5.5,4.5
2028,E_dosetwin_population_prior,adult#002,19503,135,24.5,19.5
2028,E_dosetwin_population_prior,adult#010,19504,80,25.0,18.5
2028,E_dosetwin_population_prior,adolescent#002,19512,70,32.0,16.0
2028,E_dosetwin_population_prior,adult#004,19513,95,4.5,8.0
2028,E_dosetwin_population_prior,child#003,19530,30,3.0,3.5
2028,E_dosetwin_population_prior,child#002,19533,55,3.5,3.0
2028,E_dosetwin_population_prior,adult#003,19536,100,14.0,10.0
2028,E_dosetwin_population_prior,child#001,19537,45,3.0,2.5
2028,E_dosetwin_population_prior,child#007,19537,65,9.5,7.0
2028,E_dosetwin_population_prior,child#004,19545,85,3.5,3.5
2028,E_dosetwin_population_prior,adult#008,19547,55,8.5,7.5
2028,E_dosetwin_population_prior,child#009,19549,55,4.0,3.0
2028,E_dosetwin_population_prior,adolescent#003,19554,80,4.0,4.0
2028,E_dosetwin_population_prior,adult#006,19565,45,10.0,5.0
2028,E_dosetwin_population_prior,adolescent#007,19571,75,16.0,12.0
2028,E_dosetwin_population_prior,adult#007,19577,90,5.0,4.5
2028,E_dosetwin_population_prior,adolescent#001,19585,110,9.0,8.5
2028,E_dosetwin_population_prior,child#006,19592,35,2.0,1.5
2028,E_dosetwin_population_prior,adolescent#005,19603,55,9.5,4.5
2028,E_dosetwin_population_prior,adolescent#009,19606,105,0.0,4.0
2028,E_dosetwin_population_prior,adolescent#006,19612,85,18.0,14.0
2028,E_dosetwin_population_prior,adolescent#010,19630,110,7.5,6.5
2028,E_dosetwin_population_prior,adult#010,19732,20,9.0,4.0
2028,E_dosetwin_population_prior,adolescent#001,19761,20,0.0,0.0
2028,E_dosetwin_population_prior,child#010,19765,20,3.0,1.0
2028,E_dosetwin_population_prior,adult#001,19783,40,10.0,5.5
2028,E_dosetwin_population_prior,adult#008,19845,20,4.0,1.0
2028,E_dosetwin_population_prior,child#006,19921,50,2.5,2.0
2028,E_dosetwin_population_prior,adult#001,19934,80,11.0,2.5
2028,E_dosetwin_population_prior,child#003,19939,55,4.5,2.0
2028,E_dosetwin_population_prior,adolescent#002,19941,55,25.0,12.5
2028,E_dosetwin_population_prior,adolescent#009,19941,85,4.5,3.5
2028,E_dosetwin_population_prior,adult#002,19950,155,22.0,23.0
2028,E_dosetwin_population_prior,adolescent#003,19951,95,4.5,5.5
2028,E_dosetwin_population_prior,adult#010,19962,75,25.5,17.0
2028,E_dosetwin_population_prior,adult#004,19972,85,5.0,6.5
2028,E_dosetwin_population_prior,adolescent#005,19975,80,9.0,5.0
2028,E_dosetwin_population_prior,adult#008,19975,80,8.5,3.0
2028,E_dosetwin_population_prior,adult#005,19977,150,28.5,24.0
2028,E_dosetwin_population_prior,adolescent#004,19981,55,6.0,3.0
2028,E_dosetwin_population_prior,child#001,19983,60,4.0,4.5
2028,E_dosetwin_population_prior,child#008,19983,65,7.5,2.0
2028,E_dosetwin_population_prior,child#010,19985,55,6.0,4.0
2028,E_dosetwin_population_prior,adult#007,19992,110,5.5,5.5
2028,E_dosetwin_population_prior,child#002,19995,30,2.5,1.5
2028,E_dosetwin_population_prior,adolescent#007,20000,85,16.5,10.0
2028,E_dosetwin_population_prior,adolescent#010,20002,35,4.5,4.0
2028,E_dosetwin_population_prior,adult#003,20003,140,20.5,18.5
2028,E_dosetwin_population_prior,adolescent#008,20009,100,29.0,20.5
2028,E_dosetwin_population_prior,adult#006,20011,80,14.0,9.0
2028,E_dosetwin_population_prior,adolescent#006,20012,95,19.5,15.0
2028,E_dosetwin_population_prior,child#007,20012,55,6.5,5.5
2028,E_dosetwin_population_prior,child#005,20019,45,4.5,8.5
2028,E_dosetwin_population_prior,adolescent#001,20020,90,8.0,7.5
