seed,patient,method,horizon,rmse,mae,rmse_low,n_low
2026,adolescent#001,personal_twin,30,10.885367828217024,8.536259192586419,7.206050452456403,180
2026,adolescent#001,personal_twin,60,11.288432516322352,8.856297269403866,8.107341756005068,180
2026,adolescent#001,personal_twin,120,16.53373423173284,12.381976482474514,11.37292099866916,180
2026,adolescent#001,population_twin,30,28.69191876916473,20.596201635197133,16.98175652022986,180
2026,adolescent#001,population_twin,60,38.45154605145731,26.717219774372023,15.097484976181667,180
2026,adolescent#001,population_twin,120,36.18930558174188,26.469180872437274,8.737350417612975,180
2026,adolescent#001,lightgbm,30,12.00926226697267,9.493013471961538,8.144220333516797,180
2026,adolescent#001,lightgbm,60,14.195004374060202,11.043694592495408,9.148675628522314,180
2026,adolescent#001,lightgbm,120,19.229822351801307,14.94726329877549,17.419178602064232,180
2026,adolescent#001,persistence,30,15.972904413382528,12.250772787166705,10.300685646608066,180
2026,adolescent#001,persistence,60,22.45560968009032,17.194682687154895,15.10085059702034,180
2026,adolescent#001,persistence,120,35.0625968279422,27.18085515405902,39.77856094878079,180
2026,adolescent#001,cgm_trend,30,26.142909786727827,20.141519925766517,19.113707262312616,180
2026,adolescent#001,cgm_trend,60,44.70839364899492,34.519386208754405,37.41584701639948,180
2026,adolescent#001,cgm_trend,120,86.60276444439491,66.83576605984575,77.43683421552657,180
2026,adolescent#002,personal_twin,30,25.535500903819198,18.867040309513634,15.18229235349069,125
2026,adolescent#002,personal_twin,60,42.94654912147039,30.478628778053213,27.86776635062427,125
2026,adolescent#002,personal_twin,120,73.18199774192254,51.08433291895634,42.126939687582414,125
2026,adolescent#002,population_twin,30,105.42030274348521,60.30671138809455,28.407830836981926,125
2026,adolescent#002,population_twin,60,140.39640853445277,76.25963785742483,39.454683720361764,125
2026,adolescent#002,population_twin,120,140.42927526002677,73.7751092339631,53.13557847981314,125
2026,adolescent#002,lightgbm,30,17.875508300943213,12.930286714319807,11.441952306215063,125
2026,adolescent#002,lightgbm,60,28.43644217674283,20.721572330396313,25.837265894994623,125
2026,adolescent#002,lightgbm,120,38.12871571222551,29.09900014578407,53.914804986604665,125
2026,adolescent#002,persistence,30,34.055883493316706,24.46018391560835,17.3986884662374,125
2026,adolescent#002,persistence,60,56.781573695473156,42.13916798064054,35.75441289782586,125
2026,adolescent#002,persistence,120,79.64702598194273,62.81349826605942,88.65393829758271,125
2026,adolescent#002,cgm_trend,30,36.19585473316877,26.6096821184723,21.98762565455228,125
2026,adolescent#002,cgm_trend,60,80.25814059794129,59.03293290674405,39.55081334357766,125
2026,adolescent#002,cgm_trend,120,168.92045302512776,125.45515702292555,94.72208438925814,125
2026,adolescent#003,personal_twin,30,17.406291331183702,13.112594489676766,11.836459008928754,185
2026,adolescent#003,personal_twin,60,25.52060269570261,18.55378411576792,19.406051903309375,185
2026,adolescent#003,personal_twin,120,43.68221502110829,29.489174952875285,28.60146161263902,185
2026,adolescent#003,population_twin,30,43.67258287707792,28.18298262363298,15.212787535436807,185
2026,adolescent#003,population_twin,60,60.07814621061504,38.18438331169861,18.999665303995293,185
2026,adolescent#003,population_twin,120,64.03818644067758,42.865692600253524,30.087477410402382,185
2026,adolescent#003,lightgbm,30,13.602871750392776,10.119163577752689,10.675286554920978,185
2026,adolescent#003,lightgbm,60,19.234614185125263,14.345879910371965,19.26759037935512,185
2026,adolescent#003,lightgbm,120,30.491658535609094,22.82862148924221,42.84331628566708,185
2026,adolescent#003,persistence,30,25.13392434650831,17.67773368676952,14.641337833054466,185
2026,adolescent#003,persistence,60,40.801416149740476,28.95552727410426,30.244079294011197,185
2026,adolescent#003,persistence,120,59.79154435433841,45.861005718206584,64.92341178142345,185
2026,adolescent#003,cgm_trend,30,30.95400457338316,23.473701157559937,25.73474240879379,185
2026,adolescent#003,cgm_trend,60,61.98873558224907,46.93374532407675,49.37012342448674,185
2026,adolescent#003,cgm_trend,120,126.14552536237306,94.6024549324005,110.49335649590708,185
2026,adolescent#004,personal_twin,30,16.015989529394595,11.916927715663101,12.701126446734426,317
2026,adolescent#004,personal_twin,60,24.868234187446486,17.28960990808006,17.7070389915367,317
2026,adolescent#004,personal_twin,120,47.102561829738214,32.346489133120315,24.074803218053287,317
2026,adolescent#004,population_twin,30,49.561303727809594,31.793535389829998,22.639178183768994,317
2026,adolescent#004,population_twin,60,73.9985476227025,44.68240970976873,33.94282086461204,317
2026,adolescent#004,population_twin,120,78.65651563259979,47.97772456726748,33.26456248994076,317
2026,adolescent#004,lightgbm,30,14.092798599813399,10.579673111576337,11.43096465126949,317
2026,adolescent#004,lightgbm,60,21.32853900440167,16.16546394249217,19.798381519592503,317
2026,adolescent#004,lightgbm,120,32.98491649388988,25.469689682791355,32.04065033460014,317
2026,adolescent#004,persistence,30,24.549272844434288,17.88543951480796,15.41376063622008,317
2026,adolescent#004,persistence,60,40.255808612372576,29.971698249942904,26.396369522702663,317
2026,adolescent#004,persistence,120,62.5664709757454,50.4899525071484,56.959309352013975,317
2026,adolescent#004,cgm_trend,30,29.586621605897435,22.138553819964113,24.845607584420605,317
2026,adolescent#004,cgm_trend,60,58.00924570403092,43.541050396785444,43.241806476586724,317
2026,adolescent#004,cgm_trend,120,118.9947459005387,90.41836089464081,82.33970820150667,317
2026,adolescent#005,personal_twin,30,16.647556749996156,12.615345042089443,17.108752669819648,230
2026,adolescent#005,personal_twin,60,26.0114019073063,18.352761563230633,17.463552688775383,230
2026,adolescent#005,personal_twin,120,55.432250708743986,36.73766449538191,20.56005542689711,218
2026,adolescent#005,population_twin,30,52.377623577995664,30.633664536093367,13.056767533254972,230
2026,adolescent#005,population_twin,60,63.29074894326539,36.78925909465109,13.622105668371411,230
2026,adolescent#005,population_twin,120,66.61810402733153,44.16716448898572,26.644673390665062,218
2026,adolescent#005,lightgbm,30,16.23494606868633,12.388822432506062,14.484345662601598,230
2026,adolescent#005,lightgbm,60,25.847043964572887,18.88533199231357,18.85233881034462,230
2026,adolescent#005,lightgbm,120,41.58528515573809,30.922408112629135,29.60754757805625,218
2026,adolescent#005,persistence,30,32.09807260589931,24.442977682794314,22.599431483735543,230
2026,adolescent#005,persistence,60,55.70319990354254,42.63863574409197,34.995165710471866,230
2026,adolescent#005,persistence,120,85.45712086637631,67.90512397936567,87.32659511400888,218
2026,adolescent#005,cgm_trend,30,31.397872427897532,24.087623687168648,30.396063656405694,230
2026,adolescent#005,cgm_trend,60,67.80784568026566,52.0749015377818,47.56510956839502,230
2026,adolescent#005,cgm_trend,120,154.20462791784982,117.825510731364,120.1674441208111,218
2026,adolescent#006,personal_twin,30,19.27293307753611,13.844049483675672,20.61179387358285,55
2026,adolescent#006,personal_twin,60,27.03774931884079,17.976378596526715,28.25577204125102,55
2026,adolescent#006,personal_twin,120,44.86807710701292,26.882916965527755,32.89831339084547,55
2026,adolescent#006,population_twin,30,93.79624617814468,56.77403417673869,77.74090787470462,55
2026,adolescent#006,population_twin,60,125.9519279330143,74.40034532565107,134.6136681622889,55
2026,adolescent#006,population_twin,120,128.84878527949087,70.96764155010972,177.29787232050288,55
2026,adolescent#006,lightgbm,30,17.696730013384926,13.598249814728447,20.939665139163083,55
2026,adolescent#006,lightgbm,60,30.504237408730862,22.14626739064797,50.713302200315965,55
2026,adolescent#006,lightgbm,120,40.96256773744983,30.79772265513766,70.22027907887457,55
2026,adolescent#006,persistence,30,30.341379452527885,20.679439964994657,26.8628282620601,55
2026,adolescent#006,persistence,60,48.838221092873574,31.784669719787722,63.920214730108924,55
2026,adolescent#006,persistence,120,64.3851101901931,46.1712244217948,92.4334620076841,55
2026,adolescent#006,cgm_trend,30,35.909652937017434,27.02483371467497,27.053266417805627,55
2026,adolescent#006,cgm_trend,60,77.14341322246301,55.91421729372825,63.04636346059417,55
2026,adolescent#006,cgm_trend,120,154.47160467791522,110.37708031229275,201.50720030915642,55
2026,adolescent#007,personal_twin,30,21.357823274262067,16.202236715248105,16.94212269977709,122
2026,adolescent#007,personal_twin,60,36.025708989573914,26.196789189046076,29.449187152768914,122
2026,adolescent#007,personal_twin,120,77.60467359534265,51.377728450537525,47.60610691937324,122
2026,adolescent#007,population_twin,30,39.069981968577004,27.83985852122218,30.933951788029283,122
2026,adolescent#007,population_twin,60,52.4626943406791,38.09390998749315,42.298838039743934,122
2026,adolescent#007,population_twin,120,74.47304359300844,52.81942749189205,67.4150668865556,122
2026,adolescent#007,lightgbm,30,18.198980728016092,13.595957899545432,12.521033515696299,122
2026,adolescent#007,lightgbm,60,30.611226047545898,22.88319343789746,25.21816557388627,122
2026,adolescent#007,lightgbm,120,45.5426884017575,33.23989252482146,57.28821576596546,122
2026,adolescent#007,persistence,30,37.41594992855997,26.73009106453209,24.614996906845832,122
2026,adolescent#007,persistence,60,64.20398516665227,46.945204699551056,56.59888936057896,122
2026,adolescent#007,persistence,120,94.34038151146092,74.8711038803933,124.16286702671727,122
2026,adolescent#007,cgm_trend,30,36.64444590479142,27.43113329813153,23.83628015644301,122
2026,adolescent#007,cgm_trend,60,83.6882948902304,61.37961427404309,55.59210030415123,122
2026,adolescent#007,cgm_trend,120,178.17113696717215,131.13428187702928,140.32549576267928,122
2026,adolescent#008,personal_twin,30,21.04000044166514,15.76024592728582,24.275400619015855,190
2026,adolescent#008,personal_twin,60,34.491568503731116,24.654987540723965,33.18939027189346,190
2026,adolescent#008,personal_twin,120,65.00546447010322,42.846810622167766,33.94236519520173,190
2026,adolescent#008,population_twin,30,139.81880436864935,74.13762840909432,28.430735500487877,190
2026,adolescent#008,population_twin,60,166.0917519951904,84.21050185962291,30.59273884298782,190
2026,adolescent#008,population_twin,120,151.54639347795705,66.48292410598711,42.214019083034174,190
2026,adolescent#008,lightgbm,30,15.287460778730676,11.751535927879845,14.318123831445023,190
2026,adolescent#008,lightgbm,60,25.70061681083347,18.47683547076628,22.210728880836793,190
2026,adolescent#008,lightgbm,120,35.808156204129986,26.285195579673452,41.701840142396584,190
2026,adolescent#008,persistence,30,36.23845446492565,26.32379501121941,20.50694488542469,190
2026,adolescent#008,persistence,60,62.99041504842941,46.98561885851851,38.362938969900384,190
2026,adolescent#008,persistence,120,95.4046158361847,77.5996335612816,77.9832481043938,190
2026,adolescent#008,cgm_trend,30,33.20714360209357,24.83593280920066,22.3518917288897,190
2026,adolescent#008,cgm_trend,60,75.8458933718199,54.913377144779545,41.001665616790795,190
2026,adolescent#008,cgm_trend,120,169.39589954970725,121.43964276186608,102.48317939336684,190
2026,adolescent#009,personal_twin,30,15.277130922812807,11.757613043614853,12.831501815440532,65
2026,adolescent#009,personal_twin,60,22.91963957827024,16.68415984804919,18.23089467471583,65
2026,adolescent#009,personal_twin,120,42.22923306001992,27.851014903645606,30.770281045292347,59
2026,adolescent#009,population_twin,30,24.28364680091648,18.027322341746995,17.58550061310599,65
2026,adolescent#009,population_twin,60,34.72127364722106,24.96894962629835,27.854395142927405,65
2026,adolescent#009,population_twin,120,45.47860472692548,31.948769179837612,33.56471462854229,59
2026,adolescent#009,lightgbm,30,13.56914773264298,10.185628531131055,8.137936024654488,65
2026,adolescent#009,lightgbm,60,21.104760247647835,15.824810738168074,19.294343112525745,65
2026,adolescent#009,lightgbm,120,28.435799795970166,22.01886945449101,30.61408058599225,59
2026,adolescent#009,persistence,30,22.81984106476179,16.71710601211212,14.607696779999525,65
2026,adolescent#009,persistence,60,36.60099572539679,27.24981022249217,35.82460700265979,65
2026,adolescent#009,persistence,120,54.83719695854996,42.59455963930482,80.45872468700077,59
2026,adolescent#009,cgm_trend,30,28.856689850012163,21.393864157755743,30.040111380021912,65
2026,adolescent#009,cgm_trend,60,55.22842287007816,41.52629321790404,59.62489534696908,65
2026,adolescent#009,cgm_trend,120,115.79875685603453,86.4725832873285,128.2264080453034,59
2026,adolescent#010,personal_twin,30,16.46670964413563,12.499625868834855,23.631417179001478,43
2026,adolescent#010,personal_twin,60,24.039334641786596,17.58311703336707,30.17116105551902,43
2026,adolescent#010,personal_twin,120,41.71345004773784,30.17749434875134,60.61508097106791,43
2026,adolescent#010,population_twin,30,74.20631696001331,45.425590324491644,45.81602456969769,43
2026,adolescent#010,population_twin,60,93.36492866668227,55.156624566177264,15.490821735368183,43
2026,adolescent#010,population_twin,120,77.20881227763545,48.915120717050534,39.1506837083183,43
2026,adolescent#010,lightgbm,30,17.81962373720267,13.713850741603682,22.907540257689703,43
2026,adolescent#010,lightgbm,60,30.06764272300133,22.25113477574254,43.36786256875588,43
2026,adolescent#010,lightgbm,120,44.89446238674436,33.877384721499745,81.36141723756914,43
2026,adolescent#010,persistence,30,21.683505142594882,15.791379517546082,31.577435368383906,43
2026,adolescent#010,persistence,60,35.09251629578045,24.69739146403195,61.246222455802915,43
2026,adolescent#010,persistence,120,55.28502597318293,40.58569759300565,124.85949790240977,43
2026,adolescent#010,cgm_trend,30,27.24296833833037,20.798399805844717,33.10141130905502,43
2026,adolescent#010,cgm_trend,60,51.23121286837622,38.597364635967786,64.27990618968265,43
2026,adolescent#010,cgm_trend,120,106.63665196052206,79.98521967530641,130.51099643073857,43
2026,adult#001,personal_twin,30,15.839268471337922,12.403430619761487,12.820085863412343,236
2026,adult#001,personal_twin,60,22.43402703197827,17.87123514214467,16.840013276004335,236
2026,adult#001,personal_twin,120,33.79333226231051,26.709550194138068,25.39450896193403,236
2026,adult#001,population_twin,30,24.996269366913992,18.41480470502313,14.862932454127208,236
2026,adult#001,population_twin,60,36.55614687235354,27.58306435676332,23.78006417230442,236
2026,adult#001,population_twin,120,46.80642622636888,36.71501115436287,40.25808320642475,236
2026,adult#001,lightgbm,30,14.146198627225884,10.77101640678688,13.729253629003319,236
2026,adult#001,lightgbm,60,19.929564586756705,15.218648942703485,18.78015838859458,236
2026,adult#001,lightgbm,120,25.992812924663777,20.51899204092944,28.127912152109946,236
2026,adult#001,persistence,30,19.479616619387578,14.694629645929956,13.970436573802731,236
2026,adult#001,persistence,60,29.601042898369677,22.49074712246727,18.103500150104587,236
2026,adult#001,persistence,120,40.47368134386164,31.672042770421733,33.23563856725587,236
2026,adult#001,cgm_trend,30,26.864836635747686,20.395521469444898,22.494042168378197,236
2026,adult#001,cgm_trend,60,51.83384001479861,39.74210168699805,37.11919144599852,236
2026,adult#001,cgm_trend,120,103.39966927575824,79.69724034608905,69.95764754865527,236
2026,adult#002,personal_twin,30,13.421595330373162,10.044522734479422,13.197453534487083,254
2026,adult#002,personal_twin,60,17.03351071803064,12.42689366347305,14.802213499727403,254
2026,adult#002,personal_twin,120,27.824415058174104,18.57278964284871,19.39867470207442,254
2026,adult#002,population_twin,30,25.13288876940682,17.300100811086477,14.823569623393999,254
2026,adult#002,population_twin,60,33.145413149339646,22.411999535938932,15.20348721899864,254
2026,adult#002,population_twin,120,33.2723606140264,24.741052584261844,21.908779663176674,254
2026,adult#002,lightgbm,30,11.869848383574285,8.855994111001785,12.26291904584472,254
2026,adult#002,lightgbm,60,15.384261146404606,11.950585932727064,15.690534928333106,254
2026,adult#002,lightgbm,120,22.289889943114503,17.475336143811596,23.218485516406304,254
2026,adult#002,persistence,30,16.191717263750764,12.21310431627858,14.686110935024006,254
2026,adult#002,persistence,60,23.83076971887431,17.91410374028768,21.736600283669066,254
2026,adult#002,persistence,120,36.54051578939687,28.103275763798635,41.88838426644851,254
2026,adult#002,cgm_trend,30,24.429064747456984,18.797406179045225,22.664308551400726,254
2026,adult#002,cgm_trend,60,43.58971832986144,34.06415415470239,37.51717315561351,254
2026,adult#002,cgm_trend,120,84.3702775909484,65.93271473024753,70.22166566179921,254
2026,adult#003,personal_twin,30,15.63808674076314,12.256198007016309,16.816404530943885,97
2026,adult#003,personal_twin,60,21.91837037663626,17.208175300705634,23.81816447583769,97
2026,adult#003,personal_twin,120,29.259246683865946,22.24247101876276,28.156811489343827,97
2026,adult#003,population_twin,30,56.502721764318466,36.80050629459038,17.380813790995592,97
2026,adult#003,population_twin,60,78.93790619454519,50.35465295470169,25.037155107037833,97
2026,adult#003,population_twin,120,67.81919532136658,43.61614091381146,48.81440291106884,97
2026,adult#003,lightgbm,30,17.688939121564783,13.540966366254489,17.09060183741522,97
2026,adult#003,lightgbm,60,31.925191925807304,23.802750320388704,39.058511348790354,97
2026,adult#003,lightgbm,120,45.749292356954335,35.15689281571033,69.403572138611,97
2026,adult#003,persistence,30,19.84559157551635,14.766277173729225,19.29552357676158,97
2026,adult#003,persistence,60,30.727509305893275,23.341242032632387,36.3457672105392,97
2026,adult#003,persistence,120,43.500039030709566,33.64479286990644,86.41616457815425,97
2026,adult#003,cgm_trend,30,27.956622780386276,21.60055406166356,26.674360262992103,97
2026,adult#003,cgm_trend,60,53.869323758633044,40.93693501725118,51.6923563773658,97
2026,adult#003,cgm_trend,120,107.93979370180021,80.80073346380077,136.74464653437346,97
2026,adult#004,personal_twin,30,18.429958774202582,13.281854128754855,13.285095633895258,672
2026,adult#004,personal_twin,60,26.090230078267528,17.916188831518422,13.808118031548513,666
2026,adult#004,personal_twin,120,37.836228569723595,24.692186623601938,17.90363867057692,673
2026,adult#004,population_twin,30,101.3037178292878,56.74953012694736,27.396554214739805,672
2026,adult#004,population_twin,60,116.34625887410759,65.88034597094135,35.592778031981304,666
2026,adult#004,population_twin,120,104.56964593576491,53.2394707095947,64.18071052564119,673
2026,adult#004,lightgbm,30,16.07056595522027,11.665454267486789,12.523225495214,672
2026,adult#004,lightgbm,60,24.772653208583158,18.286576295090793,20.32181984437419,666
2026,adult#004,lightgbm,120,32.79563416582488,23.991815297449882,30.65858202892576,673
2026,adult#004,persistence,30,27.72479835371567,20.22404190396516,17.761746266521364,672
2026,adult#004,persistence,60,43.75211654482175,31.687413181961574,33.876464045803985,666
2026,adult#004,persistence,120,56.63601545580748,40.83601231196106,57.33434163041699,673
2026,adult#004,cgm_trend,30,31.306771724245205,23.723087527404395,24.3513364000519,672
2026,adult#004,cgm_trend,60,67.10011283344456,49.76530457508209,47.42415407790491,666
2026,adult#004,cgm_trend,120,138.0139859851104,101.52429290452143,160.56986448426184,673
2026,adult#005,personal_twin,30,15.53806889941457,11.930903599023324,13.331065721538293,160
2026,adult#005,personal_twin,60,20.68679953120957,16.28974553980066,19.80379093195999,160
2026,adult#005,personal_twin,120,26.798686629654643,21.27631859361772,28.351725867762465,160
2026,adult#005,population_twin,30,82.23795804875903,49.6574428215452,35.40585616773108,160
2026,adult#005,population_twin,60,102.89037021981909,61.95919789473744,56.2723392463183,160
2026,adult#005,population_twin,120,72.93722900959523,50.343750395737324,75.68485350961566,160
2026,adult#005,lightgbm,30,13.13833253136466,10.025350240143782,14.504261387392216,160
2026,adult#005,lightgbm,60,17.641540498542746,13.277236317559929,25.664777782581663,160
2026,adult#005,lightgbm,120,20.523462683351212,15.766550731290106,26.938159284598566,160
2026,adult#005,persistence,30,18.49353409460023,14.25924771461804,15.641142298780574,160
2026,adult#005,persistence,60,28.0755970143758,21.736019912076507,29.04072924971945,160
2026,adult#005,persistence,120,37.011546271061945,28.87358505544759,49.862390686002584,160
2026,adult#005,cgm_trend,30,26.740616297474908,19.825749343506857,25.500905358657636,160
2026,adult#005,cgm_trend,60,51.079805635579035,38.7883510131146,47.70611639498808,160
2026,adult#005,cgm_trend,120,104.21977485902968,80.07167561730085,105.66194788773565,160
2026,adult#006,personal_twin,30,14.106256464943064,10.955297670872783,13.319303205651318,338
2026,adult#006,personal_twin,60,18.475348683048566,14.42601164345333,15.867279910445951,338
2026,adult#006,personal_twin,120,36.932572203755484,26.81356037714159,19.878754025617837,326
2026,adult#006,population_twin,30,119.09692268276085,73.37287506754039,72.7772158377859,338
2026,adult#006,population_twin,60,153.68525973970202,89.61644563674166,59.884148420965836,338
2026,adult#006,population_twin,120,129.81781857377538,69.28739246352258,37.571780875834335,326
2026,adult#006,lightgbm,30,15.712489006144203,12.507719853195436,17.91806904775616,338
2026,adult#006,lightgbm,60,24.538946806806713,19.58227658536762,32.001162905076946,338
2026,adult#006,lightgbm,120,32.6995161357134,26.176711269567964,38.49979639707163,326
2026,adult#006,persistence,30,21.35091547080086,16.80385932164094,18.36044682633003,338
2026,adult#006,persistence,60,34.22021616784127,27.111421914862362,30.90255578402317,338
2026,adult#006,persistence,120,54.238362336881565,43.34776962194973,59.30501412897147,326
2026,adult#006,cgm_trend,30,27.728334091070426,19.70881239535659,24.718269972763927,338
2026,adult#006,cgm_trend,60,50.78713442799607,37.33019204673184,47.2802730312823,338
2026,adult#006,cgm_trend,120,106.11802313953356,80.25649697252385,94.12193521996278,326
2026,adult#007,personal_twin,30,13.558367449051591,10.464654637710506,13.472093475788007,688
2026,adult#007,personal_twin,60,18.451367872682994,14.080928491989384,14.523059270305573,682
2026,adult#007,personal_twin,120,30.569219088582663,21.781518725036833,17.869055998363866,677
2026,adult#007,population_twin,30,52.59711003232432,33.58530101881157,20.440095652294943,688
2026,adult#007,population_twin,60,73.71205554067903,44.63430873600905,23.92642433888167,682
2026,adult#007,population_twin,120,69.03033326432353,40.19468317837975,44.6704019108117,677
2026,adult#007,lightgbm,30,14.7308257536938,11.584235102470295,16.901771218158302,688
2026,adult#007,lightgbm,60,22.76941384188057,18.403875121123107,26.09225637491784,682
2026,adult#007,lightgbm,120,30.31623970657371,24.91627572064631,38.16069070358983,677
2026,adult#007,persistence,30,17.957425440514175,14.139701137980943,16.179530417945074,688
2026,adult#007,persistence,60,27.606990598756827,21.676843778837032,25.085511229677536,682
2026,adult#007,persistence,120,41.3409463203562,33.144724739300614,45.57632582809903,677
2026,adult#007,cgm_trend,30,25.73377484200887,19.539760999832513,25.10748780585779,688
2026,adult#007,cgm_trend,60,47.08645903368477,35.95900579944873,42.95611956942872,682
2026,adult#007,cgm_trend,120,95.90253746086137,73.81591337362298,96.61317852396625,677
2026,adult#008,personal_twin,30,13.950579017559997,10.32953936222532,19.231328775358513,154
2026,adult#008,personal_twin,60,17.5635013159319,13.581788106479058,28.234719835296197,154
2026,adult#008,personal_twin,120,22.846198501542062,18.904981583091264,37.445268108629705,147
2026,adult#008,population_twin,30,33.235034079320435,21.598902579850865,17.8665105233642,154
2026,adult#008,population_twin,60,45.199023976068986,28.317731384406976,26.52209066031886,154
2026,adult#008,population_twin,120,37.22052154690505,25.44869385447984,42.463683473789864,147
2026,adult#008,lightgbm,30,13.66741444173123,9.968864575695275,17.969515230869817,154
2026,adult#008,lightgbm,60,19.448282736693148,14.788390067826358,23.595796303247806,154
2026,adult#008,lightgbm,120,25.989090336653746,20.64608717131742,30.059266105291076,147
2026,adult#008,persistence,30,16.18886393310124,12.051715419432988,19.25806322478039,154
2026,adult#008,persistence,60,21.91390505967954,16.707040823263757,27.142049837935136,154
2026,adult#008,persistence,120,27.909543773623678,22.22180944606325,37.92726594285325,147
2026,adult#008,cgm_trend,30,27.04330274091205,21.017808891979506,29.221326348727054,154
2026,adult#008,cgm_trend,60,49.039941426635714,38.2510689571219,56.74621489565086,154
2026,adult#008,cgm_trend,120,93.51071183101382,72.63219266802412,100.17597995624804,147
2026,adult#009,personal_twin,30,22.226780271028066,17.542398893845206,20.9130909406299,130
2026,adult#009,personal_twin,60,32.12582529005549,25.64641040835207,32.409807788724834,130
2026,adult#009,personal_twin,120,46.56719197657157,36.841428774363884,52.906328814321654,130
2026,adult#009,population_twin,30,37.02624422443802,28.219829188707514,28.183709884201402,130
2026,adult#009,population_twin,60,54.677993597698574,41.65703550908267,40.322703194336356,130
2026,adult#009,population_twin,120,66.88196429682908,51.6618316139893,58.20986297679605,130
2026,adult#009,lightgbm,30,16.658346512166343,12.542043915540942,14.931294701149781,130
2026,adult#009,lightgbm,60,24.585056736266633,18.470627864743584,25.99594642442624,130
2026,adult#009,lightgbm,120,34.24837130277898,26.447095851320228,43.39850181201195,130
2026,adult#009,persistence,30,25.325414159816823,19.356969665823595,21.26812362951192,130
2026,adult#009,persistence,60,41.180166416984896,32.234233781740805,41.234085250907796,130
2026,adult#009,persistence,120,58.244073183728595,46.501920403588706,85.77512277398425,130
2026,adult#009,cgm_trend,30,28.827934812333858,22.181236968333877,20.722053364366193,130
2026,adult#009,cgm_trend,60,59.888874502675684,45.981530279998054,44.78964982178105,130
2026,adult#009,cgm_trend,120,126.68954541541835,98.43046014835201,128.57239019315156,130
2026,adult#010,personal_twin,30,17.028966860943466,13.405735581244294,14.7726183358227,336
2026,adult#010,personal_twin,60,25.133729637976366,19.049217582713034,18.444597048571858,336
2026,adult#010,personal_twin,120,41.84095879648942,30.03095736454323,26.98539054010668,336
2026,adult#010,population_twin,30,100.44145701274279,61.0054035017784,27.854010534488705,336
2026,adult#010,population_twin,60,127.5926076242327,76.7551462759153,32.038372755257235,336
2026,adult#010,population_twin,120,100.75629489911847,62.86271287601958,46.75119785550668,336
2026,adult#010,lightgbm,30,15.764423222416113,12.036338864509032,14.695596181018692,336
2026,adult#010,lightgbm,60,23.852850504459493,18.629079142620657,21.87848659354166,336
2026,adult#010,lightgbm,120,33.60318726609289,27.14827596681345,33.81449120045436,336
2026,adult#010,persistence,30,24.96191348235258,18.962444946981908,17.6362769401907,336
2026,adult#010,persistence,60,38.6272434124323,30.569277158043512,26.543073791772116,336
2026,adult#010,persistence,120,55.28673137316016,46.86054188114351,47.21592705383734,336
2026,adult#010,cgm_trend,30,31.70003773444113,23.90322179784529,27.909975418907962,336
2026,adult#010,cgm_trend,60,61.3434004950511,46.89238446896626,45.998568647405975,336
2026,adult#010,cgm_trend,120,124.17104825033522,94.28161060080514,88.0720841570141,336
2026,child#001,personal_twin,30,20.03295243205232,14.508751464640216,15.03596114031263,513
2026,child#001,personal_twin,60,37.8135910177838,24.453838527363,20.428253181660327,513
2026,child#001,personal_twin,120,58.49352738307335,37.711921609823655,62.405935077922116,513
2026,child#001,population_twin,30,95.67153818204932,60.18192367410397,45.37110453185183,513
2026,child#001,population_twin,60,139.40305045774156,88.18346413420686,86.39705220374671,513
2026,child#001,population_twin,120,137.65435420343545,78.12763717199716,200.01112256322477,513
2026,child#001,lightgbm,30,17.18695749285115,12.776798771381895,15.737958505377321,513
2026,child#001,lightgbm,60,29.397217225063734,21.070758656276414,25.15072299462801,513
2026,child#001,lightgbm,120,39.19607983039688,28.2149641422149,36.98808291837773,513
2026,child#001,persistence,30,35.20144698136817,24.37995187418015,22.861687380589178,513
2026,child#001,persistence,60,54.844960002942365,37.654574109712115,53.2530442936404,513
2026,child#001,persistence,120,68.80756021950003,48.25060211909822,85.59446337980413,513
2026,child#001,cgm_trend,30,41.38806228577186,29.993537364448674,28.599428912119784,513
2026,child#001,cgm_trend,60,89.15787903722192,63.65733675593922,66.77975813266852,513
2026,child#001,cgm_trend,120,177.11662352395734,125.3134097130744,238.28601970837389,513
2026,child#002,personal_twin,30,16.51290169220102,12.670766565358079,14.448630205903735,582
2026,child#002,personal_twin,60,23.505756430111642,17.701414159187063,19.47725847648255,576
2026,child#002,personal_twin,120,39.34495720774211,27.862374031572514,22.825865090246715,564
2026,child#002,population_twin,30,79.91410224379159,50.35385813551417,36.61234191904458,582
2026,child#002,population_twin,60,110.21057719894036,65.31605781568322,56.45306527200769,576
2026,child#002,population_twin,120,86.82720928085895,53.81508267934836,53.56242934570297,564
2026,child#002,lightgbm,30,16.538878902698666,12.684815446181753,17.3655623411474,582
2026,child#002,lightgbm,60,25.078278368094242,19.291696677622102,27.41157518498387,576
2026,child#002,lightgbm,120,33.9187586322546,26.311304755899588,35.835496689779426,564
2026,child#002,persistence,30,21.657207247426033,15.962469371445568,17.891676792799295,582
2026,child#002,persistence,60,34.36353497576787,24.81109260906429,27.09817796821619,576
2026,child#002,persistence,120,54.560474807418856,40.21098669053506,49.587637155437285,564
2026,child#002,cgm_trend,30,27.49177514464084,20.286470257990104,26.415200983747607,582
2026,child#002,cgm_trend,60,50.15959232105028,37.50213939180946,45.080537073590655,576
2026,child#002,cgm_trend,120,103.38840125401195,78.86697940769447,88.60789187459203,564
2026,child#003,personal_twin,30,20.30461495153727,15.19499416801667,15.551248003027467,472
2026,child#003,personal_twin,60,36.98854319636567,25.49626693710114,18.570932008122004,466
2026,child#003,personal_twin,120,64.367104326689,43.594343031757866,25.427039162150013,457
2026,child#003,population_twin,30,58.516796017492105,39.633454428177416,17.809256560998357,472
2026,child#003,population_twin,60,87.56864449979697,57.9303830595524,30.681481916697265,466
2026,child#003,population_twin,120,91.37700375917187,60.367902083797354,60.720025701172865,457
2026,child#003,lightgbm,30,17.628729903303938,13.2507947779034,15.763212517111683,472
2026,child#003,lightgbm,60,31.37250697827415,23.65362461381362,30.90384328716481,466
2026,child#003,lightgbm,120,43.733609514608446,33.59166321418032,44.48000694063219,457
2026,child#003,persistence,30,36.307998751519534,25.08973747095704,19.830495505145624,472
2026,child#003,persistence,60,59.02149731712343,41.56310301857851,34.122012205197464,466
2026,child#003,persistence,120,75.52715521928904,56.46174391637314,55.165825484854686,457
2026,child#003,cgm_trend,30,39.05832237221283,27.94466519651296,26.205687531528824,472
2026,child#003,cgm_trend,60,89.62139834064412,62.21071133894606,48.81555516017013,466
2026,child#003,cgm_trend,120,186.01748188855518,132.43828494223902,139.1625881886627,457
2026,child#004,personal_twin,30,14.461279358040658,11.00606919621606,15.404188033375302,587
2026,child#004,personal_twin,60,18.093007098370524,13.414221977230644,16.000618179186514,581
2026,child#004,personal_twin,120,33.03007806155572,22.084162705320608,34.1127599511683,571
2026,child#004,population_twin,30,75.95551674352045,54.872632160560656,42.494277423350105,587
2026,child#004,population_twin,60,109.82935018982803,78.42056297793435,72.54598443661986,581
2026,child#004,population_twin,120,96.9789444636366,66.56533030787803,107.91752957425007,571
2026,child#004,lightgbm,30,15.055796997802172,11.681258397302924,15.416213615874145,587
2026,child#004,lightgbm,60,19.25114888557554,14.736848142567547,18.807722187087503,581
2026,child#004,lightgbm,120,28.380351172177413,21.77154294473615,26.791887758052596,571
2026,child#004,persistence,30,24.650944603931084,19.194374869127294,21.84915108368089,587
2026,child#004,persistence,60,37.98857673045509,28.976304016644143,38.057261853851934,581
2026,child#004,persistence,120,54.659622991444934,42.65066382078083,69.54434839707889,571
2026,child#004,cgm_trend,30,30.368332705276426,23.34230186112914,31.644178242836794,587
2026,child#004,cgm_trend,60,58.45918940705716,44.215502205579895,55.3333614507012,581
2026,child#004,cgm_trend,120,117.43164271163107,89.29777423290501,138.22470088486108,571
2026,child#005,personal_twin,30,16.06014610956226,12.067261315366084,13.936379456720266,880
2026,child#005,personal_twin,60,21.74729614559073,15.245252775852483,19.119222326009748,880
2026,child#005,personal_twin,120,39.0044767281706,24.81268181932139,37.95052442769274,880
2026,child#005,population_twin,30,164.88015881925696,97.4273620616688,132.17578180713232,880
2026,child#005,population_twin,60,212.44316697565768,117.12556694230057,174.85645616509,880
2026,child#005,population_twin,120,194.66650596279976,85.61679091389553,205.58484216702897,880
2026,child#005,lightgbm,30,14.899506365736734,11.388986678587143,14.69980011096653,880
2026,child#005,lightgbm,60,23.02064221746115,17.280085495678534,21.783177368818784,880
2026,child#005,lightgbm,120,35.71714624874807,27.832997743139877,39.44439094466119,880
2026,child#005,persistence,30,20.191225895797448,15.155195066912004,15.381238036200456,880
2026,child#005,persistence,60,31.002795037336192,22.748472301011542,21.920389688254144,880
2026,child#005,persistence,120,47.48584597011036,34.94189549790657,38.285860083047886,880
2026,child#005,cgm_trend,30,27.243355388283494,20.500790212247832,25.174209935019906,880
2026,child#005,cgm_trend,60,49.28265864315722,37.36284007603718,44.31465645226387,880
2026,child#005,cgm_trend,120,100.49644904690453,77.15496688343215,91.03104436313495,880
2026,child#006,personal_twin,30,20.37461014654795,15.243931188003632,18.900932261992704,352
2026,child#006,personal_twin,60,33.97881509669152,23.352839320239596,22.50680964373466,351
2026,child#006,personal_twin,120,58.786111248120065,36.972732760576264,49.96457943254199,340
2026,child#006,population_twin,30,127.03938598756825,71.45392950611053,36.86310981231185,352
2026,child#006,population_twin,60,177.70012020609735,94.68483813189799,49.549610390590054,351
2026,child#006,population_twin,120,193.2372987914125,86.919395848152,209.5136581051972,340
2026,child#006,lightgbm,30,16.740546880571127,12.853690852725782,14.301468348036389,352
2026,child#006,lightgbm,60,28.098393495914856,20.31318582248591,20.474481389032583,351
2026,child#006,lightgbm,120,38.03877029991946,27.116894263959487,29.844472328983613,340
2026,child#006,persistence,30,32.821898997837785,23.595736033945187,21.77226660015519,352
2026,child#006,persistence,60,54.21978467944067,38.73676322861219,44.037400122155695,351
2026,child#006,persistence,120,70.92865021749016,53.55920008543378,80.30393566243336,340
2026,child#006,cgm_trend,30,36.18092853028729,26.398891497380667,32.08567013110337,352
2026,child#006,cgm_trend,60,81.14543851744236,58.250088956944836,58.97379063454496,351
2026,child#006,cgm_trend,120,169.30094590817728,120.90454218157534,199.01318231543996,340
2026,child#007,personal_twin,30,15.206661609264772,11.323845228260764,14.596733930243243,353
2026,child#007,personal_twin,60,17.42185008524516,13.302718940037247,17.36668104483936,353
2026,child#007,personal_twin,120,22.38436066544878,16.51381042038077,24.656911540077754,353
2026,child#007,population_twin,30,89.00993848055089,54.44707469915782,37.137887974052376,353
2026,child#007,population_twin,60,114.98431631834686,67.40263543854778,46.169712381668525,353
2026,child#007,population_twin,120,90.52287213924029,50.07973310965276,82.20393268367089,353
2026,child#007,lightgbm,30,12.932794409384465,9.817485680823259,10.809906975042828,353
2026,child#007,lightgbm,60,16.15093188199296,12.05980789363884,14.06047635763402,353
2026,child#007,lightgbm,120,19.48987287346417,15.217168315047001,22.56095387778732,353
2026,child#007,persistence,30,17.713594401471248,13.6386660658468,16.54898799813319,353
2026,child#007,persistence,60,23.948947596778478,18.651806297660237,21.456952102192755,353
2026,child#007,persistence,120,32.486396394345185,24.82218148235217,33.327236649718216,353
2026,child#007,cgm_trend,30,26.718558978394448,19.944455288895618,27.801546794352483,353
2026,child#007,cgm_trend,60,46.739283634821554,35.474963970723216,44.236326374859665,353
2026,child#007,cgm_trend,120,90.3035715252943,68.94589385376636,83.39631936854951,353
2026,child#008,personal_twin,30,35.46884507644368,26.371776715618182,18.64949734624535,256
2026,child#008,personal_twin,60,65.57670699832894,44.53696288386214,29.139840064732667,256
2026,child#008,personal_twin,120,117.24450242868463,76.76059558937813,42.110782747269475,254
2026,child#008,population_twin,30,43.103917055076124,32.42497247002596,27.641141625768732,256
2026,child#008,population_twin,60,70.59776088036335,52.449074447615196,43.94615548074919,256
2026,child#008,population_twin,120,103.6108512043773,75.84581150716859,69.20565661801187,254
2026,child#008,lightgbm,30,26.762594176222652,17.319102224408052,11.615666467161235,256
2026,child#008,lightgbm,60,49.723953175439036,32.03660729208499,22.036159635205973,256
2026,child#008,lightgbm,120,65.99718430197069,47.048917131000195,42.310941822739615,254
2026,child#008,persistence,30,61.77100120760681,43.507084895279746,32.00803013056864,256
2026,child#008,persistence,60,104.58164003040456,77.12591296374465,74.0708017865036,256
2026,child#008,persistence,120,151.298137135538,119.31171422698452,174.6871995011172,254
2026,child#008,cgm_trend,30,56.50855983723021,41.113331085157284,35.43942792141545,256
2026,child#008,cgm_trend,60,135.29962781852723,97.98974613875463,60.27280519357719,256
2026,child#008,cgm_trend,120,280.59707159521093,205.76772270761182,157.7304869153469,254
2026,child#009,personal_twin,30,14.797619099965436,10.703248647065529,7.484935099557434,418
2026,child#009,personal_twin,60,22.334769550214215,15.081210691585282,9.316942274778775,412
2026,child#009,personal_twin,120,28.913117473634244,19.471114938027597,18.98475907687976,402
2026,child#009,population_twin,30,37.39852052200209,24.95909474316301,20.157591761180036,418
2026,child#009,population_twin,60,57.063794418537846,37.50589621775155,27.699970285934135,412
2026,child#009,population_twin,120,53.79503643207195,37.71143779625306,46.51052281691902,402
2026,child#009,lightgbm,30,14.498629538446854,10.65371825488225,10.55256894054017,418
2026,child#009,lightgbm,60,20.68050771661726,15.340175087197919,17.22106158656446,412
2026,child#009,lightgbm,120,24.33310241517453,18.808263263394252,25.035586061018172,402
2026,child#009,persistence,30,22.91019517745935,16.823720398517704,16.200585766886043,418
2026,child#009,persistence,60,33.89891167387063,25.227490368258103,27.63888150864526,412
2026,child#009,persistence,120,43.94573385505026,35.01338827769393,50.74607051763724,402
2026,child#009,cgm_trend,30,30.84390015263979,23.050691719650057,24.439698057210943,418
2026,child#009,cgm_trend,60,60.87880061765126,44.47302743196873,48.558669755333845,412
2026,child#009,cgm_trend,120,116.20113040795276,83.28905700759452,113.34977801920786,402
2026,child#010,personal_twin,30,21.545044690975875,13.14248780151817,13.840746043972562,293
2026,child#010,personal_twin,60,35.49429737888771,20.9365288386593,16.38258370938429,293
2026,child#010,personal_twin,120,61.64559325182867,38.194317964790265,14.744655973208936,287
2026,child#010,population_twin,30,33.82994340258154,19.391311824151238,12.896233677420868,293
2026,child#010,population_twin,60,51.74903993505673,32.4602015364041,20.947067567508434,293
2026,child#010,population_twin,120,69.31088690621633,48.5009551855782,35.275473518777154,287
2026,child#010,lightgbm,30,18.05455312511583,12.44635742888501,9.890141014012746,293
2026,child#010,lightgbm,60,31.527770840033984,21.153176622911765,17.71136890624986,293
2026,child#010,lightgbm,120,39.13780596609005,28.193162018922052,26.125630990226984,287
2026,child#010,persistence,30,36.7358684561185,25.74790739107023,18.144864795136744,293
2026,child#010,persistence,60,61.280024565704124,43.99404562074054,39.446451508878525,293
2026,child#010,persistence,120,86.51287003281537,65.38253857943451,111.6106574974585,287
2026,child#010,cgm_trend,30,39.492944961420605,28.358697612153616,24.661719879210278,293
2026,child#010,cgm_trend,60,86.48438425961918,61.659765787940344,51.202926966873456,293
2026,child#010,cgm_trend,120,183.56188722054992,130.33716082535832,160.21259733532355,287
2027,adolescent#001,personal_twin,30,12.398818069597972,9.132832371380054,12.082757726577778,331
2027,adolescent#001,personal_twin,60,12.205666476665945,9.15142625226951,11.001873141234462,332
2027,adolescent#001,personal_twin,120,16.20410957438561,11.264770355444591,13.899065747656264,320
2027,adolescent#001,population_twin,30,29.08992032904414,20.498605674117854,21.014362660344396,331
2027,adolescent#001,population_twin,60,39.810492827164346,26.47001620358106,19.39661666426438,332
2027,adolescent#001,population_twin,120,35.65756511342791,25.510390377758966,19.186051679475767,320
2027,adolescent#001,lightgbm,30,13.103632269769205,9.969170457784085,15.197481331242933,331
2027,adolescent#001,lightgbm,60,15.922872239592365,12.20436678264898,19.319554332901465,332
2027,adolescent#001,lightgbm,120,18.835676319572748,14.134145105113898,24.98612366710599,320
2027,adolescent#001,persistence,30,17.40944966559085,12.85999999326651,15.976840772011295,331
2027,adolescent#001,persistence,60,23.529848926784474,17.251439179355916,22.698484860295874,332
2027,adolescent#001,persistence,120,35.01460903667192,26.119414830856364,47.504036147202314,320
2027,adolescent#001,cgm_trend,30,27.851902038861006,20.6757354064843,28.82535644651261,331
2027,adolescent#001,cgm_trend,60,47.62433285287695,35.864646129033865,48.94291436831656,332
2027,adolescent#001,cgm_trend,120,90.97732526416338,69.4284359656478,103.48583849087987,320
2027,adolescent#002,personal_twin,30,30.97562368891398,23.45766626726415,34.56870777305829,199
2027,adolescent#002,personal_twin,60,47.157020928478204,34.02260180601283,43.12124783184431,199
2027,adolescent#002,personal_twin,120,73.76164675218205,51.258944124750464,42.16144855097946,196
2027,adolescent#002,population_twin,30,166.53722907420655,86.95977546505001,43.75663383367675,199
2027,adolescent#002,population_twin,60,229.1564979407272,113.0730090619521,53.456622069784665,199
2027,adolescent#002,population_twin,120,227.05344108129663,103.25684906205387,53.31618663917948,196
2027,adolescent#002,lightgbm,30,21.708933514382164,15.897313137951302,18.885567249307393,199
2027,adolescent#002,lightgbm,60,36.50965919605618,26.010445473377118,29.01908961825228,199
2027,adolescent#002,lightgbm,120,52.4152017506531,38.119599954940036,44.97815656454435,196
2027,adolescent#002,persistence,30,36.60762685695951,26.18358669323734,24.277995137342327,199
2027,adolescent#002,persistence,60,59.81214851143506,44.333555905511254,42.2230172509179,199
2027,adolescent#002,persistence,120,82.08970654832444,63.88913968510606,79.80142789270234,196
2027,adolescent#002,cgm_trend,30,40.48718136273427,29.352452072467962,30.075064937572062,199
2027,adolescent#002,cgm_trend,60,87.05427790658652,62.82298867636174,42.84235271717293,199
2027,adolescent#002,cgm_trend,120,180.17469706454239,131.75488288569557,108.21343938324829,196
2027,adolescent#003,personal_twin,30,16.23593232472254,12.959206239931124,15.912006737511826,192
2027,adolescent#003,personal_twin,60,25.92270962536203,20.037271573590598,19.020464285646753,192
2027,adolescent#003,personal_twin,120,43.56763575820705,33.266212614216535,21.33211114196113,184
2027,adolescent#003,population_twin,30,111.7598344308044,67.74986986792025,41.3554925918318,192
2027,adolescent#003,population_twin,60,135.87211626252667,82.42204214833724,52.92829409804598,192
2027,adolescent#003,population_twin,120,95.63955287992272,64.72428323351411,43.6065830170784,184
2027,adolescent#003,lightgbm,30,15.641811344309106,11.75647262656374,16.036970343658577,192
2027,adolescent#003,lightgbm,60,24.499617753588215,17.702896991947643,19.726793151933997,192
2027,adolescent#003,lightgbm,120,30.88162492447156,23.193882223115015,23.495362736884996,184
2027,adolescent#003,persistence,30,22.023007319905737,16.343853445274853,17.23013743446777,192
2027,adolescent#003,persistence,60,33.97402929850189,25.31022335913295,29.44679317289677,192
2027,adolescent#003,persistence,120,48.0031631477532,38.026710202572495,61.27976974230289,184
2027,adolescent#003,cgm_trend,30,29.305995134287276,21.981061739800783,26.726274299134722,192
2027,adolescent#003,cgm_trend,60,56.0988408876342,42.360287966932326,46.396824057782794,192
2027,adolescent#003,cgm_trend,120,112.18706192742991,83.50734616385799,115.22048721428185,184
2027,adolescent#004,personal_twin,30,17.499996174001573,13.191795454980864,13.641537340425288,282
2027,adolescent#004,personal_twin,60,28.477602221959796,20.57558612737574,17.173543386276712,282
2027,adolescent#004,personal_twin,120,48.57088115955019,34.28173459046099,21.88785089875604,282
2027,adolescent#004,population_twin,30,32.267269634627226,22.693232593287515,23.200209252089543,282
2027,adolescent#004,population_twin,60,47.16392982544059,32.870868856199,35.73768235955065,282
2027,adolescent#004,population_twin,120,53.25220057902619,39.573521402626625,49.70519373716595,282
2027,adolescent#004,lightgbm,30,13.84057346832897,10.61724230363205,14.10399374974898,282
2027,adolescent#004,lightgbm,60,23.98840728293427,17.847254192786565,19.342679262968012,282
2027,adolescent#004,lightgbm,120,34.60759801137864,27.38446386972239,35.159346872937704,282
2027,adolescent#004,persistence,30,23.013390686326016,16.670007509440055,17.17006916751597,282
2027,adolescent#004,persistence,60,38.38037232637342,27.717332990858427,25.321885027118398,282
2027,adolescent#004,persistence,120,57.437659421371386,44.56301119412818,47.55361257278345,282
2027,adolescent#004,cgm_trend,30,27.02993133579465,20.259656436030767,26.14379088272023,282
2027,adolescent#004,cgm_trend,60,55.30509291916663,41.310456441952006,42.585917384090315,282
2027,adolescent#004,cgm_trend,120,117.12288502890034,86.20440992455791,84.01918347202907,282
2027,adolescent#005,personal_twin,30,19.117987615686886,13.410205449131016,17.245827013080596,91
2027,adolescent#005,personal_twin,60,30.82901678328967,20.26795172091232,18.233564054231813,91
2027,adolescent#005,personal_twin,120,63.14114941307836,39.50981433069323,22.316994137738003,91
2027,adolescent#005,population_twin,30,80.01448212785817,44.284029782977456,17.779637949895367,91
2027,adolescent#005,population_twin,60,94.97208370632816,53.008100368602705,19.13124873676576,91
2027,adolescent#005,population_twin,120,84.81660186226804,53.726043438978316,41.656638268653936,91
2027,adolescent#005,lightgbm,30,14.834869780248454,11.081253423224878,11.21095597255043,91
2027,adolescent#005,lightgbm,60,27.434942505230875,19.440879732840923,18.431675087219624,91
2027,adolescent#005,lightgbm,120,46.94482686150117,32.82048543608751,50.34323616726658,91
2027,adolescent#005,persistence,30,32.57164726239131,23.581793127720395,18.95485851281216,91
2027,adolescent#005,persistence,60,57.954889643843295,41.606037984949616,31.319860486160884,91
2027,adolescent#005,persistence,120,90.97766905428587,68.71531816715523,62.28875901250549,91
2027,adolescent#005,cgm_trend,30,29.874532591066593,22.694826874596647,24.16037532176292,91
2027,adolescent#005,cgm_trend,60,66.52384508388876,49.47149047283529,39.041676114108206,91
2027,adolescent#005,cgm_trend,120,155.68209830836474,115.6220703963307,89.58950707777325,91
2027,adolescent#006,personal_twin,30,14.788031554184242,11.412955110540667,18.800130575802548,157
2027,adolescent#006,personal_twin,60,21.73239590530031,14.626212733821246,27.42158006126514,157
2027,adolescent#006,personal_twin,120,38.608612700387276,20.44152981136554,67.98360209979313,157
2027,adolescent#006,population_twin,30,174.05996168932174,98.36875258333941,118.6963560391183,157
2027,adolescent#006,population_twin,60,212.9320830088888,113.36383251411095,178.92978559049618,157
2027,adolescent#006,population_twin,120,192.04367142183133,77.94496714103927,398.4304914236632,157
2027,adolescent#006,lightgbm,30,17.68540324309389,12.998603776265947,22.40946322806332,157
2027,adolescent#006,lightgbm,60,29.818244073527403,21.697728490457973,50.938022649619285,157
2027,adolescent#006,lightgbm,120,38.48680491901732,28.548242574779295,65.43507774865553,157
2027,adolescent#006,persistence,30,24.179824685180055,17.20683444236954,25.955584966652317,157
2027,adolescent#006,persistence,60,36.756138416934064,25.1527001227184,55.74765726982743,157
2027,adolescent#006,persistence,120,45.80230940782917,33.77012056208479,66.7885322750763,157
2027,adolescent#006,cgm_trend,30,31.560164147268626,23.523797786835846,31.287489115895045,157
2027,adolescent#006,cgm_trend,60,65.58482547416803,47.69282574333919,73.35682010525508,157
2027,adolescent#006,cgm_trend,120,125.4490161599217,91.561511343489,166.55040518224027,157
2027,adolescent#007,personal_twin,30,29.441679957645952,21.48957222469665,22.669600581706213,235
2027,adolescent#007,personal_twin,60,47.203342291492426,33.46548909262874,34.90975195483809,235
2027,adolescent#007,personal_twin,120,88.44124698300853,59.64086528204422,48.65638143395216,232
2027,adolescent#007,population_twin,30,36.87237462310629,28.471423045039113,28.585125546317276,235
2027,adolescent#007,population_twin,60,53.38697877748057,39.10318697857193,38.091773225381246,235
2027,adolescent#007,population_twin,120,86.65925742917563,62.321826190856896,58.1037740729211,232
2027,adolescent#007,lightgbm,30,18.23656354634554,13.926599252610067,15.362789076048426,235
2027,adolescent#007,lightgbm,60,34.75178341517447,26.138343788185946,30.09149658379035,235
2027,adolescent#007,lightgbm,120,52.700251665865515,39.79087570862696,59.47368411308581,232
2027,adolescent#007,persistence,30,46.116983383855434,33.451900605434155,29.72534957937959,235
2027,adolescent#007,persistence,60,80.05221100326503,59.462743812444124,67.96439571451305,235
2027,adolescent#007,persistence,120,120.2832884446638,95.05334280050263,152.64529808029013,232
2027,adolescent#007,cgm_trend,30,39.42802615835598,30.077797905032433,30.80411343888969,235
2027,adolescent#007,cgm_trend,60,93.94455155537867,70.68996431873815,67.46272138354993,235
2027,adolescent#007,cgm_trend,120,205.9001461092154,154.89783002635593,137.02384621084613,232
2027,adolescent#008,personal_twin,30,21.810253833737942,15.712225257016293,19.06282398587545,160
2027,adolescent#008,personal_twin,60,36.83696611376581,25.883201803028204,28.750225330055898,160
2027,adolescent#008,personal_twin,120,77.09069524415823,51.026665710090356,46.34452603709769,158
2027,adolescent#008,population_twin,30,124.75760173820007,70.94982667076073,37.512825595223276,160
2027,adolescent#008,population_twin,60,161.84722390587748,88.86678261316455,30.14024706226529,160
2027,adolescent#008,population_twin,120,145.72152479855623,81.76532913452955,44.257473733528755,158
2027,adolescent#008,lightgbm,30,18.661503843545606,13.182173352839325,15.585544331566442,160
2027,adolescent#008,lightgbm,60,31.89929825611353,22.183850540793784,22.8647056682761,160
2027,adolescent#008,lightgbm,120,48.7411705250581,33.386399246948315,36.36108593286215,158
2027,adolescent#008,persistence,30,38.96382718721981,26.982988353988972,23.53245821421132,160
2027,adolescent#008,persistence,60,66.70008366978496,47.60542834965199,42.33294791604349,160
2027,adolescent#008,persistence,120,100.26203965996656,78.39329146008987,91.32603362454851,158
2027,adolescent#008,cgm_trend,30,35.8204461747813,26.398705799938472,29.981489659859633,160
2027,adolescent#008,cgm_trend,60,80.91785088347429,59.47320714555793,42.3623796748716,160
2027,adolescent#008,cgm_trend,120,178.31959386453283,132.61033230616127,102.4720801710907,158
2027,adolescent#009,personal_twin,30,14.765779177525216,11.41961902279608,12.417205840894862,374
2027,adolescent#009,personal_twin,60,22.43577635820176,16.166926970744896,13.722036602279909,374
2027,adolescent#009,personal_twin,120,43.057115150750164,27.73845777508443,18.062418093155166,365
2027,adolescent#009,population_twin,30,31.02423550643238,21.464846360783334,13.355642690358515,374
2027,adolescent#009,population_twin,60,45.445453353815395,29.246250128415273,14.54274531460452,374
2027,adolescent#009,population_twin,120,56.05405931648543,34.11127746265103,23.935363034923117,365
2027,adolescent#009,lightgbm,30,14.503780039766047,11.055130091685404,15.177465010658718,374
2027,adolescent#009,lightgbm,60,21.64662867612583,17.01149484697373,21.805654359089804,374
2027,adolescent#009,lightgbm,120,29.501370847575078,21.74710664184769,27.42558549975712,365
2027,adolescent#009,persistence,30,25.510877238666264,19.438122932817055,17.816587993115867,374
2027,adolescent#009,persistence,60,41.69753067848249,32.211607729066905,26.491384107348946,374
2027,adolescent#009,persistence,120,64.61607019455748,50.282494461199796,57.49511524943072,365
2027,adolescent#009,cgm_trend,30,29.618755587398837,22.434694103562425,26.360771408119444,374
2027,adolescent#009,cgm_trend,60,58.42570938936895,44.64206035021675,43.403333474951246,374
2027,adolescent#009,cgm_trend,120,122.40012922130127,92.64471218209184,95.49075122797238,365
2027,adolescent#010,personal_twin,30,14.615483701908206,10.947078424407582,8.740717384679352,102
2027,adolescent#010,personal_twin,60,20.11442643709237,15.672265328639849,13.997047420820229,102
2027,adolescent#010,personal_twin,120,32.9557085816295,25.31734071856968,29.02224211136902,102
2027,adolescent#010,population_twin,30,134.25760169230782,74.6949712988081,27.5375774589881,102
2027,adolescent#010,population_twin,60,172.96613648096405,89.55713257433491,28.61510710012102,102
2027,adolescent#010,population_twin,120,146.15536004099297,68.55721963690078,18.71832989336669,102
2027,adolescent#010,lightgbm,30,16.179975514955068,12.264008689237025,8.114956989468055,102
2027,adolescent#010,lightgbm,60,24.481178095355805,18.543404896453374,13.734946241218111,102
2027,adolescent#010,lightgbm,120,33.15053875243088,25.54008471535318,28.346611195682414,102
2027,adolescent#010,persistence,30,18.908126065341563,13.925381185553757,9.079838873769594,102
2027,adolescent#010,persistence,60,30.939066044059,22.851270874065293,16.11751817969226,102
2027,adolescent#010,persistence,120,50.92460136907756,38.811548105236966,48.619737213607664,102
2027,adolescent#010,cgm_trend,30,25.449281531896112,18.730337099514607,20.007279517724314,102
2027,adolescent#010,cgm_trend,60,46.46919688641052,34.687726506021946,34.369134538653064,102
2027,adolescent#010,cgm_trend,120,95.98514897111372,72.63776457619741,82.82710987927959,102
2027,adult#001,personal_twin,30,15.917369609977586,12.464335971238853,12.198319287671385,154
2027,adult#001,personal_twin,60,22.473235313319975,17.581981668847042,19.89892251759874,154
2027,adult#001,personal_twin,120,31.001115736215,23.18098287393678,30.125043262064672,154
2027,adult#001,population_twin,30,18.08504918634192,14.269058024151969,16.31033319873332,154
2027,adult#001,population_twin,60,27.142422211423657,20.951435223052727,29.80849173605678,154
2027,adult#001,population_twin,120,34.928356661949486,27.482573669466856,43.32443984902537,154
2027,adult#001,lightgbm,30,13.351560981514332,10.066502280651276,10.865985843375002,154
2027,adult#001,lightgbm,60,18.557749135593834,14.150083443858945,17.529718890727235,154
2027,adult#001,lightgbm,120,22.14836861240486,17.394138967051564,26.1169761166716,154
2027,adult#001,persistence,30,20.581736858808615,15.50912441602108,12.763216762633489,154
2027,adult#001,persistence,60,31.202387234586947,24.07883587408863,21.645670179510457,154
2027,adult#001,persistence,120,40.59252384826821,32.71390610971246,35.97466711610112,154
2027,adult#001,cgm_trend,30,28.897396242485446,22.249637692724516,23.38146716822491,154
2027,adult#001,cgm_trend,60,56.00287431291868,43.20475643212649,42.19658646687727,154
2027,adult#001,cgm_trend,120,112.74597198317227,86.5087193965714,87.77426192724806,154
2027,adult#002,personal_twin,30,12.606522696442509,9.485402377118879,10.683574052537244,301
2027,adult#002,personal_twin,60,16.247474188291815,11.703878062115997,9.279940628898656,301
2027,adult#002,personal_twin,120,25.16539220615226,17.574945171009677,7.077392172712745,301
2027,adult#002,population_twin,30,23.88472136583908,16.435603972922408,11.424267140748698,301
2027,adult#002,population_twin,60,31.641299346038654,21.124531356249847,13.142059814495415,301
2027,adult#002,population_twin,120,29.799401046724437,22.484639681441216,22.02087726333023,301
2027,adult#002,lightgbm,30,10.1531816367559,7.681617234551017,8.830466084141133,301
2027,adult#002,lightgbm,60,13.319923874327458,10.151426489501164,8.738153627593986,301
2027,adult#002,lightgbm,120,18.403666314338427,14.775556514102911,16.40856511473298,301
2027,adult#002,persistence,30,13.903028964274824,9.909011468128226,11.213843633545313,301
2027,adult#002,persistence,60,18.88904201316435,13.870530915329834,11.824373154131383,301
2027,adult#002,persistence,120,26.888516593930056,21.3204897309051,16.60572583706347,301
2027,adult#002,cgm_trend,30,24.690913188382194,17.98780941994931,21.944801046368497,301
2027,adult#002,cgm_trend,60,43.51417416740239,31.715896721300208,37.30691890900754,301
2027,adult#002,cgm_trend,120,82.3104250373172,59.99479632031749,57.16034922193201,301
2027,adult#003,personal_twin,30,16.049543984356575,12.632287471785862,12.836858402928176,170
2027,adult#003,personal_twin,60,22.750640138550906,18.391478981746495,23.245005456036083,166
2027,adult#003,personal_twin,120,30.292461146315055,24.260242527566714,33.47744953578909,163
2027,adult#003,population_twin,30,74.07374080566106,47.48515199425845,25.557066090205097,170
2027,adult#003,population_twin,60,93.87483847511695,60.52460914014751,40.03411861995184,166
2027,adult#003,population_twin,120,68.69068659146751,50.116012499219096,63.07720404772124,163
2027,adult#003,lightgbm,30,13.894341668478214,10.356459568577304,8.180567592563913,170
2027,adult#003,lightgbm,60,17.885300411978957,13.564563935149843,14.662896778910959,166
2027,adult#003,lightgbm,120,21.831554240505582,17.455896219962888,24.792304125203646,163
2027,adult#003,persistence,30,19.55465055358281,14.802208290423518,12.121865094798904,170
2027,adult#003,persistence,60,29.084485150350982,23.14199799550111,22.462314649856236,166
2027,adult#003,persistence,120,38.18104755666912,30.561843720781,55.762136592019225,163
2027,adult#003,cgm_trend,30,28.101150665008376,21.38560257849216,21.118633990759434,170
2027,adult#003,cgm_trend,60,53.695550250868216,40.936894926944376,43.06223906813854,166
2027,adult#003,cgm_trend,120,107.09395715756742,82.5892918838703,125.57555895821557,163
2027,adult#004,personal_twin,30,16.545980867642275,12.283066906805173,8.17719609876671,131
2027,adult#004,personal_twin,60,28.040175098464452,18.157213241269528,11.818268180677473,131
2027,adult#004,personal_twin,120,47.49635996425033,29.45194764371301,15.699946867376818,131
2027,adult#004,population_twin,30,103.17813584737125,60.76711446018343,27.572363511743337,131
2027,adult#004,population_twin,60,123.02201478483893,73.40846015567364,35.21119799278644,131
2027,adult#004,population_twin,120,116.58724317821053,69.33553133000323,43.43742648215301,131
2027,adult#004,lightgbm,30,18.39751599906905,12.615434292199472,9.067585381140272,131
2027,adult#004,lightgbm,60,32.02895811211138,20.087705934864847,11.774349256573826,131
2027,adult#004,lightgbm,120,42.65372140662627,27.33605741971785,21.912316654045604,131
2027,adult#004,persistence,30,30.27811567714216,21.00003946769874,18.41719660377833,131
2027,adult#004,persistence,60,48.94902935380405,33.406808485434354,41.53282243563379,131
2027,adult#004,persistence,120,65.30581153335922,46.738351854894105,96.63557610117913,131
2027,adult#004,cgm_trend,30,34.714210477882396,25.49186705030473,20.004762415128262,131
2027,adult#004,cgm_trend,60,74.63987841240191,53.20893004926135,47.025285231023325,131
2027,adult#004,cgm_trend,120,156.6899541885613,111.2034175557164,209.33374948775392,131
2027,adult#005,personal_twin,30,15.07486897480707,11.670969496861701,12.38280322992733,178
2027,adult#005,personal_twin,60,21.323295208993446,16.66204471765685,19.121204043754624,178
2027,adult#005,personal_twin,120,29.870640758299167,23.32721612876851,27.979329147150082,178
2027,adult#005,population_twin,30,47.44195496543594,31.116148385471845,20.550915833669453,178
2027,adult#005,population_twin,60,62.251272780950515,41.64105561514112,19.297536647531974,178
2027,adult#005,population_twin,120,53.85426539248023,42.9376512530187,35.38617029804216,178
2027,adult#005,lightgbm,30,15.001828536107471,11.65054961976523,10.937138043410679,178
2027,adult#005,lightgbm,60,23.45056148038226,18.515909081170054,18.153490057361683,178
2027,adult#005,lightgbm,120,31.372420790906393,25.227278609282262,27.23204307300084,178
2027,adult#005,persistence,30,18.866596778431006,14.605150235574134,12.721181239777396,178
2027,adult#005,persistence,60,29.91782598674957,23.27126094442043,22.895496035579516,178
2027,adult#005,persistence,120,43.14757584986646,33.519521507321684,56.679818345926066,178
2027,adult#005,cgm_trend,30,25.37166278554862,19.56564154576666,22.36455714754696,178
2027,adult#005,cgm_trend,60,49.19355225292819,37.9949384558095,41.312555360299946,178
2027,adult#005,cgm_trend,120,100.64731739500598,77.43304374393352,107.10753138405416,178
2027,adult#006,personal_twin,30,16.5104483188624,11.91197815125635,12.156171149043598,145
2027,adult#006,personal_twin,60,26.551406727308954,17.688985122390264,24.575063160900942,145
2027,adult#006,personal_twin,120,44.67289225594147,30.283925878458682,60.47962450434454,145
2027,adult#006,population_twin,30,114.63209495382937,63.36620378654311,48.09513745438586,145
2027,adult#006,population_twin,60,139.4713108265935,73.77079617924457,48.27214667664656,145
2027,adult#006,population_twin,120,108.67116681259026,56.11236205723493,48.46945946347541,145
2027,adult#006,lightgbm,30,14.775145795541214,11.219904639605469,20.757383078980308,145
2027,adult#006,lightgbm,60,27.389633293342538,18.926922346904615,44.68654879798635,145
2027,adult#006,lightgbm,120,38.73732931831773,27.845752005483543,79.02984426678492,145
2027,adult#006,persistence,30,19.752587073942085,14.985728039167457,14.211797065983646,145
2027,adult#006,persistence,60,33.29226490361963,24.98870917048988,26.601115980608125,145
2027,adult#006,persistence,120,54.63977578172411,41.4951689411703,55.21298137701853,145
2027,adult#006,cgm_trend,30,24.631121059721895,19.124673273861614,23.09550780276904,145
2027,adult#006,cgm_trend,60,46.26801167308547,35.91439425606602,40.86557283399251,145
2027,adult#006,cgm_trend,120,98.28289804070339,77.13370691070237,84.41339595583202,145
2027,adult#007,personal_twin,30,11.651655636278424,8.82926157603148,10.240762266459386,954
2027,adult#007,personal_twin,60,15.077072879693898,11.337648727101941,11.4416403874518,948
2027,adult#007,personal_twin,120,24.80387333867661,17.6916612661919,17.53683100010011,945
2027,adult#007,population_twin,30,105.73842788934044,63.66313678659071,39.19290618467621,954
2027,adult#007,population_twin,60,141.30642488200266,83.55725951047519,56.263567041520616,948
2027,adult#007,population_twin,120,117.25652011741862,65.65865547570515,106.2239277006226,945
2027,adult#007,lightgbm,30,14.314128259808216,11.736057255393161,15.146841639466178,954
2027,adult#007,lightgbm,60,22.573968095587063,18.95865999452642,25.11121617686597,948
2027,adult#007,lightgbm,120,30.961741067992694,26.463305623642636,36.312197580427274,945
2027,adult#007,persistence,30,16.64934221231275,12.761880459045058,13.274400623222775,954
2027,adult#007,persistence,60,25.33113782558485,19.725695565481356,19.66380802295965,948
2027,adult#007,persistence,120,38.41150958489518,30.579695435706935,34.60928540079454,945
2027,adult#007,cgm_trend,30,24.743000809217047,18.814991220408988,22.51728780011047,954
2027,adult#007,cgm_trend,60,44.831278997436975,34.41557369919214,39.94252182532603,948
2027,adult#007,cgm_trend,120,90.43382182926676,69.61080762783179,84.03362181558721,945
2027,adult#008,personal_twin,30,14.713602314342424,11.093442699045593,12.179680038344479,27
2027,adult#008,personal_twin,60,18.646578350271113,13.75290697122276,12.20778700160884,27
2027,adult#008,personal_twin,120,22.56348615199698,17.026907506452826,8.118080800742772,27
2027,adult#008,population_twin,30,32.0230523998427,20.63737393331299,33.28681430944034,27
2027,adult#008,population_twin,60,44.26187444058515,27.823587705139083,25.976555850386234,27
2027,adult#008,population_twin,120,36.98992681180484,26.25679156940269,15.26849164738929,27
2027,adult#008,lightgbm,30,14.933202245246585,11.459199591321196,4.3063093451173176,27
2027,adult#008,lightgbm,60,27.91581118092446,20.18445546717439,10.867486706080678,27
2027,adult#008,lightgbm,120,38.22692251659771,29.600793877090695,39.551616614547555,27
2027,adult#008,persistence,30,16.766299874871212,12.614746068567154,5.510381254619501,27
2027,adult#008,persistence,60,23.046452847799312,17.32736561417507,7.324183062743352,27
2027,adult#008,persistence,120,29.57553169997904,22.471014334845446,27.721769873068748,27
2027,adult#008,cgm_trend,30,26.738246660842137,19.743697165471133,18.529101662249897,27
2027,adult#008,cgm_trend,60,48.77804711011172,36.11400118252672,31.14902782839574,27
2027,adult#008,cgm_trend,120,93.03660105927699,69.27358526350794,81.57797105824868,27
2027,adult#009,personal_twin,30,20.1127272390427,15.955447446954588,17.70007397864029,198
2027,adult#009,personal_twin,60,29.22312242921532,23.71682556495108,30.82167401714111,198
2027,adult#009,personal_twin,120,40.66559327190202,33.003546703509215,52.184500723525616,198
2027,adult#009,population_twin,30,38.623595005070655,29.349623804345573,25.086384059023878,198
2027,adult#009,population_twin,60,55.2237786499755,42.429065660853205,39.59462964998771,198
2027,adult#009,population_twin,120,62.411969501301186,49.91918868490542,56.68063124354684,198
2027,adult#009,lightgbm,30,16.845267233266927,12.650161084368937,16.808003277233915,198
2027,adult#009,lightgbm,60,25.217909167122805,19.239412626578808,26.084785887848952,198
2027,adult#009,lightgbm,120,34.00293437975311,26.586626554755764,45.25580512620421,198
2027,adult#009,persistence,30,22.685917206872098,17.560644426653557,17.74917881837562,198
2027,adult#009,persistence,60,35.98129558409248,29.135161927683242,30.361372903212978,198
2027,adult#009,persistence,120,49.35152108279607,40.29737185991433,60.54093876342005,198
2027,adult#009,cgm_trend,30,28.16794163050275,21.412963617444653,26.493334777235333,198
2027,adult#009,cgm_trend,60,56.51188984603962,43.45369209488151,44.958302736328136,198
2027,adult#009,cgm_trend,120,118.60604388420003,92.10496369128796,108.94422485634246,198
2027,adult#010,personal_twin,30,16.562922029814498,12.303360157885827,14.552782870497975,262
2027,adult#010,personal_twin,60,26.257234591452285,18.75552620603266,13.687296802063159,256
2027,adult#010,personal_twin,120,48.30261632168471,33.19953780923627,9.04318671305323,244
2027,adult#010,population_twin,30,76.0485581215831,45.83458896808368,23.02618743281206,262
2027,adult#010,population_twin,60,108.65251022155289,61.19082398735235,27.903470140296093,256
2027,adult#010,population_twin,120,106.08980217180157,58.80693243270169,18.20079625344547,244
2027,adult#010,lightgbm,30,14.610054842288255,10.9460849098695,15.865712246840785,262
2027,adult#010,lightgbm,60,22.779880605236713,16.995017555182923,22.41734836154215,256
2027,adult#010,lightgbm,120,37.06632299446356,27.878477454125402,33.64555549806472,244
2027,adult#010,persistence,30,21.78595837512167,16.131071946680624,17.56925855923235,262
2027,adult#010,persistence,60,35.98367665022269,26.954929528859033,21.530345445683615,256
2027,adult#010,persistence,120,56.84068930801444,45.2778122371646,33.79993498169033,244
2027,adult#010,cgm_trend,30,28.1000397431071,21.093109176758503,28.616283831012428,262
2027,adult#010,cgm_trend,60,54.22368398178307,40.740154324513995,47.132264838664085,256
2027,adult#010,cgm_trend,120,111.82053494735263,85.01756753400926,72.40369361718464,244
2027,child#001,personal_twin,30,18.707731297490678,13.626509519492542,18.102452698849525,354
2027,child#001,personal_twin,60,32.24844707263534,21.7921090072966,20.93029546722286,348
2027,child#001,personal_twin,120,45.366400263061415,32.486311183359156,36.30673929539868,341
2027,child#001,population_twin,30,67.14498727115162,43.316483646483995,34.545482149509475,354
2027,child#001,population_twin,60,97.71278692875877,66.95543405790924,65.71652010407355,348
2027,child#001,population_twin,120,87.70282649730757,63.35614774425044,108.84072702754818,341
2027,child#001,lightgbm,30,18.168636914780812,13.10567974733125,16.477439317862874,354
2027,child#001,lightgbm,60,29.15052661269465,20.55416520405012,21.809484529985873,348
2027,child#001,lightgbm,120,38.097309407100866,28.009372338849875,35.776116148409685,341
2027,child#001,persistence,30,34.98611592397433,24.92051707059318,29.258291074818505,354
2027,child#001,persistence,60,54.209628077966805,38.605010446190924,58.45730333838098,348
2027,child#001,persistence,120,70.13261497182906,51.18792121822311,114.07568103685261,341
2027,child#001,cgm_trend,30,42.264256743528,30.69754612169761,37.34048733509784,354
2027,child#001,cgm_trend,60,89.1166948635218,64.25932041534388,69.70862466732808,348
2027,child#001,cgm_trend,120,177.84043033706268,126.78683818329921,254.95717863064957,341
2027,child#002,personal_twin,30,17.453794778091396,12.652975779178274,14.678090814208575,480
2027,child#002,personal_twin,60,24.756170106136935,17.659178654270015,22.854129447195454,480
2027,child#002,personal_twin,120,37.70419230666086,26.17064101856477,47.841801239624104,480
2027,child#002,population_twin,30,68.74257869884843,44.08220981378493,27.247945007385677,480
2027,child#002,population_twin,60,100.00449732598776,61.022990456865074,33.13286575664615,480
2027,child#002,population_twin,120,97.5992332650979,56.467565983214996,88.0973249518788,480
2027,child#002,lightgbm,30,27.19827456754528,18.533870074650423,19.354766035931203,480
2027,child#002,lightgbm,60,42.34685335414043,28.982526167513807,28.968987481933386,480
2027,child#002,lightgbm,120,61.6517218896169,50.21844934871124,68.01780169904322,480
2027,child#002,persistence,30,21.677448838137643,16.197993063912328,19.414034405958866,480
2027,child#002,persistence,60,34.71208503790121,25.34501120042351,31.619886889805088,480
2027,child#002,persistence,120,53.67436292389937,40.39035761159836,60.09620256005463,480
2027,child#002,cgm_trend,30,28.3144563227299,21.75017507894643,27.380236542295076,480
2027,child#002,cgm_trend,60,53.24545998542474,40.98733109265395,49.56418134562574,480
2027,child#002,cgm_trend,120,110.14184004847353,84.08158065244656,114.70851417075237,480
2027,child#003,personal_twin,30,20.39308673738781,15.628918868462607,14.456763678884265,395
2027,child#003,personal_twin,60,33.757394022212054,24.617299691635054,23.642598437961382,401
2027,child#003,personal_twin,120,52.36400032599853,37.7119537459055,37.56299218856245,399
2027,child#003,population_twin,30,34.26119885476658,24.43396479167902,16.0182518379949,395
2027,child#003,population_twin,60,53.751142066222094,38.370971342123546,30.907139850547196,401
2027,child#003,population_twin,120,66.09907671391534,47.593054839413654,59.9176370360575,399
2027,child#003,lightgbm,30,18.259533701629753,14.072402755680042,13.910262864748569,395
2027,child#003,lightgbm,60,30.669483425567847,23.36908194087492,25.126293140971125,401
2027,child#003,lightgbm,120,41.906328669569405,32.4880459169593,39.816834505187856,399
2027,child#003,persistence,30,33.27585155974473,23.97269399448968,19.81136752834896,395
2027,child#003,persistence,60,53.32582592466616,38.531054979439055,46.15573868185825,401
2027,child#003,persistence,120,66.73919899770479,50.4593861495083,70.43923376478405,399
2027,child#003,cgm_trend,30,38.27397349481352,28.406578419515956,25.710350322197574,395
2027,child#003,cgm_trend,60,84.42125804819976,62.37065588497706,56.76980070854851,401
2027,child#003,cgm_trend,120,172.4745714718559,126.92529907567919,178.49370781122445,399
2027,child#004,personal_twin,30,15.41414575830768,11.210416409482264,15.438901930198597,562
2027,child#004,personal_twin,60,22.27862679411402,15.459951142726476,18.78695869265524,556
2027,child#004,personal_twin,120,44.559441531113315,28.020252162179894,52.1546707861307,544
2027,child#004,population_twin,30,68.1050228098894,45.757974285728935,30.112145755272348,562
2027,child#004,population_twin,60,100.02455437569742,63.94726907536559,55.503359246266555,556
2027,child#004,population_twin,120,101.82733578091033,58.165371476039425,125.27227463822955,544
2027,child#004,lightgbm,30,14.891027080105196,11.008965670519249,14.110308103167549,562
2027,child#004,lightgbm,60,23.069310736429117,17.248345628700566,20.234979002043435,556
2027,child#004,lightgbm,120,35.41508152305849,26.629447477910755,33.892841969807925,544
2027,child#004,persistence,30,25.762334786539345,18.116027685412533,21.825920786996104,562
2027,child#004,persistence,60,41.07596652126934,28.593059868121518,43.85529564368996,556
2027,child#004,persistence,120,58.54947833651723,43.89527643486526,78.37431270044205,544
2027,child#004,cgm_trend,30,30.585751450763127,22.229676172837294,29.657677753896632,562
2027,child#004,cgm_trend,60,62.46103608666046,44.802259852123036,60.123173158234174,556
2027,child#004,cgm_trend,120,126.32254156266512,91.79144847163158,162.5211170068299,544
2027,child#005,personal_twin,30,15.87067974550812,12.056413420321295,11.737684385138161,589
2027,child#005,personal_twin,60,21.032828448586862,15.508448831307394,13.874450039569403,583
2027,child#005,personal_twin,120,41.911654782319815,26.478362473211053,27.385736324314966,572
2027,child#005,population_twin,30,118.41686645216126,74.13284841085795,102.81500092045111,589
2027,child#005,population_twin,60,152.90338058457567,90.59468810272571,124.68895045234183,583
2027,child#005,population_twin,120,132.58808025517018,68.7375049245351,70.56937683383354,572
2027,child#005,lightgbm,30,12.86663330739597,9.578370081645303,9.983977408222552,589
2027,child#005,lightgbm,60,19.03874296722005,14.340599375135415,15.481713661048673,583
2027,child#005,lightgbm,120,34.18366821570336,25.123655546772255,34.80840117496143,572
2027,child#005,persistence,30,22.039742224981516,15.61863688567408,13.855371826157128,589
2027,child#005,persistence,60,35.95274842460478,24.223176414753002,20.464350654416172,583
2027,child#005,persistence,120,54.628994163559724,36.95483409124175,36.03052686409764,572
2027,child#005,cgm_trend,30,26.453934158229128,19.850906183321968,24.168546778890956,589
2027,child#005,cgm_trend,60,51.47266064098474,38.002929441568085,42.23639450603731,583
2027,child#005,cgm_trend,120,109.47420902249004,80.00963093544466,82.30194455652968,572
2027,child#006,personal_twin,30,19.67551606149887,15.279525214291665,15.915312612517623,367
2027,child#006,personal_twin,60,29.13474435495834,21.968901816010117,21.71958965589441,367
2027,child#006,personal_twin,120,44.57704563816721,31.524615415327474,30.01046749536085,368
2027,child#006,population_twin,30,102.66385652493595,66.57651062104807,40.89236284775753,367
2027,child#006,population_twin,60,138.0928018984402,87.2979635919269,61.15057824860279,367
2027,child#006,population_twin,120,131.0537997390179,74.17683486653858,111.22503561627146,368
2027,child#006,lightgbm,30,17.361845986351923,13.136089504918155,18.18048000005822,367
2027,child#006,lightgbm,60,27.13561336442527,20.431493937022573,25.994445054133482,367
2027,child#006,lightgbm,120,34.518589591850265,26.488857674665134,30.434856612470977,368
2027,child#006,persistence,30,30.017445433348968,22.620209988462726,22.245403306914575,367
2027,child#006,persistence,60,47.59890130205375,35.88612178685634,41.01382086629856,367
2027,child#006,persistence,120,64.1552541368688,50.059180718898894,76.14897734740283,368
2027,child#006,cgm_trend,30,33.892957446533636,25.511813093210648,30.569375942391105,367
2027,child#006,cgm_trend,60,71.98977389406558,53.95058381031145,56.54368756602835,367
2027,child#006,cgm_trend,120,147.87792551092892,111.48372280012605,179.6332559317095,368
2027,child#007,personal_twin,30,13.616399184408504,10.510065378762555,13.913342529867938,272
2027,child#007,personal_twin,60,15.999679879712279,12.654235471480124,17.429894924599413,268
2027,child#007,personal_twin,120,24.15201491684169,16.96985154094492,25.792156439394983,268
2027,child#007,population_twin,30,50.37643434079605,33.92025753249442,26.96774241028056,272
2027,child#007,population_twin,60,70.37316077163483,45.26030930964957,28.481224739276932,268
2027,child#007,population_twin,120,62.953124121118655,39.94633529536581,48.01014857644672,268
2027,child#007,lightgbm,30,12.54585562376825,9.607522205116378,12.173432739436938,272
2027,child#007,lightgbm,60,16.09507068881874,12.556158992617053,16.457137260994777,268
2027,child#007,lightgbm,120,23.814183008227104,17.91834753903797,24.21784154291443,268
2027,child#007,persistence,30,17.2007443997993,12.886208355996015,16.36733106098325,272
2027,child#007,persistence,60,24.058423562549116,18.306353500695984,27.954216556106775,268
2027,child#007,persistence,120,35.11280670784673,26.767027922108582,53.18897772042811,268
2027,child#007,cgm_trend,30,26.816138428396588,20.06613626243873,23.922760042505704,272
2027,child#007,cgm_trend,60,46.99247941959005,35.74867836190642,52.805920707655446,268
2027,child#007,cgm_trend,120,90.97523406675846,70.1552219565931,115.0677859350672,268
2027,child#008,personal_twin,30,36.00857607219079,26.60360173421566,23.488468783608965,329
2027,child#008,personal_twin,60,61.77271202956622,42.26052594621767,28.641919213929356,329
2027,child#008,personal_twin,120,103.83746238158733,68.11246252482107,29.031478743515013,329
2027,child#008,population_twin,30,39.11378837960204,29.23835199289851,23.264092986427546,329
2027,child#008,population_twin,60,66.35005401801774,49.44265153985675,40.30215013131149,329
2027,child#008,population_twin,120,96.07676268064192,72.69205388136467,67.25592632159751,329
2027,child#008,lightgbm,30,25.05123473184029,16.774463030150166,13.795936073897378,329
2027,child#008,lightgbm,60,47.23966457817814,32.034889629298966,42.40502414399049,329
2027,child#008,lightgbm,120,62.258282783675824,45.52700908995584,71.03270514657414,329
2027,child#008,persistence,30,58.16069627732056,40.44839341089971,27.631415500815233,329
2027,child#008,persistence,60,97.28864276171333,70.8571020250295,58.23383785858388,329
2027,child#008,persistence,120,139.83563603937264,111.58544839498597,122.88457574593211,329
2027,child#008,cgm_trend,30,56.01964634023919,40.30787291057273,28.160886487625373,329
2027,child#008,cgm_trend,60,131.026384070846,92.83450751099359,49.778367350367894,329
2027,child#008,cgm_trend,120,266.1360911418336,190.6544253450637,134.87415351246756,329
2027,child#009,personal_twin,30,14.258720255192069,10.521003565944072,15.146196914228234,246
2027,child#009,personal_twin,60,22.571329256520862,15.11183854666977,17.641228612726636,246
2027,child#009,personal_twin,120,35.770924787722564,22.737545754501447,50.221777949934484,249
2027,child#009,population_twin,30,43.958712505001714,31.725639873000652,29.453043001399966,246
2027,child#009,population_twin,60,66.35243285734929,46.69906252282117,40.40579614048131,246
2027,child#009,population_twin,120,61.84188438214989,46.20768089958814,68.28084832259118,249
2027,child#009,lightgbm,30,14.66117092246118,10.41378471561426,11.784366462567553,246
2027,child#009,lightgbm,60,20.190859790091373,14.294013829195176,19.356488002562955,246
2027,child#009,lightgbm,120,30.90006455941316,20.723093545139825,39.409369212155404,249
2027,child#009,persistence,30,25.598138499882765,17.430536007213888,24.994956502893274,246
2027,child#009,persistence,60,39.73021392158654,27.425915477155854,53.93436639707851,246
2027,child#009,persistence,120,54.93144326287879,39.98162506485432,87.01748088405554,249
2027,child#009,cgm_trend,30,32.49414856253861,23.90375640438474,31.442303295156407,246
2027,child#009,cgm_trend,60,65.80856919519172,46.93374710235605,68.61440111228207,246
2027,child#009,cgm_trend,120,129.18889670058195,91.1379602227412,174.08745257299537,249
2027,child#010,personal_twin,30,16.41664890118725,12.238407288121007,12.93481264716034,215
2027,child#010,personal_twin,60,34.500625756339225,21.451605335143594,15.688666765828042,215
2027,child#010,personal_twin,120,72.15617345295415,42.91598989475767,33.2289118055868,215
2027,child#010,population_twin,30,17.768595767191446,12.695683707187529,13.612703274170919,215
2027,child#010,population_twin,60,35.11477631420629,21.881659463212344,16.209099124871923,215
2027,child#010,population_twin,120,68.73626528484823,42.88740196916707,31.78727791406595,215
2027,child#010,lightgbm,30,17.786983541512605,12.530789127792804,10.160976782280958,215
2027,child#010,lightgbm,60,36.109916251069826,24.06392710462462,24.721557604740614,215
2027,child#010,lightgbm,120,51.718200834869165,36.67169493041241,35.012364600935356,215
2027,child#010,persistence,30,37.6202549443272,25.31910215888295,21.531935243012914,215
2027,child#010,persistence,60,64.43268822467114,44.245561148878586,49.5623254133695,215
2027,child#010,persistence,120,93.98528361454032,69.30236995611311,121.45087255550166,215
2027,child#010,cgm_trend,30,37.73740077629344,27.188437292222922,29.66647775592291,215
2027,child#010,cgm_trend,60,85.48762241202064,59.64243426716681,64.32398958139073,215
2027,child#010,cgm_trend,120,187.28568081109654,129.24199559158754,141.55539467296904,215
2028,adolescent#001,personal_twin,30,10.097596596058557,7.667981782119602,10.09870442709041,600
2028,adolescent#001,personal_twin,60,10.16873277054532,8.084692382346963,9.916789638589252,600
2028,adolescent#001,personal_twin,120,12.039019126398976,9.125251606162657,9.916945271649176,600
2028,adolescent#001,population_twin,30,52.146492408714856,33.235273959114444,25.219086820869254,600
2028,adolescent#001,population_twin,60,69.35824528335041,42.99821445568068,24.676183138749597,600
2028,adolescent#001,population_twin,120,50.94994389382536,33.50839956008661,29.50574996289078,600
2028,adolescent#001,lightgbm,30,13.212825176699617,10.46436047731931,12.391166543188353,600
2028,adolescent#001,lightgbm,60,16.714710775798192,13.773407945985642,16.594536882965674,600
2028,adolescent#001,lightgbm,120,22.531178093231848,18.89960789766475,24.218099759877656,600
2028,adolescent#001,persistence,30,15.122442134852168,11.717897434419353,14.352752527097623,600
2028,adolescent#001,persistence,60,21.09333041790287,16.49881446406177,17.653279876039626,600
2028,adolescent#001,persistence,120,32.14267670468509,25.800278342557828,28.85844366277409,600
2028,adolescent#001,cgm_trend,30,26.038151059982372,19.442392734345077,27.51915234057371,600
2028,adolescent#001,cgm_trend,60,45.21549196865706,34.378219361552226,46.622742928893345,600
2028,adolescent#001,cgm_trend,120,86.67973010735459,66.62962180715428,90.04704453753342,600
2028,adolescent#002,personal_twin,30,24.924099490735074,19.90050472946962,21.389854622535157,182
2028,adolescent#002,personal_twin,60,42.90345994037561,33.09548329784219,35.618042625458514,182
2028,adolescent#002,personal_twin,120,70.14849272358774,53.039357356721645,69.53131000434504,182
2028,adolescent#002,population_twin,30,107.36638839968673,67.79465192542398,33.18317236907048,182
2028,adolescent#002,population_twin,60,141.9707208951209,88.30243209061841,40.389079220753565,182
2028,adolescent#002,population_twin,120,127.02098860525133,79.28323010483243,67.91344320605053,182
2028,adolescent#002,lightgbm,30,18.111618239105685,13.736293410680712,20.577748198678716,182
2028,adolescent#002,lightgbm,60,30.678724725956485,22.60896323676623,34.56502816373285,182
2028,adolescent#002,lightgbm,120,41.824124788377844,31.305975058506586,63.252980087851995,182
2028,adolescent#002,persistence,30,36.59195192791161,26.417059815904288,29.76954607998189,182
2028,adolescent#002,persistence,60,61.05132193469396,45.59482863184198,55.57959579975391,182
2028,adolescent#002,persistence,120,86.69337118441054,68.72721683907783,115.32872113014643,182
2028,adolescent#002,cgm_trend,30,38.22840339466992,27.975166877572928,30.263046029019897,182
2028,adolescent#002,cgm_trend,60,84.44499590980796,61.54183410406325,48.518617710208495,182
2028,adolescent#002,cgm_trend,120,180.0689990682158,132.75184824920177,125.73760160160522,182
2028,adolescent#003,personal_twin,30,17.71392307367907,13.600672171483621,13.411204597964838,345
2028,adolescent#003,personal_twin,60,26.176517279463607,19.34280651206668,16.51302340896597,345
2028,adolescent#003,personal_twin,120,45.83211058303598,31.705058680432774,23.36259906985316,345
2028,adolescent#003,population_twin,30,141.22733785781796,78.60453606537179,49.59011317886769,345
2028,adolescent#003,population_twin,60,183.40472230914438,98.57055852053311,71.15638633841284,345
2028,adolescent#003,population_twin,120,155.26515111779725,79.75243028280748,88.58748796107866,345
2028,adolescent#003,lightgbm,30,16.082516926651742,12.163479424093241,15.450680225828057,345
2028,adolescent#003,lightgbm,60,25.375224374845963,18.460438886271632,22.25201921690645,345
2028,adolescent#003,lightgbm,120,35.510803295280624,26.48866584059914,33.99613826496636,345
2028,adolescent#003,persistence,30,25.839934384202593,19.47643312980483,20.30096158121679,345
2028,adolescent#003,persistence,60,40.97567596974335,30.749848050991194,31.8513491192584,345
2028,adolescent#003,persistence,120,59.21627049264225,46.52653288281745,55.90607969967304,345
2028,adolescent#003,cgm_trend,30,31.526201646302383,23.78132803731801,26.40234073469095,345
2028,adolescent#003,cgm_trend,60,62.70868340803931,46.61559757560041,43.075145921047,345
2028,adolescent#003,cgm_trend,120,127.94916649290599,94.2203433160204,97.03701422746693,345
2028,adolescent#004,personal_twin,30,20.45242439083741,15.196772110272846,12.584239386704924,150
2028,adolescent#004,personal_twin,60,31.871977816734884,23.54754038810476,17.53965429988013,150
2028,adolescent#004,personal_twin,120,56.032207037563325,40.70501357538948,21.789532564419577,150
2028,adolescent#004,population_twin,30,50.65574359763528,36.513308239885085,27.406282513163603,150
2028,adolescent#004,population_twin,60,70.82115213746938,50.657405619267834,32.80033381561103,150
2028,adolescent#004,population_twin,120,78.79121624142957,58.07445351855583,37.204806330964686,150
2028,adolescent#004,lightgbm,30,16.370519486643374,12.338339212512812,10.4750285912707,150
2028,adolescent#004,lightgbm,60,25.892054682661108,19.50855044496416,18.009997430363185,150
2028,adolescent#004,lightgbm,120,38.8105849090912,30.62889640760421,37.072695645416296,150
2028,adolescent#004,persistence,30,27.097598986650794,19.22124415316746,14.904219361061822,150
2028,adolescent#004,persistence,60,45.5971422404835,33.073084253663275,29.17987526558876,150
2028,adolescent#004,persistence,120,71.98706653416396,56.65495633982719,66.21802310539924,150
2028,adolescent#004,cgm_trend,30,30.806728998722402,23.015303242458476,26.453774573137046,150
2028,adolescent#004,cgm_trend,60,61.49186948549836,45.77472742847779,44.722553278015646,150
2028,adolescent#004,cgm_trend,120,130.08612940006515,96.75543488335094,81.02063921276911,150
2028,adolescent#005,personal_twin,30,21.333280875665565,14.93720911384917,8.567284881964412,121
2028,adolescent#005,personal_twin,60,35.16139731084316,23.64155790037074,10.972137003402388,121
2028,adolescent#005,personal_twin,120,67.8538476918157,43.281245028553776,15.05463192565014,121
2028,adolescent#005,population_twin,30,56.231348709843175,33.32180671932488,12.1056730992864,121
2028,adolescent#005,population_twin,60,67.4244151233625,40.524762152761774,8.201079276884624,121
2028,adolescent#005,population_twin,120,74.98332795479706,51.029744650040534,20.188012213993062,121
2028,adolescent#005,lightgbm,30,14.67998627844323,11.380959151434874,10.40277352450678,121
2028,adolescent#005,lightgbm,60,26.17043027954245,18.406385106402634,13.438723864805842,121
2028,adolescent#005,lightgbm,120,45.51833455039906,31.923692356314586,21.18125326708453,121
2028,adolescent#005,persistence,30,33.99697875559933,25.187690945246953,17.840956871611027,121
2028,adolescent#005,persistence,60,60.32174070747623,45.03023756509816,33.24197567789806,121
2028,adolescent#005,persistence,120,95.06740139242298,74.04507889909955,99.97652177098458,121
2028,adolescent#005,cgm_trend,30,30.66483116069093,23.41142398629234,24.19611679476608,121
2028,adolescent#005,cgm_trend,60,67.87492691801403,51.15470213030503,47.403369488082426,121
2028,adolescent#005,cgm_trend,120,158.4051416226876,119.40240265400182,113.65657316050797,121
2028,adolescent#006,personal_twin,30,15.860122152532059,12.050806046158904,20.280233714990906,111
2028,adolescent#006,personal_twin,60,25.353020650171,16.81233033341342,27.904119140845886,111
2028,adolescent#006,personal_twin,120,48.81158347522531,26.33392274579031,80.40786354211093,118
2028,adolescent#006,population_twin,30,149.29327127819343,87.20497681732623,87.96587174128975,111
2028,adolescent#006,population_twin,60,203.38037825478992,110.30292584087752,161.64633635318089,111
2028,adolescent#006,population_twin,120,198.1383497155243,89.15231697067917,356.5115624460295,118
2028,adolescent#006,lightgbm,30,15.210589617911433,11.033751141867647,18.93101223228594,111
2028,adolescent#006,lightgbm,60,24.683879913033824,17.33709093467559,25.8105163996516,111
2028,adolescent#006,lightgbm,120,38.24140614039864,25.38193571494537,58.38193884553061,118
2028,adolescent#006,persistence,30,28.853816142926018,19.404009751529834,29.19424612262656,111
2028,adolescent#006,persistence,60,45.68482873227997,29.669151448817495,60.47228928786999,111
2028,adolescent#006,persistence,120,55.32577577995192,38.94864113142875,82.41624814682741,118
2028,adolescent#006,cgm_trend,30,34.46621553878823,25.334524178290938,33.88316447281292,111
2028,adolescent#006,cgm_trend,60,75.99997454539265,53.32727843041633,54.432417277881534,111
2028,adolescent#006,cgm_trend,120,149.60118045364464,104.33496366579637,159.83843213632682,118
2028,adolescent#007,personal_twin,30,22.322157498828545,17.241359099243788,21.736252123927216,284
2028,adolescent#007,personal_twin,60,34.30021313467786,25.096727375127777,26.290566727904203,284
2028,adolescent#007,personal_twin,120,70.93847874309188,47.16566713511044,25.44348304172332,275
2028,adolescent#007,population_twin,30,38.153159056855536,26.22501105090585,21.445192255836712,284
2028,adolescent#007,population_twin,60,49.12557659583605,35.02461555506794,30.17050721436032,284
2028,adolescent#007,population_twin,120,70.38079609227948,49.04378382207667,42.63514129977447,275
2028,adolescent#007,lightgbm,30,17.37312123336096,13.485402611590212,15.38376574784613,284
2028,adolescent#007,lightgbm,60,29.728155957454625,23.13608540701295,26.235364595601812,284
2028,adolescent#007,lightgbm,120,44.93753190275834,34.05829878074171,48.82903108329853,275
2028,adolescent#007,persistence,30,39.13136474617887,28.396375191852158,23.7513438675907,284
2028,adolescent#007,persistence,60,66.4766507356413,49.54363682080291,44.14695493812691,284
2028,adolescent#007,persistence,120,96.10062827649638,78.33175658750905,95.98514458264471,275
2028,adolescent#007,cgm_trend,30,37.68423992481467,27.918673832806164,26.374192602994427,284
2028,adolescent#007,cgm_trend,60,86.90577277407102,63.537953643198975,53.34628811859957,284
2028,adolescent#007,cgm_trend,120,181.0720437125872,132.24690547142248,96.73778380747724,275
2028,adolescent#008,personal_twin,30,21.083641902279698,16.031609253507263,16.579275765133882,104
2028,adolescent#008,personal_twin,60,35.4188849239525,24.742811467816885,25.64067548483604,104
2028,adolescent#008,personal_twin,120,75.85474208964085,48.384376179386024,36.56540088203809,104
2028,adolescent#008,population_twin,30,146.25088206689136,76.88922001032275,21.129540251372042,104
2028,adolescent#008,population_twin,60,181.34586247857317,92.52456462502654,20.808078597315006,104
2028,adolescent#008,population_twin,120,168.32182427321766,84.26682301409095,30.367736030399687,104
2028,adolescent#008,lightgbm,30,18.49060016974155,14.059164565919946,14.201576605229338,104
2028,adolescent#008,lightgbm,60,31.02152406972201,22.704529684150433,28.988961377246042,104
2028,adolescent#008,lightgbm,120,48.13170947829024,34.24824018257321,70.22373823190149,104
2028,adolescent#008,persistence,30,39.375686701120564,29.415076094105014,22.567210337014934,104
2028,adolescent#008,persistence,60,67.19654859352657,50.37045678167392,44.28127442235131,104
2028,adolescent#008,persistence,120,101.14006110237366,81.3661999385674,99.14221004420199,104
2028,adolescent#008,cgm_trend,30,35.04599245479007,26.610972730413632,26.188149138686672,104
2028,adolescent#008,cgm_trend,60,79.23152576738784,59.30811464254222,44.91537634654982,104
2028,adolescent#008,cgm_trend,120,175.71028774817808,131.0915255421119,107.95005486691487,104
2028,adolescent#009,personal_twin,30,12.90367515714539,9.989565029274782,9.737171819279313,282
2028,adolescent#009,personal_twin,60,19.23130977066274,13.803354555305603,12.396865848919427,282
2028,adolescent#009,personal_twin,120,35.6060062694039,23.757759040060822,14.87340846698491,282
2028,adolescent#009,population_twin,30,27.838517673047615,19.014239015571903,9.447794523654396,282
2028,adolescent#009,population_twin,60,38.261038115672875,25.405635218876707,13.642673783404506,282
2028,adolescent#009,population_twin,120,42.015369230316566,29.713107273703194,19.63451469517363,282
2028,adolescent#009,lightgbm,30,12.951743112786513,10.191940541827028,11.989090369236242,282
2028,adolescent#009,lightgbm,60,20.818659282620732,15.758770808466334,18.19136211333658,282
2028,adolescent#009,lightgbm,120,29.510171783256318,23.40903744673132,27.52083781945105,282
2028,adolescent#009,persistence,30,21.748145687035898,15.90078948618927,16.05441533147613,282
2028,adolescent#009,persistence,60,35.154026143220946,26.382713355822716,27.475569077049137,282
2028,adolescent#009,persistence,120,54.02525620718001,43.25744443077647,57.09608654575904,282
2028,adolescent#009,cgm_trend,30,27.64298928043721,20.875081400024932,25.982197722868953,282
2028,adolescent#009,cgm_trend,60,52.977104203201066,40.566183475364134,45.93154770554017,282
2028,adolescent#009,cgm_trend,120,109.5129774613267,84.48721334106938,81.29781748894038,282
2028,adolescent#010,personal_twin,30,15.16547954170696,11.945425662184114,12.646115995235812,125
2028,adolescent#010,personal_twin,60,21.173892859879015,16.618912426828913,11.629853937416458,125
2028,adolescent#010,personal_twin,120,37.56556501236098,27.823367932087873,19.558459014668045,125
2028,adolescent#010,population_twin,30,87.16110048188551,55.31774248896748,25.87274441844959,125
2028,adolescent#010,population_twin,60,111.13584822561269,67.9701037269509,31.27884502608451,125
2028,adolescent#010,population_twin,120,90.93150836603013,56.232420167807454,31.484395100694528,125
2028,adolescent#010,lightgbm,30,17.369618570971692,13.55842096955201,8.77172957365197,125
2028,adolescent#010,lightgbm,60,25.8309722617034,20.566123853330563,16.641514920884852,125
2028,adolescent#010,lightgbm,120,38.66095092146803,31.035169989195833,25.50129798395314,125
2028,adolescent#010,persistence,30,18.257910442320053,14.13579412559369,12.06534989499073,125
2028,adolescent#010,persistence,60,28.789032862474908,21.871713663099154,17.39107599291843,125
2028,adolescent#010,persistence,120,47.76248114204068,36.537221085422715,44.34058822814104,125
2028,adolescent#010,cgm_trend,30,26.064032735125142,19.412185720933884,22.363614231032162,125
2028,adolescent#010,cgm_trend,60,45.850214126587126,34.453534377698176,40.30741576328159,125
2028,adolescent#010,cgm_trend,120,92.61841342615061,70.94569134373627,93.48528642193624,125
2028,adult#001,personal_twin,30,18.257930592574187,13.368919377667819,10.469486798391499,137
2028,adult#001,personal_twin,60,25.34315368885816,19.205684048476325,16.974099845065478,137
2028,adult#001,personal_twin,120,37.49189526993945,28.65001407530989,31.207810838663985,137
2028,adult#001,population_twin,30,26.37897675648533,19.254529752009766,11.863521779683126,137
2028,adult#001,population_twin,60,37.74393980497172,27.724662645054824,22.14614283589981,137
2028,adult#001,population_twin,120,48.819539565414104,37.229612562771706,39.489847525518115,137
2028,adult#001,lightgbm,30,14.067206791294955,10.297798508026979,8.86186594413587,137
2028,adult#001,lightgbm,60,19.43880614631688,14.540349159289757,19.149812670143053,137
2028,adult#001,lightgbm,120,26.391905804927294,20.40089093298792,39.78312303278747,137
2028,adult#001,persistence,30,21.351205510657568,15.270966700534412,12.614743363511142,137
2028,adult#001,persistence,60,32.14999471050993,23.88953368310882,24.245004824770426,137
2028,adult#001,persistence,120,43.46383009366809,33.62111850158895,47.38376587779849,137
2028,adult#001,cgm_trend,30,29.267722706326694,21.79895959674951,22.225476891908016,137
2028,adult#001,cgm_trend,60,56.02336421747311,42.94336648133231,42.434703600803545,137
2028,adult#001,cgm_trend,120,111.52870567175513,84.87123182910676,73.79671605933635,137
2028,adult#002,personal_twin,30,11.922112301309559,9.48455348356019,10.48482780995029,422
2028,adult#002,personal_twin,60,14.037214125465452,11.102486800222453,11.794054514089478,416
2028,adult#002,personal_twin,120,21.05520346570019,15.110601358934183,13.916845138659964,404
2028,adult#002,population_twin,30,89.37332097178545,53.70411413412898,33.90890261999445,422
2028,adult#002,population_twin,60,117.06448635441141,66.44045146428864,36.53153548497537,416
2028,adult#002,population_twin,120,98.16896775376355,49.279195814819005,41.76947491064178,404
2028,adult#002,lightgbm,30,13.195097138633212,10.17507300288632,14.856875847468654,422
2028,adult#002,lightgbm,60,16.109314778180078,12.955242573297895,20.611935072859623,416
2028,adult#002,lightgbm,120,20.100574691219254,15.8806360354398,27.47232543017728,404
2028,adult#002,persistence,30,15.360480434557584,11.92839556958265,13.89989176299857,422
2028,adult#002,persistence,60,21.702050887760983,16.815591759558476,20.102609843084206,416
2028,adult#002,persistence,120,30.384819266939797,24.304551891643,30.89701831633081,404
2028,adult#002,cgm_trend,30,25.178757022736125,19.022918916109766,22.33852519554304,422
2028,adult#002,cgm_trend,60,45.433080135452244,34.83729652265636,39.72024749595094,416
2028,adult#002,cgm_trend,120,86.60959439451472,67.71528847160877,82.01947972420066,404
2028,adult#003,personal_twin,30,18.41869475506679,14.637716545018048,13.02624169410605,21
2028,adult#003,personal_twin,60,26.32502616071728,21.174875521155013,28.775289937715442,21
2028,adult#003,personal_twin,120,37.48260299479198,28.219547944459354,51.548525725623094,21
2028,adult#003,population_twin,30,68.2012115771428,43.41321265081987,25.297019362916924,21
2028,adult#003,population_twin,60,93.64515678063664,57.658602954458686,16.902940651619836,21
2028,adult#003,population_twin,120,90.22211150319795,52.006594672724574,47.963852092081716,21
2028,adult#003,lightgbm,30,17.880422194240303,13.716194976106545,7.961627172381197,21
2028,adult#003,lightgbm,60,28.784979898308475,22.048704652030583,23.037466265971766,21
2028,adult#003,lightgbm,120,35.919802644398295,27.507973337837644,42.58043387795139,21
2028,adult#003,persistence,30,21.320941192043374,16.725347759159188,11.595577537569097,21
2028,adult#003,persistence,60,33.82266524944173,26.605604541197362,29.186203595803395,21
2028,adult#003,persistence,120,48.45324375011205,38.328676658613546,87.24498826024214,21
2028,adult#003,cgm_trend,30,27.968787492581885,21.47310478747731,22.314788227926613,21
2028,adult#003,cgm_trend,60,54.93965039662918,42.079619431823446,71.18318378099126,21
2028,adult#003,cgm_trend,120,114.60795313431515,88.15790529869264,88.68580275695594,21
2028,adult#004,personal_twin,30,16.176242456106717,12.027087275129889,14.240014629864078,382
2028,adult#004,personal_twin,60,27.780266984742067,18.69140265463066,17.22808456429009,380
2028,adult#004,personal_twin,120,51.088946122842856,31.885938641948087,44.7085744899318,368
2028,adult#004,population_twin,30,103.67009724203113,57.48653037303188,26.84589334333877,382
2028,adult#004,population_twin,60,134.51096206808774,67.63153241665987,32.25414231441968,380
2028,adult#004,population_twin,120,152.37510315137177,63.572187166051044,188.99252120815947,368
2028,adult#004,lightgbm,30,17.750325217874646,13.087486305674119,18.357175768394402,382
2028,adult#004,lightgbm,60,31.387894053332985,22.372750497034424,34.25756567630483,380
2028,adult#004,lightgbm,120,45.0058345978515,33.8237772627306,58.62112490661373,368
2028,adult#004,persistence,30,29.016425559697957,20.33055109692594,20.078956040789784,382
2028,adult#004,persistence,60,47.35518235136876,32.540458901328584,38.10805355967928,380
2028,adult#004,persistence,120,64.8807301615663,46.5834938645965,74.69682014129525,368
2028,adult#004,cgm_trend,30,32.99125304112878,24.633190850769132,25.19008897401911,382
2028,adult#004,cgm_trend,60,71.92999283186947,51.90850264691089,48.01068378161953,380
2028,adult#004,cgm_trend,120,148.85756707011873,106.04887602916128,173.88213994284135,368
2028,adult#005,personal_twin,30,14.121274202231334,11.179728477034692,24.370234959432924,17
2028,adult#005,personal_twin,60,19.6926597879035,15.693130627363052,27.740946902506757,17
2028,adult#005,personal_twin,120,29.197048537290378,23.146313857082887,36.51517638563177,17
2028,adult#005,population_twin,30,40.721166653332524,27.18188100065776,16.232690926721663,17
2028,adult#005,population_twin,60,53.91814062566861,36.475380046875266,15.914083111570168,17
2028,adult#005,population_twin,120,51.96484427501674,40.008688126920475,47.63838283375836,17
2028,adult#005,lightgbm,30,12.902926703205601,9.836258859745492,31.625607857827514,17
2028,adult#005,lightgbm,60,18.017541734795397,13.713199856394045,48.19315302306243,17
2028,adult#005,lightgbm,120,23.201549846610536,17.947671067568894,71.04270665342831,17
2028,adult#005,persistence,30,18.189489491754394,14.008463398627836,34.74813949756261,17
2028,adult#005,persistence,60,28.073074203670846,22.048037661871607,49.28724053814014,17
2028,adult#005,persistence,120,38.58908923937901,30.899658877829125,70.1784477037005,17
2028,adult#005,cgm_trend,30,25.12005029524361,19.022431650227983,28.87487956645218,17
2028,adult#005,cgm_trend,60,47.91506996265797,36.513747592387816,64.60674297479652,17
2028,adult#005,cgm_trend,120,97.88105826055957,74.13206676720704,120.16941459519366,17
2028,adult#006,personal_twin,30,14.699182387153803,11.258216078062476,11.717530267370766,174
2028,adult#006,personal_twin,60,22.29385610640417,16.527151319057424,12.910001014503047,174
2028,adult#006,personal_twin,120,42.4380392085874,30.096826546414206,18.800395784026566,174
2028,adult#006,population_twin,30,89.32190036325561,53.46679798830813,31.068900626333534,174
2028,adult#006,population_twin,60,117.1731054240932,66.44105970754427,29.339565269819815,174
2028,adult#006,population_twin,120,100.9753615940189,58.62272954858535,35.35567658940509,174
2028,adult#006,lightgbm,30,14.169175814758516,11.049137308803783,13.544136234327151,174
2028,adult#006,lightgbm,60,24.272325234921553,18.708042167144367,29.22348699085773,174
2028,adult#006,lightgbm,120,39.53818595925677,31.033023949771238,54.776008137920364,174
2028,adult#006,persistence,30,19.813384323901865,14.287978299317594,12.85324659024074,174
2028,adult#006,persistence,60,33.908774549810296,24.698940486008475,19.691964864779933,174
2028,adult#006,persistence,120,56.965163279132355,42.8554193714875,46.630036759418886,174
2028,adult#006,cgm_trend,30,23.819666979934354,18.546824931792568,25.97410220512569,174
2028,adult#006,cgm_trend,60,44.863017484263786,35.28745525084273,43.8352451902419,174
2028,adult#006,cgm_trend,120,94.75123804019283,75.32343644084956,87.61940542159887,174
2028,adult#007,personal_twin,30,13.321306459441407,9.440579668596746,11.212812569524177,424
2028,adult#007,personal_twin,60,16.980227480930562,11.589820367842833,17.238283932636875,424
2028,adult#007,personal_twin,120,25.952409650590397,18.027867621431415,18.111125350636957,424
2028,adult#007,population_twin,30,47.21109787741293,28.185654164797594,30.305977307602394,424
2028,adult#007,population_twin,60,61.474644096737364,36.02846098863313,43.72910280299399,424
2028,adult#007,population_twin,120,49.76634179560332,32.58528168249927,33.467899891526145,424
2028,adult#007,lightgbm,30,12.369062297451634,9.149363330534461,11.705428896644504,424
2028,adult#007,lightgbm,60,16.4005392873389,12.022825463502386,15.309932706845325,424
2028,adult#007,lightgbm,120,23.17786410307311,18.338054214291866,26.536878070906727,424
2028,adult#007,persistence,30,18.539301358455752,13.877753301608788,11.57685648889407,424
2028,adult#007,persistence,60,28.28998091489037,21.29227945668391,18.99780048052332,424
2028,adult#007,persistence,120,42.896435393807984,34.35539622179919,41.68875521843028,424
2028,adult#007,cgm_trend,30,25.653305251459358,19.795426572151428,24.131550878679995,424
2028,adult#007,cgm_trend,60,46.46277689781396,36.04287503779304,43.03738379722597,424
2028,adult#007,cgm_trend,120,94.03238927021333,72.74575372528646,86.91010558267419,424
2028,adult#008,personal_twin,30,13.381466721416539,10.520292446752773,10.751187322298934,34
2028,adult#008,personal_twin,60,16.19241882019223,12.49236284933249,21.72197570601891,34
2028,adult#008,personal_twin,120,19.98987937457759,15.319661358407998,22.475087908076024,34
2028,adult#008,population_twin,30,26.82569108212253,18.745869627523334,16.679074966685388,34
2028,adult#008,population_twin,60,38.64273128049473,24.956019641964936,31.14311893740716,34
2028,adult#008,population_twin,120,37.72297081280467,24.78874327861787,32.786758100109424,34
2028,adult#008,lightgbm,30,14.65247564314027,11.352843500348849,5.220903026893787,34
2028,adult#008,lightgbm,60,26.90692126511703,19.087227622561535,9.84032864971766,34
2028,adult#008,lightgbm,120,41.59772802622195,33.08270619281044,32.8609525470739,34
2028,adult#008,persistence,30,16.44214001351575,12.80252891387825,10.347495889080912,34
2028,adult#008,persistence,60,22.714745855878025,17.591412771456543,17.574885341407974,34
2028,adult#008,persistence,120,31.925505067063764,24.873692829112425,19.985488561426738,34
2028,adult#008,cgm_trend,30,26.293800318542022,20.447930430700552,18.21116287661362,34
2028,adult#008,cgm_trend,60,46.97169734843066,36.27541163391362,34.24044861607897,34
2028,adult#008,cgm_trend,120,89.55159661673818,69.70038364322963,102.99759509917943,34
2028,adult#009,personal_twin,30,22.89660351853,18.4660629300737,12.441769566728514,155
2028,adult#009,personal_twin,60,34.63306173694044,27.889050707162255,22.112992968174595,155
2028,adult#009,personal_twin,120,49.36285817320532,39.2929139672378,37.48400430895199,155
2028,adult#009,population_twin,30,33.891979387132146,27.29911470505287,25.407216599898447,155
2028,adult#009,population_twin,60,51.40168401451422,42.530977276895065,46.16559698437583,155
2028,adult#009,population_twin,120,65.3438913466427,55.26793120929312,77.60415546466967,155
2028,adult#009,lightgbm,30,19.517635040053868,15.18857691086765,14.369674478523677,155
2028,adult#009,lightgbm,60,31.796072042634105,25.107451347832747,27.505592376638447,155
2028,adult#009,lightgbm,120,42.99512217882731,34.70459113546743,56.618550707198864,155
2028,adult#009,persistence,30,24.574830929192157,19.315314045707744,14.215920601996833,155
2028,adult#009,persistence,60,40.93378050855944,33.06120426312914,26.382171174753015,155
2028,adult#009,persistence,120,60.88293596758015,50.687041180191216,55.991793143387426,155
2028,adult#009,cgm_trend,30,28.54666412808683,22.349207633034727,20.821368278067382,155
2028,adult#009,cgm_trend,60,58.722333598522994,45.85890042967959,38.87503357184141,155
2028,adult#009,cgm_trend,120,124.2852682716024,97.93291491906622,74.60170212426074,155
2028,adult#010,personal_twin,30,14.92723775151372,11.55751535319609,14.37670118460479,123
2028,adult#010,personal_twin,60,23.884333080052045,17.278199260657193,17.374535099774626,123
2028,adult#010,personal_twin,120,42.272669110631476,29.37129963214534,22.886344645523895,123
2028,adult#010,population_twin,30,58.688674339815705,36.93809220498441,14.373003372581046,123
2028,adult#010,population_twin,60,80.36537383479984,48.35226587320425,14.579758948731824,123
2028,adult#010,population_twin,120,73.05081590065143,45.933343814767724,24.557097047392062,123
2028,adult#010,lightgbm,30,13.356566075955753,10.262026731408271,13.693052944235221,123
2028,adult#010,lightgbm,60,21.180186092119637,15.855975898358208,17.12595739120899,123
2028,adult#010,lightgbm,120,28.83564026159896,22.17048986363404,29.058260079569948,123
2028,adult#010,persistence,30,22.639381085114643,16.702057904227896,18.246117040883696,123
2028,adult#010,persistence,60,36.878441055227846,27.785310696720266,25.11660048627773,123
2028,adult#010,persistence,120,54.93235768611857,44.45304689922258,45.94016943748303,123
2028,adult#010,cgm_trend,30,27.74908001226846,21.719355482011583,35.052193231382546,123
2028,adult#010,cgm_trend,60,54.69452879914368,42.68918588115093,58.174586977454695,123
2028,adult#010,cgm_trend,120,115.16963044628143,88.37280165753648,111.80708111084147,123
2028,child#001,personal_twin,30,19.82384794258681,15.234110930489775,17.36092583161497,377
2028,child#001,personal_twin,60,33.37179509885141,23.188516843057073,22.8661701539296,373
2028,child#001,personal_twin,120,50.44218275394225,34.040521270011205,59.52504262556782,373
2028,child#001,population_twin,30,37.343722984277484,27.220062308581973,27.467119688005067,377
2028,child#001,population_twin,60,56.995822584332046,41.174488286125275,56.41044885210471,373
2028,child#001,population_twin,120,64.09696533281542,42.93818176005794,91.23996685762152,373
2028,child#001,lightgbm,30,19.415927649377657,14.218297785134792,16.256274602245153,377
2028,child#001,lightgbm,60,29.549968543889104,21.47563988827748,25.515930387406577,373
2028,child#001,lightgbm,120,39.596399919591576,28.476960983524204,42.045526274512255,373
2028,child#001,persistence,30,37.10410418114995,26.2604915530693,28.794632399948924,377
2028,child#001,persistence,60,57.6477191378061,39.700331705175834,68.01327559166558,373
2028,child#001,persistence,120,74.26091487805405,55.197284129611674,109.15383110259572,373
2028,child#001,cgm_trend,30,43.692630132027716,31.752082253615516,33.29108900024867,377
2028,child#001,cgm_trend,60,93.76363869585516,67.75577647776284,81.97678199532696,373
2028,child#001,cgm_trend,120,182.12893510801783,133.30070628651652,291.9685402379521,373
2028,child#002,personal_twin,30,13.156166481436136,10.376851737105302,11.830758335081907,658
2028,child#002,personal_twin,60,17.86093258147904,13.513958210560288,14.372415154175842,658
2028,child#002,personal_twin,120,29.207944988709436,20.196977855488004,17.40802154164513,658
2028,child#002,population_twin,30,126.59942861536162,77.72811125070501,45.21786228258039,658
2028,child#002,population_twin,60,175.660925933577,104.7632455836913,67.11950123916843,658
2028,child#002,population_twin,120,154.18923334559818,85.00818769269559,80.48462694120795,658
2028,child#002,lightgbm,30,12.096367832626836,9.5144258476026,13.434362287924866,658
2028,child#002,lightgbm,60,16.94445548335448,13.3657823231433,19.906304423858625,658
2028,child#002,lightgbm,120,23.98051863748251,19.06306601500098,27.82129946385838,658
2028,child#002,persistence,30,17.778100081229045,13.72534071243631,14.76833805921158,658
2028,child#002,persistence,60,27.91518554373166,21.048122339332682,21.34815283385403,658
2028,child#002,persistence,120,42.61975392156036,32.82317263179534,39.71616694528201,658
2028,child#002,cgm_trend,30,25.08197719208824,19.699611215309353,24.898850286794783,658
2028,child#002,cgm_trend,60,46.72158361262779,36.68394470733186,42.12257335027013,658
2028,child#002,cgm_trend,120,94.70966143761397,74.313979151381,83.47046913893247,658
2028,child#003,personal_twin,30,20.312000990008798,14.974725132213225,14.569899175430308,328
2028,child#003,personal_twin,60,32.66680649481299,22.932160380866833,20.209204347378066,328
2028,child#003,personal_twin,120,52.28727287381353,37.986212554631614,31.257802918601115,338
2028,child#003,population_twin,30,26.371796428897692,19.95396188634936,16.964933905648827,328
2028,child#003,population_twin,60,40.77826815059573,30.89551261448454,28.640338903620496,328
2028,child#003,population_twin,120,52.64008590326224,41.23593936434255,51.75030585535636,338
2028,child#003,lightgbm,30,18.688000893491672,13.653932815644682,14.26267790235958,328
2028,child#003,lightgbm,60,29.053752265728026,21.444086576010278,24.158185543836876,328
2028,child#003,lightgbm,120,34.54549128321551,27.49164538871213,39.860347566466274,338
2028,child#003,persistence,30,31.126241724875435,21.509559794207664,16.63941870966356,328
2028,child#003,persistence,60,49.075068167832676,34.62540729190135,34.780849912826135,328
2028,child#003,persistence,120,61.09432208615771,45.51002178199034,64.25344290049046,338
2028,child#003,cgm_trend,30,37.174049735933835,26.48586813297704,25.912988511211754,328
2028,child#003,cgm_trend,60,80.21298411683478,57.24255957007056,50.91602337322615,328
2028,child#003,cgm_trend,120,161.40256349536432,115.70602224264218,161.21607625859988,338
2028,child#004,personal_twin,30,14.392954990707647,11.1046892504271,14.78384324736234,747
2028,child#004,personal_twin,60,21.53426160941306,14.869402689898859,17.040507626077886,741
2028,child#004,personal_twin,120,44.826843324058494,26.731267058540226,51.58947124149952,732
2028,child#004,population_twin,30,127.71912722129551,82.22024358669954,89.81312850142227,747
2028,child#004,population_twin,60,172.86840635023853,109.78174914924367,141.8211523688394,741
2028,child#004,population_twin,120,156.5347760714143,86.1517061365366,205.575729518774,732
2028,child#004,lightgbm,30,18.810421753287027,13.352499559086628,23.062255985859952,747
2028,child#004,lightgbm,60,23.069663943256614,17.438616494473408,26.628849905276383,741
2028,child#004,lightgbm,120,30.66269012550653,23.690232002408642,31.475023876524684,732
2028,child#004,persistence,30,24.214646126640297,17.544481051393294,20.544844840958955,747
2028,child#004,persistence,60,37.085944102697425,25.995017919451225,37.2339280618495,741
2028,child#004,persistence,120,51.67013153003734,37.36467379325005,60.464131342616135,732
2028,child#004,cgm_trend,30,32.17833673857177,23.383896061603956,31.901015561996452,747
2028,child#004,cgm_trend,60,62.57156647461647,44.95242359995508,61.788994827614786,741
2028,child#004,cgm_trend,120,125.44402596839569,90.75839430620493,151.31678058442378,732
2028,child#005,personal_twin,30,15.536162348484046,11.651445175612443,13.51481907992041,538
2028,child#005,personal_twin,60,21.29213875648692,15.82860804529202,17.092314997600045,538
2028,child#005,personal_twin,120,42.28274946772847,28.32824965119509,34.88087326898127,538
2028,child#005,population_twin,30,123.38424955881989,74.7137627764676,79.99821201730585,538
2028,child#005,population_twin,60,153.4156300204819,89.14443776591763,89.2414730307323,538
2028,child#005,population_twin,120,130.56008452570342,69.32394951795355,91.74587890525464,538
2028,child#005,lightgbm,30,15.643943623617664,11.709792172363407,15.203213695262649,538
2028,child#005,lightgbm,60,23.50194521489844,17.484078739178905,20.38099561839696,538
2028,child#005,lightgbm,120,37.73593144329458,27.876286544900037,30.27870545453686,538
2028,child#005,persistence,30,24.537501608022783,16.977566150145083,17.252458943512856,538
2028,child#005,persistence,60,41.08911163259582,28.317502670493628,30.57119030713514,538
2028,child#005,persistence,120,64.06164393334568,46.32447170805426,60.40647952305836,538
2028,child#005,cgm_trend,30,27.355827087157355,20.608766097978627,26.545599290647576,538
2028,child#005,cgm_trend,60,54.27146119848198,40.214179422997894,49.09847166829656,538
2028,child#005,cgm_trend,120,117.90337448579501,86.78459879541936,113.38390886053818,538
2028,child#006,personal_twin,30,19.741938348155784,14.879711689927314,16.817876414625673,362
2028,child#006,personal_twin,60,32.67796552769426,22.91048609655904,23.49650136303978,362
2028,child#006,personal_twin,120,59.920247384936616,39.09817420303494,25.995690818722373,351
2028,child#006,population_twin,30,101.10870122264447,62.58169282705562,19.456472024440117,362
2028,child#006,population_twin,60,136.76478845171775,81.08580438211362,21.749897670771773,362
2028,child#006,population_twin,120,127.25916103595326,71.0591978214882,42.18811464340984,351
2028,child#006,lightgbm,30,17.59248821849134,13.068571351914459,13.208469697039057,362
2028,child#006,lightgbm,60,32.27670854290465,23.243135532899156,25.476980796999385,362
2028,child#006,lightgbm,120,47.265905078126536,34.12786866849383,32.91521274215816,351
2028,child#006,persistence,30,36.01775322195232,25.214237534577844,19.745392089015994,362
2028,child#006,persistence,60,60.249849585800256,42.595233227889935,38.441983557845816,362
2028,child#006,persistence,120,86.6586152232517,65.72007902312063,75.96943946978043,351
2028,child#006,cgm_trend,30,35.263743574920866,26.322815160741598,28.375628837745857,362
2028,child#006,cgm_trend,60,78.36279968956921,57.496465989209476,49.32913943471883,362
2028,child#006,cgm_trend,120,170.65823529145533,125.45983684924425,116.67084924686796,351
2028,child#007,personal_twin,30,13.609981469946003,10.640952704364167,11.728347052086276,426
2028,child#007,personal_twin,60,17.107701432622843,13.541428091965937,13.686527794348445,420
2028,child#007,personal_twin,120,27.507650735617993,20.635757524847186,16.991971057501434,408
2028,child#007,population_twin,30,103.61918649607748,66.93667773935884,48.97951444469019,426
2028,child#007,population_twin,60,140.20306711020459,87.48650127688784,59.03237917531806,420
2028,child#007,population_twin,120,115.34935223305258,71.00107963357918,74.2226820641509,408
2028,child#007,lightgbm,30,12.822239264821793,9.898698912151334,10.159473927139615,426
2028,child#007,lightgbm,60,16.951008769992907,12.770442748151844,12.373413296354233,420
2028,child#007,lightgbm,120,26.142387137868056,19.237577703805304,19.20366293713819,408
2028,child#007,persistence,30,18.722032976979488,14.570478427055365,16.28934339055174,426
2028,child#007,persistence,60,29.51952631985961,23.091286463868403,28.22794924898067,420
2028,child#007,persistence,120,46.44967424379883,35.99126660727847,59.14888736319584,408
2028,child#007,cgm_trend,30,23.86265556647306,18.54868922958496,23.505840121704242,426
2028,child#007,cgm_trend,60,43.479690100546115,34.17644768002867,39.76266537291358,420
2028,child#007,cgm_trend,120,90.33157218044606,71.33041584961434,88.24289255345921,408
2028,child#008,personal_twin,30,32.906866910473404,24.804176261306644,17.444127414296258,241
2028,child#008,personal_twin,60,61.7939127936635,42.733040139573994,24.301480545052232,241
2028,child#008,personal_twin,120,106.34318155239782,69.94197810345274,30.674573477910666,232
2028,child#008,population_twin,30,32.24562296252909,25.359804582073842,28.288167116515464,241
2028,child#008,population_twin,60,59.470986974204685,44.051377143876145,44.75067266236376,241
2028,child#008,population_twin,120,97.20960112987805,68.0969172836314,62.69466567302704,232
2028,child#008,lightgbm,30,21.04228123271282,14.569402698791576,12.821767475491837,241
2028,child#008,lightgbm,60,48.43078958507278,31.15922182134553,31.149595007901798,241
2028,child#008,lightgbm,120,69.86953723755776,49.14809220600546,57.30819282501915,232
2028,child#008,persistence,30,55.006636408160304,39.10748117032791,32.56408309188861,241
2028,child#008,persistence,60,91.096843476056,68.11522668473165,67.16472105064852,241
2028,child#008,persistence,120,123.42959067129362,98.71297539888091,134.0397224788271,232
2028,child#008,cgm_trend,30,55.63967725259617,39.64706471268103,33.88251530516017,241
2028,child#008,cgm_trend,60,131.4531923895905,92.60697561584011,54.49295985077206,241
2028,child#008,cgm_trend,120,262.747573945379,186.0039441893149,129.76326320638992,232
2028,child#009,personal_twin,30,14.986623300621108,11.240907511214353,11.651007166403803,419
2028,child#009,personal_twin,60,21.8674525691062,15.413922612007742,13.74614209466419,415
2028,child#009,personal_twin,120,33.74730671900987,22.952768859510346,30.521661242108753,403
2028,child#009,population_twin,30,48.62015312975987,35.259183967324624,34.53191670666786,419
2028,child#009,population_twin,60,75.31932838393536,54.32090529491109,63.7045551760145,415
2028,child#009,population_twin,120,75.00483347524847,55.58918086030798,98.7342026771421,403
2028,child#009,lightgbm,30,15.137199297662447,10.917886051157087,13.516560961946029,419
2028,child#009,lightgbm,60,20.855669504491964,15.617646708847781,17.47254256197938,415
2028,child#009,lightgbm,120,27.83098001939006,20.361567456668315,25.643114148280137,403
2028,child#009,persistence,30,24.984934677019403,18.258034310798006,22.356761756576102,419
2028,child#009,persistence,60,37.70107164789622,27.489548646631278,39.55389211607987,415
2028,child#009,persistence,120,50.90074734706962,38.99926622284508,73.54129721458776,403
2028,child#009,cgm_trend,30,34.31996704633775,25.562203378273725,36.733128871351305,419
2028,child#009,cgm_trend,60,67.15385853529365,50.02426373353745,64.49343192830115,415
2028,child#009,cgm_trend,120,130.02693196451915,95.77039086713167,172.51327848265328,403
2028,child#010,personal_twin,30,18.73277190332768,13.504144906288214,13.134726218113896,311
2028,child#010,personal_twin,60,34.49382451465351,22.24403876794699,13.018361926112679,311
2028,child#010,personal_twin,120,60.53407707989194,39.40138199156429,16.67922564952196,306
2028,child#010,population_twin,30,50.381880871100606,30.244577732319694,15.066679288030178,311
2028,child#010,population_twin,60,76.05754623449313,44.83909190853584,12.777368425762557,311
2028,child#010,population_twin,120,84.80916450178394,55.22538935240971,34.9658793101394,306
2028,child#010,lightgbm,30,16.395731373730627,11.561402283731322,11.869762250587643,311
2028,child#010,lightgbm,60,29.322731309359046,19.598851407377285,20.802902139998988,311
2028,child#010,lightgbm,120,44.17605426660881,30.901870123171012,41.551292669312446,306
2028,child#010,persistence,30,35.10418698526591,25.097677829128095,18.238911519027756,311
2028,child#010,persistence,60,58.0481952022904,42.13289501804871,31.1629934118574,311
2028,child#010,persistence,120,82.99263369659799,62.82407707509691,78.57957056583729,306
2028,child#010,cgm_trend,30,39.042904376462246,28.262129356692032,31.19589825965991,311
2028,child#010,cgm_trend,60,83.26933723381538,59.294158905493525,56.1813508282681,311
2028,child#010,cgm_trend,120,176.59396085448492,125.18457216653775,116.05999792154694,306
